0.08317208,0.06527861,0.1389936,0.06948789,0.14364,0.02426174,0.05506333,0.05926398,0.10884,0.1761535,0.01446962,0.06176413,0.004292464,0.03725116,0.06627172,0.1117418,0.01403089,0.1987825,0.1051762,0.198257,0.1195358,0.005859733,0.197543,0.1393145,0.03404639,0.1808647,0.1067642,0.0458777,0.009760546,0.06932425,
0.05506333,0.05926398,0.06527861,0.06627172,0.14364,0.08317208,0.1051762,0.03725116,0.06627172,0.1051762,0.06176413,0.05506333,0.009760546,0.06627172,0.08317208,0.03404639,0.05506333,0.06932425,0.02426174,0.06932425,0.0458777,0.0458777,0.06176413,0.05926398,0.06527861,0.06948789,0.06527861,0.05506333,0.08317208,0.0458777,
0.05506333,0.05506333,0.06527861,0.06527861,0.08317208,0.06627172,0.03725116,0.009760546,0.06948789,0.06527861,0.05506333,0.06932425,0.05506333,0.05506333,0.05506333,0.03725116,0.08317208,0.08317208,0.05506333,0.06527861,0.06948789,0.0458777,0.06932425,0.06527861,0.0458777,0.0458777,0.05926398,0.08317208,0.06948789,0.03404639,
0.05506333,0.05506333,0.05506333,0.08317208,0.06527861,0.0458777,0.05506333,0.05926398,0.06932425,0.05506333,0.09716567,0.05506333,0.0458777,0.0458777,0.06527861,0.06627172,0.05506333,0.05506333,0.06932425,0.05506333,0.05506333,0.06527861,0.06948789,0.07947027,0.06527861,0.05506333,0.05506333,0.08317208,0.06932425,0.06948789,
0.05506333,0.05506333,0.08317208,0.05506333,0.06627172,0.05506333,0.05506333,0.05506333,0.06932425,0.05506333,0.05506333,0.1248648,0.08317208,0.05506333,0.06932425,0.05506333,0.05506333,0.05506333,0.06932425,0.06627172,0.05506333,0.0458777,0.06932425,0.05506333,0.0458777,0.06932425,0.09716567,0.06527861,0.05926398,0.07947027,
0.0458777,0.0458777,0.05506333,0.06932425,0.05506333,0.05506333,0.06932425,0.05926398,0.06932425,0.06932425,0.06932425,0.0458777,0.05506333,0.05506333,0.05506333,0.06932425,0.05506333,0.05506333,0.06627172,0.05506333,0.05506333,0.08317208,0.06932425,0.05506333,0.05506333,0.05506333,0.05506333,0.05506333,0.09716567,0.08317208,
0.0458777,0.0458777,0.05506333,0.06932425,0.05506333,0.05506333,0.05506333,0.0458777,0.06932425,0.06932425,0.1978041,0.05506333,0.05506333,0.05506333,0.0458777,0.05506333,0.0458777,0.05506333,0.06932425,0.06932425,0.0458777,0.09716567,0.05506333,0.06932425,0.05506333,0.06932425,0.05506333,0.0458777,0.05506333,0.0458777,
0.0458777,0.0458777,0.06932425,0.0458777,0.05506333,0.1978041,0.01518159,0.05506333,0.05506333,0.06932425,0.05506333,0.05506333,0.05506333,0.05506333,0.05506333,0.0458777,0.0458777,0.05506333,0.05506333,0.0458777,0.0458777,0.0458777,0.1537253,0.0458777,0.06932425,0.05506333,0.0458777,0.1978041,0.0458777,0.05506333,
0.05506333,0.05506333,0.05506333,0.0458777,0.0458777,0.0458777,0.03653834,0.05506333,0.0458777,0.0458777,0.05506333,0.05506333,0.0458777,0.05506333,0.05506333,0.0458777,0.0458777,0.05506333,0.05506333,0.06932425,0.09303142,0.0458777,0.05506333,0.0458777,0.05506333,0.0458777,0.06932425,0.0458777,0.08915533,0.05506333,
0.05506333,0.05506333,0.09446255,0.05506333,0.0458777,0.05506333,0.05506333,0.0458777,0.05506333,0.09303142,0.05506333,0.0458777,0.0458777,0.05506333,0.05506333,0.0458777,0.06932425,0.05506333,0.05506333,0.05506333,0.05506333,0.05506333,0.05506333,0.06932425,0.05506333,0.0458777,0.07801022,0.05506333,0.05506333,0.0458777,
0.0458777,0.0458777,0.05506333,0.05506333,0.05506333,0.05506333,0.05506333,0.05506333,0.05506333,0.05506333,0.05506333,0.05506333,0.07801022,0.0458777,0.05506333,0.06932425,0.0458777,0.09303142,0.05506333,0.05506333,0.05506333,0.0458777,0.05506333,0.0458777,0.05506333,0.05506333,0.05506333,0.1039281,0.05506333,0.0458777,
0.0458777,0.0458777,0.05506333,0.05506333,0.0458777,0.0458777,0.0458777,0.05506333,0.05506333,0.05506333,0.0458777,0.0458777,0.1634264,0.05506333,0.05506333,0.05506333,0.05506333,0.0458777,0.0458777,0.0458777,0.05506333,0.05506333,0.05506333,0.05506333,0.0458777,0.05506333,0.05506333,0.05506333,0.05506333,0.1039281,
0.0458777,0.0458777,0.05506333,0.05506333,0.08647875,0.1317655,0.05506333,0.0458777,0.05506333,0.0458777,0.05506333,0.1039281,0.05506333,0.05506333,0.1634264,0.0458777,0.05506333,0.0458777,0.0458777,0.05506333,0.0458777,0.0458777,0.05506333,0.0458777,0.05506333,0.05506333,0.0458777,0.05506333,0.0458777,0.0458777,
0.0458777,0.0458777,0.0458777,0.05506333,0.05506333,0.0458777,0.05506333,0.0458777,0.05506333,0.0458777,0.05506333,0.0458777,0.0458777,0.05506333,0.05506333,0.08647875,0.0458777,0.08647875,0.0458777,0.05506333,0.0458777,0.0458777,0.0458777,0.05506333,0.0458777,0.0458777,0.05506333,0.0458777,0.05506333,0.05506333,
0.0458777,0.0458777,0.05506333,0.05506333,0.0458777,0.05506333,0.1022574,0.0458777,0.0458777,0.05506333,0.05506333,0.05506333,0.08647875,0.05506333,0.05506333,0.0458777,0.08647875,0.0458777,0.0458777,0.0458777,0.08647875,0.0458777,0.0458777,0.0458777,0.05506333,0.05506333,0.1590824,0.0458777,0.05506333,0.0458777,
0.0458777,0.0458777,0.1022574,0.0458777,0.05506333,0.0458777,0.05506333,0.0458777,0.05506333,0.05506333,0.0458777,0.05506333,0.05506333,0.0458777,0.05506333,0.05506333,0.0458777,0.0458777,0.05506333,0.0458777,0.0458777,0.05506333,0.05506333,0.0458777,0.05506333,0.0458777,0.0458777,0.05506333,0.0458777,0.0458777,
0.0458777,0.0458777,0.0458777,0.0458777,0.0458777,0.0458777,0.143181,0.0458777,0.05506333,0.0458777,0.05506333,0.0458777,0.0458777,0.05506333,0.0458777,0.0458777,0.0458777,0.0458777,0.0458777,0.05506333,0.0458777,0.0458777,0.0458777,0.05515889,0.05506333,0.05506333,0.0458777,0.0458777,0.05506333,0.05506333,
0.0458777,0.0458777,0.04743509,0.0458777,0.05506333,0.0458777,0.0458777,0.0458777,0.0458777,0.05506333,0.0458777,0.05506333,0.0458777,0.05506333,0.0458777,0.0458777,0.0458777,0.0458777,0.0458777,0.0458777,0.0458777,0.05506333,0.05506333,0.0458777,0.0458777,0.05506333,0.0458777,0.0458777,0.0458777,0.05506333,
0.0458777,0.0458777,0.05506333,0.0458777,0.0458777,0.05506333,0.0458777,0.05506333,0.0458777,0.1839847,0.0458777,0.05506333,0.0458777,0.0458777,0.0458777,0.05506333,0.0458777,0.0458777,0.0458777,0.0458777,0.0458777,0.0458777,0.0458777,0.0458777,0.0458777,0.01376298,0.0458777,0.0458777,0.05506333,0.0458777,
0.05506333,0.0458777,0.05506333,0.0458777,0.0458777,0.05506333,0.0458777,0.0458777,0.0458777,0.1607461,0.05506333,0.0458777,0.05506333,0.05506333,0.0458777,0.0458777,0.0458777,0.0458777,0.0458777,0.0458777,0.0458777,0.0458777,0.0458777,0.0458777,0.0458777,0.0458777,0.01376298,0.0458777,0.0458777,0.0458777,
0.05506333,0.05506333,0.0458777,0.0458777,0.0458777,0.05506333,0.0458777,0.0458777,0.0458777,0.0458777,0.0458777,0.0458777,0.0458777,0.01376298,0.0458777,0.0458777,0.0458777,0.0458777,0.0458777,0.05506333,0.0458777,0.05506333,0.05506333,0.1236645,0.0458777,0.0458777,0.1315848,0.0458777,0.0458777,0.0458777,
0.05506333,0.05506333,0.0458777,0.0458777,0.0458777,0.0458777,0.0458777,0.05506333,0.0458777,0.0458777,0.05506333,0.0458777,0.0458777,0.0458777,0.0458777,0.0458777,0.0458777,0.05506333,0.0458777,0.05506333,0.0458777,0.0458777,0.0458777,0.0458777,0.0458777,0.0458777,0.0458777,0.0458777,0.1236645,0.0458777,
0.0458777,0.0458777,0.05506333,0.0458777,0.05506333,0.0458777,0.0458777,0.0458777,0.0458777,0.0458777,0.05506333,0.0458777,0.05506333,0.0458777,0.0458777,0.0458777,0.0458777,0.0458777,0.0458777,0.05506333,0.0458777,0.05506333,0.0458777,0.0458777,0.05506333,0.0458777,0.05506333,0.05506333,0.0458777,0.0458777,
0.0458777,0.0458777,0.0458777,0.05527679,0.0458777,0.0458777,0.0458777,0.0458777,0.0458777,0.0458777,0.05506333,0.05506333,0.0458777,0.05506333,0.0458777,0.05506333,0.0458777,0.0458777,0.1018236,0.0458777,0.05506333,0.0458777,0.0458777,0.0458777,0.0458777,0.0458777,0.05506333,0.0458777,0.05506333,0.05506333,
0.0458777,0.0458777,0.0458777,0.0458777,0.1071551,0.0458777,0.0458777,0.0458777,0.0458777,0.0458777,0.0458777,0.0458777,0.0458777,0.0458777,0.05506333,0.0458777,0.05527679,0.05506333,0.0458777,0.0458777,0.0458777,0.05506333,0.05506333,0.0458777,0.0458777,0.0458777,0.05506333,0.01969259,0.0458777,0.05506333,
0.05506333,0.0458777,0.0458777,0.0458777,0.0458777,0.0458777,0.0458777,0.0458777,0.0458777,0.0458777,0.0458777,0.07511746,0.0458777,0.01969259,0.0458777,0.0458777,0.0458777,0.0458777,0.0458777,0.0458777,0.0458777,0.0458777,0.0458777,0.0458777,0.1735433,0.0458777,0.0458777,0.0458777,0.05506333,0.0458777,
0.05506333,0.0458777,0.0458777,0.0458777,0.0458777,0.05506333,0.0458777,0.0458777,0.0458777,0.0458777,0.0458777,0.0458777,0.05506333,0.0458777,0.0458777,0.0458777,0.0458777,0.0458777,0.0458777,0.0458777,0.0458777,0.0458777,0.0458777,0.0458777,0.07511746,0.07511746,0.0458777,0.0458777,0.0458777,0.0458777,
0.0458777,0.0458777,0.05506333,0.0458777,0.0458777,0.0458777,0.07511746,0.0458777,0.0458777,0.0458777,0.1358278,0.0458777,0.0458777,0.0458777,0.0458777,0.0458777,0.0458777,0.07511746,0.0458777,0.0458777,0.0458777,0.0458777,0.0458777,0.0458777,0.07511746,0.0458777,0.0458777,0.0458777,0.0458777,0.05506333,
0.0458777,0.0458777,0.0458777,0.0458777,0.0458777,0.07511746,0.1035478,0.0458777,0.05506333,0.0458777,0.0458777,0.0458777,0.1220224,0.0458777,0.0458777,0.0458777,0.0458777,0.0458777,0.0458777,0.0458777,0.02829387,0.07511746,0.0458777,0.0458777,0.0458777,0.0458777,0.0458777,0.0458777,0.0458777,0.0458777,
0.0458777,0.0458777,0.0458777,0.07511746,0.0458777,0.0458777,0.0458777,0.0458777,0.0458777,0.0458777,0.1970847,0.0458777,0.0458777,0.0458777,0.0458777,0.0458777,0.0458777,0.0458777,0.0458777,0.0458777,0.0458777,0.0458777,0.0458777,0.0458777,0.0458777,0.0458777,0.0458777,0.0458777,0.0458777,0.0458777,
0.0458777,0.0458777,0.0458777,0.0458777,0.0458777,0.0458777,0.0458777,0.0458777,0.0458777,0.0458777,0.0458777,0.0458777,0.07511746,0.0458777,0.0458777,0.0458777,0.0458777,0.0458777,0.0458777,0.0458777,0.0458777,0.0458777,0.0458777,0.0458777,0.1970847,0.0458777,0.0458777,0.0458777,0.0458777,0.1262187,
0.0458777,0.0458777,0.0458777,0.1970847,0.0458777,0.0458777,0.0458777,0.0458777,0.1756848,0.0458777,0.0458777,0.0458777,0.0458777,0.0458777,0.0458777,0.0458777,0.0458777,0.0458777,0.0458777,0.0458777,0.0458777,0.0458777,0.0458777,0.0458777,0.0458777,0.0458777,0.0458777,0.0458777,0.0458777,0.0458777,
0.0458777,0.0458777,0.0458777,0.0458777,0.0458777,0.0458777,0.0458777,0.0458777,0.0458777,0.0458777,0.0458777,0.0458777,0.0458777,0.0458777,0.0458777,0.1756848,0.0458777,0.0458777,0.0458777,0.0458777,0.0458777,0.0458777,0.0458777,0.0458777,0.0458777,0.0458777,0.0458777,0.0458777,0.06205088,0.1418612,
0.0458777,0.0458777,0.0458777,0.0458777,0.0458777,0.0458777,0.0458777,0.0458777,0.0458777,0.0458777,0.0458777,0.06205088,0.0458777,0.0458777,0.0458777,0.0458777,0.0458777,0.0458777,0.0458777,0.0458777,0.0458777,0.0458777,0.0458777,0.0458777,0.04147465,0.0458777,0.0458777,0.0458777,0.06205088,0.0458777,
0.04147465,0.0458777,0.06205088,0.0458777,0.0458777,0.0458777,0.0458777,0.0458777,0.0458777,0.0458777,0.0458777,0.0458777,0.0458777,0.0458777,0.0458777,0.0458777,0.0458777,0.0458777,0.0458777,0.0458777,0.0458777,0.0458777,0.0458777,0.06205088,0.04147465,0.0458777,0.04147465,0.0458777,0.0458777,0.0458777,
0.04147465,0.04147465,0.04147465,0.0458777,0.0458777,0.04147465,0.0458777,0.04147465,0.0458777,0.0458777,0.0458777,0.0458777,0.0458777,0.0458777,0.0458777,0.0458777,0.04147465,0.0458777,0.0458777,0.0458777,0.0458777,0.0458777,0.0458777,0.0458777,0.0458777,0.0458777,0.0458777,0.0458777,0.0458777,0.0458777,
0.04147465,0.04147465,0.0458777,0.01404209,0.0458777,0.0458777,0.0458777,0.04147465,0.0458777,0.04147465,0.0458777,0.0458777,0.0458777,0.0458777,0.0458777,0.0458777,0.04147465,0.0458777,0.0458777,0.0458777,0.0458777,0.0458777,0.0458777,0.0458777,0.0458777,0.04147465,0.0458777,0.0458777,0.0458777,0.0458777,
0.0458777,0.0458777,0.0458777,0.0458777,0.0458777,0.0458777,0.0458777,0.0458777,0.0458777,0.0458777,0.0458777,0.0458777,0.0458777,0.0458777,0.05057403,0.04147465,0.0458777,0.0458777,0.0458777,0.04147465,0.0458777,0.06031789,0.04147465,0.0458777,0.0458777,0.0458777,0.0458777,0.0458777,0.0458777,0.0458777,
0.05057403,0.06031789,0.0458777,0.0458777,0.04147465,0.0458777,0.0458777,0.0458777,0.04147465,0.0458777,0.0458777,0.06031789,0.0458777,0.0458777,0.0458777,0.0458777,0.06031789,0.06031789,0.0458777,0.0458777,0.0458777,0.0458777,0.04147465,0.0458777,0.0458777,0.04760668,0.0458777,0.0458777,0.0458777,0.0458777,
0.05057403,0.06031789,0.04147465,0.05057403,0.06031789,0.0458777,0.04760668,0.0458777,0.0458777,0.0458777,0.0458777,0.06031789,0.0458777,0.0458777,0.0458777,0.04147465,0.04147465,0.0458777,0.0458777,0.0458777,0.0458777,0.1653551,0.06031789,0.05057403,0.0458777,0.0458777,0.0458777,0.0458777,0.0458777,0.0458777,
0.05057403,0.05057403,0.0458777,0.0458777,0.0458777,0.0458777,0.04147465,0.04147465,0.0458777,0.0458777,0.05057403,0.05057403,0.0458777,0.0458777,0.06031789,0.0458777,0.0458777,0.06031789,0.04147465,0.0458777,0.0458777,0.05057403,0.06031789,0.0458777,0.06031789,0.0458777,0.04147465,0.06031789,0.0458777,0.04147465,
0.04147465,0.04147465,0.06031789,0.0458777,0.06031789,0.0458777,0.05057403,0.0458777,0.04147465,0.0458777,0.0458777,0.06031789,0.05057403,0.0458777,0.0458777,0.0458777,0.0458777,0.0458777,0.0458777,0.04147465,0.1131489,0.0458777,0.06031789,0.05057403,0.1906392,0.0458777,0.04147465,0.0458777,0.0458777,0.0458777,
0.04147465,0.04147465,0.0458777,0.0458777,0.0458777,0.0458777,0.05057403,0.0458777,0.04147465,0.0458777,0.0458777,0.0458777,0.06031789,0.04147465,0.0458777,0.0458777,0.1131489,0.1297146,0.0458777,0.05057403,0.05057403,0.04147465,0.04147465,0.1416916,0.0458777,0.0458777,0.0458777,0.0458777,0.0458777,0.0458777,
0.04147465,0.04147465,0.0458777,0.0458777,0.05057403,0.0458777,0.05057403,0.06386622,0.0458777,0.0458777,0.06031789,0.04147465,0.0458777,0.0458777,0.0458777,0.05057403,0.0458777,0.04147465,0.0458777,0.0458777,0.05057403,0.0458777,0.04147465,0.0458777,0.0458777,0.0458777,0.04147465,0.08949858,0.0458777,0.0458777,
0.04147465,0.04147465,0.0458777,0.0458777,0.05057403,0.0458777,0.0458777,0.0458777,0.0458777,0.04147465,0.04147465,0.04147465,0.0458777,0.04147465,0.0458777,0.05057403,0.0458777,0.04147465,0.0458777,0.0458777,0.04147465,0.08949858,0.0458777,0.06031789,0.0458777,0.0458777,0.05057403,0.0458777,0.04147465,0.05057403,
0.04147465,0.04147465,0.05057403,0.0458777,0.0458777,0.0458777,0.0458777,0.0458777,0.05057403,0.0458777,0.0458777,0.05057403,0.04147465,0.04147465,0.04147465,0.04147465,0.04147465,0.05057403,0.0458777,0.04147465,0.04147465,0.05057403,0.08949858,0.04147465,0.05057403,0.04147465,0.0458777,0.04147465,0.0458777,0.04147465,
0.04147465,0.04147465,0.0458777,0.0458777,0.04147465,0.04147465,0.0458777,0.1176251,0.04147465,0.04147465,0.0458777,0.04147465,0.04147465,0.0458777,0.0458777,0.04147465,0.0458777,0.04147465,0.04147465,0.0458777,0.04147465,0.04147465,0.04147465,0.04147465,0.05057403,0.04147465,0.0458777,0.04147465,0.0458777,0.04147465,
0.04147465,0.04147465,0.04147465,0.04147465,0.04147465,0.04147465,0.0458777,0.04147465,0.04147465,0.04090297,0.0458777,0.04147465,0.04147465,0.04147465,0.0458777,0.04147465,0.0458777,0.04147465,0.04147465,0.0458777,0.04147465,0.0458777,0.04147465,0.04147465,0.04147465,0.04147465,0.04147465,0.05057403,0.0458777,0.04147465,
0.04090297,0.04147465,0.04147465,0.0458777,0.04147465,0.0458777,0.0458777,0.1368801,0.1571227,0.04147465,0.0458777,0.04147465,0.04147465,0.04147465,0.04147465,0.0458777,0.04147465,0.04147465,0.04147465,0.1176303,0.04147465,0.04147465,0.04147465,0.04147465,0.0458777,0.0458777,0.04147465,0.110512,0.04147465,0.04147465,
0.04090297,0.04147465,0.04147465,0.04090297,0.0458777,0.04090297,0.04147465,0.01910241,0.04147465,0.0458777,0.04147465,0.0458777,0.0458777,0.04147465,0.09101599,0.04147465,0.1761584,0.04147465,0.04147465,0.0458777,0.04147465,0.04147465,0.04147465,0.04147465,0.04147465,0.04147465,0.0458777,0.04147465,0.04147465,0.04147465,
0.0458777,0.0458777,0.04147465,0.04147465,0.04147465,0.04147465,0.04147465,0.04147465,0.04090297,0.0458777,0.04147465,0.04147465,0.04090297,0.01910241,0.0458777,0.0458777,0.04147465,0.04147465,0.04090297,0.0458777,0.0458777,0.04147465,0.04147465,0.04147465,0.0458777,0.04147465,0.0458777,0.04147465,0.0458777,0.1416175,
0.0458777,0.0458777,0.0458777,0.0458777,0.0458777,0.04147465,0.04147465,0.0458777,0.1379293,0.04147465,0.0458777,0.04090297,0.0458777,0.04147465,0.04147465,0.0458777,0.04147465,0.0458777,0.04147465,0.0458777,0.04147465,0.04147465,0.04147465,0.04147465,0.04147465,0.04147465,0.04147465,0.0458777,0.0458777,0.04147465,
0.04090297,0.04147465,0.04147465,0.04147465,0.0458777,0.04147465,0.0458777,0.04147465,0.04147465,0.04147465,0.04147465,0.0458777,0.04147465,0.04147465,0.04147465,0.04147465,0.04147465,0.0458777,0.113946,0.07860561,0.04147465,0.0458777,0.04147465,0.04147465,0.0458777,0.0458777,0.04147465,0.0458777,0.04090297,0.1379293,
0.04090297,0.04090297,0.04147465,0.04147465,0.0458777,0.04147465,0.04147465,0.04147465,0.04147465,0.0458777,0.04147465,0.04147465,0.04147465,0.0458777,0.04090297,0.0458777,0.04090297,0.0458777,0.04147465,0.0458777,0.0458777,0.0458777,0.04147465,0.0458777,0.04147465,0.04147465,0.04147465,0.04147465,0.04147465,0.07860561,
0.04090297,0.04147465,0.04147465,0.01223462,0.04090297,0.04147465,0.04147465,0.0458777,0.0458777,0.0458777,0.04147465,0.04147465,0.04147465,0.04090297,0.0458777,0.0458777,0.04147465,0.04147465,0.04147465,0.07860561,0.04147465,0.04147465,0.04147465,0.0458777,0.04090297,0.0458777,0.04147465,0.04147465,0.0458777,0.04147465,
0.0458777,0.0458777,0.0458777,0.145779,0.0458777,0.04090297,0.0458777,0.0458777,0.04147465,0.04147465,0.04147465,0.04090297,0.0458777,0.0458777,0.04090297,0.04147465,0.04147465,0.0458777,0.04147465,0.0458777,0.04147465,0.0458777,0.0458777,0.04147465,0.04147465,0.04090297,0.0458777,0.0458777,0.04147465,0.04147465,
0.0458777,0.0458777,0.1123101,0.0458777,0.04147465,0.04147465,0.0458777,0.04147465,0.04090297,0.04147465,0.0458777,0.04090297,0.0458777,0.0458777,0.0458777,0.0458777,0.0458777,0.0458777,0.04147465,0.04147465,0.04147465,0.04147465,0.04147465,0.0458777,0.04147465,0.04147465,0.04090297,0.0458777,0.0458777,0.0458777,
0.04090297,0.04090297,0.04147465,0.0843763,0.04147465,0.04090297,0.04090297,0.0458777,0.0458777,0.0458777,0.0458777,0.04147465,0.0458777,0.04147465,0.04090297,0.0458777,0.04090297,0.04090297,0.0458777,0.0458777,0.04147465,0.04147465,0.0458777,0.04147465,0.04090297,0.04147465,0.04147465,0.04090297,0.04090297,0.04090297,
0.04090297,0.04090297,0.04147465,0.04147465,0.0458777,0.04090297,0.0458777,0.1858474,0.04090297,0.0458777,0.04147465,0.04090297,0.04090297,0.0458777,0.04090297,0.04147465,0.04090297,0.04090297,0.0843763,0.0458777,0.1368501,0.04090297,0.04147465,0.04090297,0.1663661,0.0458777,0.04147465,0.04147465,0.04090297,0.04090297,
0.04090297,0.04147465,0.1049392,0.04147465,0.0458777,0.04147465,0.04090297,0.04090297,0.04090297,0.04090297,0.0458777,0.0458777,0.04147465,0.04147465,0.0458777,0.04090297,0.04147465,0.04090297,0.04090297,0.04147465,0.04090297,0.04090297,0.04090297,0.04090297,0.0458777,0.04090297,0.04147465,0.04090297,0.04147465,0.04090297,
0.04090297,0.04090297,0.04147465,0.0458777,0.04090297,0.04090297,0.04090297,0.04090297,0.04090297,0.04090297,0.04090297,0.04090297,0.08874945,0.04147465,0.0458777,0.04090297,0.04147465,0.04090297,0.04090297,0.04090297,0.04090297,0.04090297,0.0458777,0.0458777,0.1879625,0.04147465,0.04147465,0.04090297,0.04147465,0.04090297,
0.04090297,0.04090297,0.04090297,0.04090297,0.04090297,0.04090297,0.04090297,0.04090297,0.04147465,0.04090297,0.04090297,0.04147465,0.04090297,0.04090297,0.0458777,0.04147465,0.04090297,0.04090297,0.0458777,0.04090297,0.04090297,0.04147465,0.04090297,0.04090297,0.04147465,0.04147465,0.04090297,0.04147465,0.04147465,0.04090297,
0.04090297,0.04090297,0.04090297,0.04090297,0.04090297,0.04090297,0.04147465,0.04090297,0.04090297,0.04090297,0.04147465,0.04147465,0.04147465,0.04090297,0.04090297,0.04090297,0.04147465,0.04090297,0.04147465,0.0458777,0.04090297,0.04147465,0.04090297,0.04147465,0.04147465,0.04147465,0.04090297,0.04147465,0.04147465,0.04090297,
0.04090297,0.04147465,0.04147465,0.04147465,0.04090297,0.04090297,0.04090297,0.04090297,0.04147465,0.04090297,0.1354851,0.04090297,0.04090297,0.04147465,0.04147465,0.04147465,0.04090297,0.04090297,0.04090297,0.04147465,0.04147465,0.04147465,0.04147465,0.04090297,0.04090297,0.04147465,0.0458777,0.04090297,0.04147465,0.04147465,
0.04090297,0.04090297,0.04090297,0.04147465,0.04147465,0.04147465,0.04090297,0.04090297,0.04090297,0.04090297,0.04090297,0.04147465,0.04147465,0.04147465,0.04147465,0.04090297,0.04147465,0.04090297,0.04090297,0.04090297,0.04147465,0.04147465,0.04147465,0.0458777,0.04147465,0.04147465,0.04090297,0.04147465,0.04090297,0.04090297,
0.04090297,0.04147465,0.04147465,0.04090297,0.04090297,0.04090297,0.04147465,0.04147465,0.04147465,0.04147465,0.04147465,0.04090297,0.04147465,0.04090297,0.04090297,0.04090297,0.04147465,0.04147465,0.09717356,0.04147465,0.04147465,0.04147465,0.1759059,0.04147465,0.04090297,0.04090297,0.04147465,0.04147465,0.04147465,0.04147465,
0.04090297,0.04147465,0.04090297,0.04147465,0.04147465,0.04090297,0.04147465,0.04090297,0.04090297,0.04147465,0.04147465,0.04147465,0.04090297,0.04147465,0.04090297,0.04147465,0.04090297,0.04147465,0.09717356,0.04090297,0.04090297,0.04147465,0.04147465,0.04147465,0.09717356,0.04090297,0.04147465,0.04147465,0.04147465,0.04090297,
0.04090297,0.04090297,0.04147465,0.04090297,0.04147465,0.04090297,0.04090297,0.04147465,0.04090297,0.04090297,0.04090297,0.04147465,0.04090297,0.04147465,0.04090297,0.04090297,0.04090297,0.04147465,0.04147465,0.04090297,0.04090297,0.04090297,0.04090297,0.05178756,0.04090297,0.04090297,0.04090297,0.04090297,0.04147465,0.04147465,
0.04090297,0.04090297,0.04090297,0.04090297,0.04090297,0.04090297,0.04090297,0.04147465,0.04090297,0.04090297,0.04090297,0.04147465,0.04090297,0.04090297,0.04147465,0.04090297,0.04090297,0.04147465,0.04147465,0.04147465,0.04090297,0.04090297,0.04090297,0.04147465,0.04090297,0.04147465,0.04147465,0.04090297,0.04090297,0.08056957,
0.04090297,0.04090297,0.04090297,0.04090297,0.04147465,0.04090297,0.04090297,0.04090297,0.04090297,0.04147465,0.04147465,0.04090297,0.04090297,0.04090297,0.04090297,0.04090297,0.04147465,0.04090297,0.04090297,0.04090297,0.04090297,0.04147465,0.04147465,0.04090297,0.04090297,0.04090297,0.04090297,0.04090297,0.04090297,0.04147465,
0.04090297,0.04147465,0.04090297,0.04090297,0.04147465,0.04090297,0.04147465,0.04090297,0.04090297,0.04147465,0.04090297,0.04090297,0.04090297,0.04090297,0.04147465,0.04090297,0.04090297,0.04090297,0.04090297,0.04147465,0.04090297,0.04147465,0.04090297,0.04090297,0.04147465,0.04147465,0.04090297,0.04090297,0.04147465,0.04090297,
0.04090297,0.04090297,0.04147465,0.04147465,0.04090297,0.04147465,0.04090297,0.04090297,0.04090297,0.04147465,0.04090297,0.04147465,0.04090297,0.04090297,0.04090297,0.04090297,0.04090297,0.04147465,0.04090297,0.04147465,0.04090297,0.04147465,0.04147465,0.07934965,0.04090297,0.04090297,0.04090297,0.04090297,0.04147465,0.04090297,
0.04090297,0.04090297,0.04090297,0.04090297,0.04147465,0.04090297,0.04090297,0.07934965,0.04147465,0.04147465,0.04090297,0.04090297,0.04147465,0.04090297,0.04147465,0.04090297,0.04147465,0.04147465,0.04090297,0.04090297,0.04090297,0.04090297,0.04090297,0.04090297,0.01176884,0.04090297,0.04147465,0.04147465,0.04147465,0.04090297,
0.04147465,0.04090297,0.04090297,0.04147465,0.04147465,0.04090297,0.04147465,0.1234116,0.1609446,0.04090297,0.04090297,0.04147465,0.04090297,0.04147465,0.04090297,0.07934965,0.04147465,0.04090297,0.04090297,0.04090297,0.04090297,0.04090297,0.04147465,0.04090297,0.04090297,0.04090297,0.04090297,0.04090297,0.04090297,0.04147465,
0.04147465,0.04090297,0.1609446,0.04147465,0.04090297,0.04147465,0.04090297,0.04147465,0.04147465,0.04090297,0.04090297,0.04147465,0.04090297,0.04090297,0.04090297,0.04147465,0.04090297,0.04147465,0.04147465,0.04090297,0.04090297,0.04090297,0.07934965,0.04147465,0.04090297,0.04090297,0.07934965,0.04090297,0.04090297,0.04090297,
0.04090297,0.04147465,0.04090297,0.04147465,0.04090297,0.04090297,0.04090297,0.04147465,0.04090297,0.04090297,0.04147465,0.04147465,0.04147465,0.04090297,0.04090297,0.04147465,0.04090297,0.04090297,0.04147465,0.04147465,0.1546934,0.04090297,0.09662308,0.07934965,0.04090297,0.04090297,0.04090297,0.04090297,0.04090297,0.04090297,
0.04090297,0.04147465,0.04147465,0.09662308,0.04147465,0.04090297,0.04090297,0.04090297,0.04090297,0.04090297,0.04147465,0.04090297,0.04147465,0.04147465,0.04090297,0.04090297,0.04147465,0.06422907,0.04090297,0.04147465,0.04090297,0.1767677,0.04090297,0.04147465,0.04090297,0.04147465,0.04090297,0.04090297,0.04147465,0.04090297,
0.04090297,0.04147465,0.04090297,0.04090297,0.04090297,0.04147465,0.04090297,0.04147465,0.04090297,0.09517826,0.04090297,0.04147465,0.04090297,0.04090297,0.04090297,0.04090297,0.04090297,0.09662308,0.04090297,0.04147465,0.04090297,0.002921295,0.04147465,0.04090297,0.04147465,0.04147465,0.1554845,0.04147465,0.04090297,0.04090297,
0.04090297,0.04147465,0.04090297,0.1554845,0.04090297,0.04090297,0.04090297,0.04090297,0.04090297,0.04147465,0.04090297,0.04147465,0.04147465,0.04147465,0.04090297,0.04147465,0.04090297,0.04090297,0.04090297,0.04147465,0.04090297,0.04147465,0.04147465,0.04147465,0.04147465,0.04090297,0.1941025,0.04090297,0.04090297,0.04090297,
0.04090297,0.04090297,0.04147465,0.04090297,0.04090297,0.04090297,0.04147465,0.04147465,0.04090297,0.04090297,0.04147465,0.1703959,0.09269325,0.04147465,0.04147465,0.04147465,0.04147465,0.04147465,0.04147465,0.04090297,0.04090297,0.04090297,0.04147465,0.04147465,0.04090297,0.04147465,0.04147465,0.04147465,0.1941025,0.04147465,
0.04090297,0.04090297,0.04090297,0.04090297,0.04147465,0.1423564,0.04090297,0.04090297,0.04147465,0.04090297,0.04090297,0.04090297,0.04147465,0.04147465,0.04147465,0.04147465,0.04090297,0.04090297,0.09269325,0.04147465,0.04147465,0.04090297,0.04147465,0.1429884,0.04147465,0.04090297,0.09269325,0.04090297,0.04090297,0.04147465,
0.04090297,0.04147465,0.04090297,0.04147465,0.04090297,0.1447301,0.05248307,0.04090297,0.04090297,0.04090297,0.04090297,0.04147465,0.04090297,0.04090297,0.04090297,0.04147465,0.04090297,0.04147465,0.04147465,0.04090297,0.04147465,0.04090297,0.04090297,0.04090297,0.04147465,0.04090297,0.04090297,0.04147465,0.04090297,0.04090297,
0.04090297,0.04090297,0.05248307,0.04090297,0.04090297,0.04147465,0.1201091,0.04090297,0.04147465,0.04090297,0.04147465,0.04147465,0.04147465,0.001741338,0.04090297,0.04147465,0.04147465,0.04090297,0.04090297,0.04090297,0.04090297,0.04090297,0.04147465,0.04147465,0.04090297,0.04147465,0.04090297,0.04147465,0.04147465,0.04090297,
0.04147465,0.04090297,0.04147465,0.1318304,0.04090297,0.04090297,0.04090297,0.04090297,0.04147465,0.04147465,0.09637457,0.04090297,0.04147465,0.1728915,0.04090297,0.04090297,0.04090297,0.04090297,0.1390939,0.04147465,0.04090297,0.04147465,0.04090297,0.04090297,0.04147465,0.04090297,0.04090297,0.04147465,0.04090297,0.04090297,
0.04090297,0.04147465,0.04147465,0.04090297,0.04147465,0.04090297,0.04090297,0.04090297,0.04147465,0.04090297,0.04090297,0.04090297,0.04147465,0.04090297,0.04090297,0.1318304,0.04090297,0.04090297,0.04090297,0.04147465,0.04147465,0.04090297,0.04090297,0.04090297,0.04090297,0.09637457,0.04090297,0.04147465,0.04090297,0.04147465,
0.04090297,0.04090297,0.04147465,0.04147465,0.04147465,0.04090297,0.04090297,0.04147465,0.04090297,0.04090297,0.04090297,0.04090297,0.04090297,0.04147465,0.09637457,0.04090297,0.04090297,0.1031993,0.04090297,0.04090297,0.04090297,0.04090297,0.04147465,0.04090297,0.04090297,0.04090297,0.04147465,0.04147465,0.04147465,0.04090297,
0.04090297,0.04147465,0.04147465,0.04090297,0.04090297,0.04147465,0.04090297,0.04090297,0.04090297,0.04090297,0.04090297,0.04147465,0.04090297,0.04090297,0.04147465,0.04147465,0.04147465,0.04147465,0.04147465,0.1031993,0.04090297,0.04147465,0.04090297,0.04147465,0.04090297,0.04090297,0.04090297,0.04147465,0.04090297,0.04147465,
0.04090297,0.04090297,0.04090297,0.04147465,0.04147465,0.04090297,0.04090297,0.07757282,0.04147465,0.04147465,0.04090297,0.04147465,0.04090297,0.04147465,0.04147465,0.04090297,0.04147465,0.008599877,0.04090297,0.04090297,0.04090297,0.04147465,0.04147465,0.04090297,0.04147465,0.04147465,0.04147465,0.04147465,0.1031993,0.04090297,
0.04147465,0.04090297,0.04090297,0.04147465,0.04147465,0.04090297,0.04090297,0.04090297,0.04147465,0.04090297,0.04147465,0.04147465,0.04090297,0.04147465,0.04090297,0.04147465,0.04147465,0.04090297,0.04147465,0.04147465,0.04090297,0.04090297,0.04090297,0.04090297,0.04090297,0.04147465,0.04147465,0.04147465,0.04147465,0.04090297,
0.04090297,0.04147465,0.04147465,0.04147465,0.04147465,0.04090297,0.04090297,0.04090297,0.04147465,0.04090297,0.04147465,0.04147465,0.04147465,0.04147465,0.04147465,0.04147465,0.04090297,0.04147465,0.04090297,0.04090297,0.04090297,0.04090297,0.04147465,0.04147465,0.04147465,0.04090297,0.04147465,0.04147465,0.04147465,0.04147465,
0.04090297,0.04090297,0.04090297,0.04090297,0.04147465,0.04147465,0.09221317,0.04147465,0.04147465,0.04147465,0.04090297,0.04554605,0.04147465,0.04147465,0.04147465,0.04147465,0.04147465,0.04090297,0.04147465,0.04147465,0.04147465,0.04090297,0.04147465,0.04147465,0.04090297,0.04090297,0.04147465,0.04090297,0.04090297,0.04090297,
0.04090297,0.04090297,0.04147465,0.1628646,0.1831042,0.04147465,0.04147465,0.04090297,0.04090297,0.04147465,0.04147465,0.04147465,0.04147465,0.04147465,0.04090297,0.04147465,0.04147465,0.04147465,0.04147465,0.04147465,0.04147465,0.04147465,0.04090297,0.04147465,0.04147465,0.04147465,0.04090297,0.04090297,0.04147465,0.02590105,
0.04090297,0.04147465,0.04147465,0.04147465,0.04147465,0.04147465,0.04147465,0.04147465,0.04147465,0.04147465,0.04147465,0.1628646,0.04147465,0.04090297,0.04090297,0.04147465,0.04147465,0.04090297,0.04147465,0.04147465,0.04147465,0.04147465,0.04147465,0.04147465,0.04090297,0.04090297,0.04147465,0.04147465,0.04090297,0.04147465,
0.04147465,0.04147465,0.04147465,0.04147465,0.04147465,0.04147465,0.04147465,0.04147465,0.04147465,0.04147465,0.04090297,0.04147465,0.04147465,0.04147465,0.04147465,0.04688215,0.04147465,0.04147465,0.04147465,0.04147465,0.04147465,0.04147465,0.04090297,0.04090297,0.04147465,0.1648062,0.04147465,0.04147465,0.04090297,0.04147465,
0.04147465,0.04147465,0.04147465,0.04147465,0.04147465,0.04147465,0.04090297,0.04147465,0.04090297,0.04090297,0.04147465,0.04147465,0.04147465,0.04090297,0.04147465,0.04090297,0.04147465,0.04147465,0.04147465,0.04147465,0.04147465,0.04688215,0.04147465,0.04147465,0.04147465,0.04147465,0.04147465,0.04147465,0.04147465,0.04688215,
0.04090297,0.04147465,0.04147465,0.04147465,0.04147465,0.04147465,0.04147465,0.04147465,0.04090297,0.04688215,0.02499187,0.04147465,0.04147465,0.04147465,0.04147465,0.04147465,0.04147465,0.04147465,0.04090297,0.04147465,0.04147465,0.04090297,0.04147465,0.04147465,0.04147465,0.1240659,0.04147465,0.002198362,0.04147465,0.04147465,
0.04147465,0.04147465,0.1072816,0.04147465,0.04147465,0.04147465,0.04688215,0.1061737,0.04147465,0.04147465,0.04147465,0.04147465,0.04147465,0.04090297,0.04147465,0.04147465,0.04147465,0.04147465,0.04147465,0.04147465,0.09930295,0.04090297,0.04147465,0.04147465,0.04147465,0.04147465,0.04090297,0.04090297,0.04147465,0.04090297,
0.04147465,0.04147465,0.04147465,0.04147465,0.04147465,0.04090297,0.04090297,0.04147465,0.04147465,0.04147465,0.04090297,0.04090297,0.04147465,0.1354546,0.04147465,0.04147465,0.04147465,0.04147465,0.1548301,0.1721011,0.04090297,0.04090297,0.04147465,0.04147465,0.04147465,0.1976254,0.04090297,0.04147465,0.04147465,0.04090297,
0.04090297,0.04147465,0.04147465,0.04090297,0.04090297,0.1721011,0.04147465,0.04147465,0.04147465,0.04090297,0.04090297,0.04147465,0.04147465,0.04147465,0.04147465,0.04147465,0.04147465,0.04147465,0.04090297,0.04147465,0.04147465,0.04147465,0.1548301,0.04147465,0.04147465,0.04090297,0.04147465,0.07623602,0.04147465,0.04147465,
0.04090297,0.04090297,0.04090297,0.04147465,0.1502858,0.04090297,0.04147465,0.04147465,0.04147465,0.04147465,0.04147465,0.04147465,0.04147465,0.04090297,0.04147465,0.04147465,0.04090297,0.04147465,0.04090297,0.04090297,0.04147465,0.04090297,0.04147465,0.04147465,0.04090297,0.04090297,0.04147465,0.04090297,0.04147465,0.04090297,
0.04090297,0.04090297,0.04090297,0.04147465,0.04090297,0.04147465,0.04090297,0.04147465,0.04090297,0.04147465,0.1210308,0.04090297,0.04090297,0.04090297,0.04090297,0.04090297,0.04090297,0.04147465,0.04090297,0.04090297,0.1502858,0.04147465,0.04090297,0.04147465,0.04090297,0.04147465,0.04147465,0.04147465,0.04147465,0.04147465,
0.04090297,0.04090297,0.04147465,0.04147465,0.04090297,0.1210308,0.04090297,0.04090297,0.04090297,0.04090297,0.04090297,0.04090297,0.04090297,0.04147465,0.04090297,0.04090297,0.04147465,0.04147465,0.04090297,0.04147465,0.04090297,0.04147465,0.04090297,0.04147465,0.04147465,0.07020801,0.04090297,0.04090297,0.04090297,0.04090297,
0.04090297,0.04147465,0.04147465,0.04090297,0.04147465,0.1690767,0.04090297,0.04147465,0.04090297,0.04090297,0.04090297,0.119606,0.04147465,0.04090297,0.04090297,0.04090297,0.07020801,0.04147465,0.04090297,0.04147465,0.04147465,0.04090297,0.04090297,0.04090297,0.04090297,0.05580996,0.04090297,0.04090297,0.04147465,0.04090297,
0.04090297,0.04147465,0.04090297,0.07433404,0.04090297,0.04090297,0.04147465,0.04090297,0.04147465,0.04147465,0.04147465,0.119606,0.04147465,0.04090297,0.04090297,0.1586462,0.04147465,0.04147465,0.04090297,0.04090297,0.04090297,0.04090297,0.04090297,0.04090297,0.05580996,0.04090297,0.1041167,0.04090297,0.04147465,0.04147465,
0.04090297,0.04147465,0.04147465,0.04090297,0.04090297,0.119606,0.04090297,0.04090297,0.04090297,0.04147465,0.04090297,0.04147465,0.04090297,0.04090297,0.04090297,0.04147465,0.04147465,0.04147465,0.04147465,0.04090297,0.04147465,0.04090297,0.04147465,0.04147465,0.05580996,0.1381979,0.119606,0.04090297,0.04090297,0.04147465,
0.04090297,0.04147465,0.04147465,0.04147465,0.04090297,0.04147465,0.04090297,0.1381979,0.04147465,0.04090297,0.04090297,0.04147465,0.04090297,0.1381979,0.04147465,0.04090297,0.04090297,0.04147465,0.04090297,0.04147465,0.04090297,0.04090297,0.04090297,0.04147465,0.04090297,0.07403155,0.04147465,0.04147465,0.04090297,0.04090297,
0.04090297,0.04090297,0.04147465,0.04090297,0.04147465,0.04147465,0.04147465,0.04147465,0.04090297,0.04090297,0.1381979,0.04090297,0.04147465,0.04090297,0.04147465,0.04090297,0.04090297,0.04090297,0.04090297,0.04147465,0.04090297,0.04147465,0.04090297,0.04090297,0.1647739,0.04147465,0.04147465,0.04090297,0.04147465,0.04090297,
0.04090297,0.04090297,0.04147465,0.04090297,0.04090297,0.04090297,0.04147465,0.04147465,0.04147465,0.04090297,0.04090297,0.04090297,0.04090297,0.04090297,0.04147465,0.04147465,0.04147465,0.04147465,0.04090297,0.04147465,0.04090297,0.04147465,0.04090297,0.04147465,0.04147465,0.04147465,0.04147465,0.04147465,0.04090297,0.04090297,
0.04090297,0.04147465,0.04147465,0.04147465,0.04090297,0.04147465,0.04147465,0.04147465,0.04147465,0.09644984,0.04090297,0.04090297,0.04147465,0.04090297,0.04147465,0.04147465,0.04090297,0.04090297,0.04090297,0.04090297,0.04147465,0.04147465,0.04147465,0.04090297,0.1898037,0.04147465,0.04090297,0.04147465,0.1880146,0.04090297,
0.04090297,0.04147465,0.04147465,0.04147465,0.04090297,0.04090297,0.04147465,0.04090297,0.04147465,0.04090297,0.04090297,0.04147465,0.04147465,0.04090297,0.04090297,0.04147465,0.04090297,0.04090297,0.04090297,0.04147465,0.04090297,0.04090297,0.04147465,0.04147465,0.04090297,0.04147465,0.04090297,0.04147465,0.04147465,0.04147465,
0.04090297,0.04147465,0.04090297,0.04147465,0.04090297,0.04090297,0.04147465,0.04147465,0.04147465,0.04147465,0.04090297,0.04147465,0.04090297,0.1496679,0.04147465,0.04147465,0.04090297,0.04090297,0.04147465,0.04147465,0.04090297,0.04147465,0.04147465,0.04147465,0.04147465,0.04147465,0.1790081,0.04147465,0.04090297,0.04090297,
0.04090297,0.04147465,0.04147465,0.04090297,0.04147465,0.04147465,0.04147465,0.04090297,0.04147465,0.04147465,0.04147465,0.04090297,0.04090297,0.06088132,0.04147465,0.04147465,0.04147465,0.04090297,0.04090297,0.04147465,0.04090297,0.04147465,0.04090297,0.04147465,0.04147465,0.04147465,0.04147465,0.04147465,0.04147465,0.04090297,
0.04090297,0.04147465,0.04090297,0.04090297,0.04147465,0.04147465,0.04147465,0.04090297,0.04090297,0.04147465,0.04090297,0.04147465,0.04147465,0.04147465,0.09715759,0.04147465,0.04090297,0.04147465,0.04147465,0.04090297,0.04147465,0.04090297,0.1107386,0.04147465,0.04147465,0.04090297,0.04090297,0.04147465,0.04147465,0.04147465,
0.04090297,0.04090297,0.04147465,0.04090297,0.04090297,0.04147465,0.04090297,0.04147465,0.04147465,0.04090297,0.04147465,0.04090297,0.04147465,0.04090297,0.04147465,0.04147465,0.04147465,0.04090297,0.04090297,0.04090297,0.02900648,0.03062115,0.04147465,0.04147465,0.04147465,0.04090297,0.04090297,0.04147465,0.007686186,0.04147465,
0.04147465,0.04147465,0.04090297,0.04147465,0.04147465,0.04147465,0.04090297,0.04147465,0.04090297,0.04147465,0.04090297,0.04090297,0.04090297,0.04147465,0.03062115,0.04090297,0.04090297,0.04090297,0.04090297,0.04147465,0.04147465,0.04090297,0.04147465,0.04090297,0.04147465,0.04090297,0.04090297,0.03062115,0.02900648,0.04147465,
0.04147465,0.04090297,0.04090297,0.03062115,0.04147465,0.04147465,0.04090297,0.08660062,0.04147465,0.04090297,0.04090297,0.04090297,0.04147465,0.04090297,0.04147465,0.04147465,0.04147465,0.04147465,0.04147465,0.04090297,0.04147465,0.04090297,0.04147465,0.04147465,0.04090297,0.04090297,0.04147465,0.04090297,0.04090297,0.02900648,
0.04147465,0.04090297,0.04147465,0.04090297,0.04090297,0.04147465,0.06608869,0.03062115,0.04147465,0.04147465,0.002817035,0.04090297,0.04147465,0.04147465,0.04147465,0.04147465,0.04147465,0.04147465,0.04147465,0.04090297,0.04147465,0.04090297,0.04090297,0.04147465,0.04090297,0.04147465,0.0898327,0.04147465,0.04090297,0.04147465,
0.06608869,0.04090297,0.04147465,0.03062115,0.04147465,0.04147465,0.04090297,0.04147465,0.04147465,0.04090297,0.04090297,0.04147465,0.1611278,0.04090297,0.04147465,0.06608869,0.04147465,0.04147465,0.1079156,0.04090297,0.04147465,0.04147465,0.04147465,0.04090297,0.04090297,0.04090297,0.04090297,0.04090297,0.04090297,0.01070883,
0.04147465,0.04090297,0.01070883,0.03062115,0.04090297,0.04147465,0.04090297,0.04090297,0.04090297,0.04147465,0.06608869,0.04090297,0.04147465,0.01070883,0.04090297,0.04090297,0.04147465,0.04147465,0.04090297,0.04147465,0.1384646,0.04090297,0.04147465,0.06608869,0.04090297,0.06608869,0.06608869,0.04147465,0.04147465,0.04147465,
0.06608869,0.04090297,0.04090297,0.04090297,0.03062115,0.04147465,0.04090297,0.04090297,0.04090297,0.04090297,0.04147465,0.04090297,0.04147465,0.04090297,0.04090297,0.04090297,0.04090297,0.04822178,0.04090297,0.04090297,0.04147465,0.04147465,0.06608869,0.04090297,0.04090297,0.04147465,0.04090297,0.04147465,0.04147465,0.04090297,
0.04822178,0.06608869,0.04801922,0.04147465,0.04090297,0.04090297,0.04147465,0.04090297,0.04090297,0.04090297,0.04147465,0.04090297,0.04090297,0.04822178,0.04090297,0.04147465,0.04090297,0.04090297,0.04090297,0.04090297,0.04147465,0.04090297,0.04090297,0.04090297,0.04090297,0.04147465,0.04090297,0.04147465,0.04090297,0.04090297,
0.04801922,0.04822178,0.04090297,0.1882362,0.04090297,0.04090297,0.04801922,0.04090297,0.04090297,0.04090297,0.04147465,0.06608869,0.04822178,0.04090297,0.06608869,0.04090297,0.04090297,0.04801922,0.04090297,0.04090297,0.04090297,0.04090297,0.04090297,0.04090297,0.04090297,0.04090297,0.04090297,0.04090297,0.04090297,0.04090297,
0.04822178,0.04801922,0.04090297,0.04090297,0.04090297,0.04801922,0.04090297,0.04090297,0.04090297,0.04090297,0.04090297,0.04090297,0.04090297,0.04090297,0.04090297,0.04090297,0.02499926,0.04090297,0.04090297,0.04090297,0.04090297,0.04980416,0.04090297,0.04822178,0.04822178,0.04090297,0.04090297,0.04090297,0.04090297,0.04147465,
0.04980416,0.04822178,0.04090297,0.04090297,0.04822178,0.04147465,0.04090297,0.04090297,0.04090297,0.04090297,0.04090297,0.04090297,0.04090297,0.04822178,0.04090297,0.04801922,0.04090297,0.04090297,0.04090297,0.04822178,0.04822178,0.04090297,0.04980416,0.04801922,0.04980416,0.04090297,0.04090297,0.04980416,0.04822178,0.04090297,
0.04980416,0.04980416,0.04980416,0.04090297,0.04090297,0.04801922,0.04801922,0.04801922,0.04090297,0.04090297,0.04090297,0.04090297,0.04822178,0.04090297,0.04980416,0.04090297,0.04980416,0.04822178,0.04980416,0.04090297,0.04090297,0.04147465,0.04090297,0.04090297,0.04090297,0.1533041,0.04090297,0.04090297,0.04090297,0.1757193,
0.04980416,0.04980416,0.04980416,0.04801922,0.04090297,0.04822178,0.04980416,0.04090297,0.04090297,0.04090297,0.04801922,0.04980416,0.04980416,0.04980416,0.04822178,0.04090297,0.04822178,0.04801922,0.04980416,0.04980416,0.04090297,0.04980416,0.04090297,0.04090297,0.04980416,0.04090297,0.04090297,0.04147465,0.177941,0.04980416,
0.04090297,0.04090297,0.04980416,0.04980416,0.04980416,0.04980416,0.04090297,0.04822178,0.04801922,0.04090297,0.04980416,0.04801922,0.04980416,0.1257326,0.06319298,0.04090297,0.04822178,0.04090297,0.04980416,0.04090297,0.04090297,0.04090297,0.04090297,0.04980416,0.04090297,0.04090297,0.04090297,0.04090297,0.04822178,0.04090297,
0.04090297,0.04090297,0.04090297,0.04090297,0.04090297,0.04822178,0.04980416,0.04822178,0.04980416,0.04090297,0.04090297,0.04980416,0.04090297,0.04980416,0.04090297,0.04090297,0.04090297,0.04090297,0.04090297,0.04980416,0.04090297,0.04980416,0.04980416,0.04090297,0.04090297,0.04090297,0.04090297,0.04090297,0.04090297,0.04090297,
0.04090297,0.04090297,0.04090297,0.04090297,0.04090297,0.04090297,0.04090297,0.04980416,0.04980416,0.04090297,0.04090297,0.04090297,0.04822178,0.04090297,0.04090297,0.04090297,0.04090297,0.04980416,0.04090297,0.04090297,0.04090297,0.04090297,0.04980416,0.04980416,0.04090297,0.04090297,0.04090297,0.04090297,0.04090297,0.04090297,
0.04090297,0.04090297,0.04980416,0.04090297,0.04090297,0.04090297,0.04090297,0.04090297,0.04090297,0.04980416,0.04980416,0.04090297,0.04090297,0.04090297,0.04090297,0.04090297,0.04090297,0.04090297,0.04090297,0.04980416,0.04090297,0.04980416,0.04980416,0.02504845,0.04822178,0.04090297,0.04090297,0.04090297,0.04090297,0.04090297,
0.04822178,0.04090297,0.04090297,0.04090297,0.04090297,0.04090297,0.04090297,0.04980416,0.04090297,0.04090297,0.04090297,0.04090297,0.04090297,0.04090297,0.04090297,0.04090297,0.04090297,0.04090297,0.04090297,0.04090297,0.04090297,0.04090297,0.04822178,0.04090297,0.04090297,0.04090297,0.04090297,0.04090297,0.04090297,0.04090297,
0.04980416,0.04822178,0.04090297,0.04090297,0.04090297,0.1974062,0.04090297,0.04090297,0.04822178,0.04090297,0.04090297,0.04090297,0.04090297,0.04090297,0.04090297,0.04090297,0.04090297,0.04090297,0.04090297,0.04822178,0.04090297,0.04090297,0.04090297,0.04090297,0.04090297,0.04090297,0.04090297,0.04090297,0.04822178,0.04090297,
0.04980416,0.04822178,0.04090297,0.04090297,0.04090297,0.04090297,0.04090297,0.04980416,0.04090297,0.04980416,0.04822178,0.04090297,0.04090297,0.04090297,0.05549325,0.04090297,0.04090297,0.04090297,0.04090297,0.04822178,0.04090297,0.04822178,0.1406932,0.04822178,0.04090297,0.04090297,0.04090297,0.04090297,0.04980416,0.04090297,
0.04090297,0.04090297,0.04090297,0.04090297,0.1591793,0.04090297,0.04090297,0.04090297,0.0763339,0.04090297,0.04822178,0.06562521,0.04090297,0.04090297,0.04090297,0.04822178,0.04090297,0.04090297,0.04090297,0.04822178,0.04980416,0.05549325,0.04090297,0.04822178,0.04822178,0.04090297,0.04822178,0.04090297,0.04980416,0.04090297,
0.04090297,0.04090297,0.04822178,0.04090297,0.04090297,0.04822178,0.04090297,0.04090297,0.04822178,0.04090297,0.04822178,0.04090297,0.06562521,0.04980416,0.04090297,0.06562521,0.08175546,0.04090297,0.04822178,0.04090297,0.04090297,0.04090297,0.04090297,0.04090297,0.04090297,0.04090297,0.04090297,0.04822178,0.04090297,0.04980416,
0.04090297,0.04090297,0.04090297,0.04090297,0.04822178,0.04090297,0.04090297,0.04822178,0.06562521,0.04090297,0.04090297,0.04090297,0.04090297,0.04090297,0.04090297,0.04980416,0.04090297,0.04090297,0.04822178,0.04980416,0.04090297,0.04822178,0.04090297,0.04090297,0.04090297,0.04090297,0.04090297,0.04090297,0.04090297,0.04090297,
0.04090297,0.04090297,0.04090297,0.04090297,0.04090297,0.04090297,0.04090297,0.04090297,0.04090297,0.04090297,0.04090297,0.04090297,0.04090297,0.04090297,0.06562521,0.04090297,0.04090297,0.04090297,0.04090297,0.04822178,0.04090297,0.04090297,0.04090297,0.04090297,0.04090297,0.04090297,0.04090297,0.04090297,0.04090297,0.1587585,
0.04090297,0.04090297,0.04090297,0.04090297,0.04090297,0.06562521,0.04090297,0.04090297,0.04090297,0.04090297,0.04090297,0.04090297,0.04090297,0.04090297,0.04090297,0.04090297,0.04090297,0.04090297,0.06562521,0.04090297,0.04090297,0.04090297,0.1472975,0.04090297,0.04048521,0.04090297,0.04090297,0.04090297,0.04090297,0.04090297,
0.04090297,0.04090297,0.04090297,0.04090297,0.04090297,0.04090297,0.04090297,0.04090297,0.04090297,0.04090297,0.04090297,0.04090297,0.04090297,0.04090297,0.04090297,0.04090297,0.04048521,0.04090297,0.04090297,0.04090297,0.04090297,0.04090297,0.04048521,0.04090297,0.04090297,0.04090297,0.04048521,0.04090297,0.04090297,0.04090297,
0.04090297,0.04090297,0.04090297,0.04090297,0.04090297,0.04090297,0.04090297,0.04090297,0.02808144,0.04090297,0.04090297,0.04090297,0.04090297,0.04090297,0.04090297,0.04090297,0.04090297,0.04090297,0.04090297,0.04090297,0.04090297,0.04090297,0.04090297,0.04090297,0.04090297,0.04090297,0.04090297,0.04090297,0.03129201,0.04090297,
0.04090297,0.04090297,0.04090297,0.04090297,0.04090297,0.04090297,0.04090297,0.04090297,0.04090297,0.04090297,0.04090297,0.04090297,0.04090297,0.03129201,0.04090297,0.04090297,0.04090297,0.04090297,0.04090297,0.04090297,0.04090297,0.04090297,0.04090297,0.04090297,0.04090297,0.04090297,0.04090297,0.04090297,0.04090297,0.04090297,
0.04090297,0.04090297,0.04090297,0.04090297,0.04090297,0.04090297,0.04090297,0.04090297,0.04090297,0.04090297,0.04090297,0.03129201,0.04090297,0.04090297,0.04090297,0.04090297,0.1305357,0.04090297,0.04090297,0.04090297,0.04090297,0.1473456,0.04090297,0.04090297,0.04090297,0.04090297,0.04090297,0.04090297,0.04090297,0.04090297,
0.04090297,0.04090297,0.04090297,0.04090297,0.04090297,0.04090297,0.04090297,0.04090297,0.04090297,0.04090297,0.04090297,0.04090297,0.04090297,0.04090297,0.04090297,0.04090297,0.04090297,0.04090297,0.04090297,0.04090297,0.04090297,0.04090297,0.04090297,0.04090297,0.04090297,0.04090297,0.04090297,0.04090297,0.04090297,0.04090297,
0.04090297,0.04090297,0.04090297,0.04090297,0.04090297,0.04090297,0.04090297,0.04090297,0.04090297,0.04090297,0.04090297,0.04090297,0.04090297,0.04090297,0.04090297,0.04090297,0.04090297,0.04090297,0.04090297,0.04090297,0.04090297,0.04090297,0.04090297,0.04090297,0.04090297,0.04090297,0.04090297,0.04090297,0.04090297,0.04090297,
0.04090297,0.04090297,0.04090297,0.04090297,0.04090297,0.04090297,0.04090297,0.04090297,0.04090297,0.04090297,0.04090297,0.04090297,0.04090297,0.04090297,0.04090297,0.04090297,0.04090297,0.04090297,0.04090297,0.04090297,0.04090297,0.04090297,0.04090297,0.04090297,0.04090297,0.04090297,0.04090297,0.04090297,0.04090297,0.04090297,
0.04090297,0.04090297,0.04090297,0.04090297,0.04090297,0.04090297,0.04090297,0.04090297,0.04090297,0.04090297,0.04090297,0.04090297,0.04090297,0.04090297,0.04090297,0.04090297,0.04090297,0.04090297,0.04112296,0.04090297,0.04090297,0.04090297,0.04090297,0.04090297,0.1944416,0.04090297,0.04090297,0.04090297,0.04090297,0.04090297,
0.04090297,0.04090297,0.04090297,0.04090297,0.04090297,0.04090297,0.04090297,0.04090297,0.04090297,0.04112296,0.04090297,0.04112296,0.04090297,0.04090297,0.05401391,0.04090297,0.04090297,0.04090297,0.04090297,0.04090297,0.04090297,0.04090297,0.04090297,0.04090297,0.04090297,0.04090297,0.04090297,0.04090297,0.04090297,0.04090297,
0.04090297,0.04090297,0.04090297,0.04090297,0.04090297,0.04112296,0.04090297,0.04090297,0.04112296,0.04112296,0.04090297,0.04090297,0.04090297,0.04090297,0.04090297,0.04090297,0.04090297,0.04112296,0.09599341,0.04090297,0.04090297,0.04090297,0.04090297,0.04090297,0.04090297,0.04090297,0.04090297,0.04090297,0.04090297,0.04090297,
0.04090297,0.04112296,0.04090297,0.04090297,0.1673828,0.04090297,0.1102993,0.04090297,0.1854659,0.09758443,0.04090297,0.04090297,0.04112296,0.04090297,0.04090297,0.04090297,0.1149781,0.04090297,0.04090297,0.04090297,0.04090297,0.04112296,0.04090297,0.04090297,0.04090297,0.04090297,0.04090297,0.04090297,0.04090297,0.04090297,
0.04090297,0.04090297,0.04090297,0.04090297,0.04112296,0.04090297,0.04090297,0.1690747,0.04090297,0.04090297,0.04090297,0.04090297,0.04090297,0.04090297,0.04090297,0.04112296,0.09758443,0.04112296,0.04090297,0.04112296,0.04112296,0.1854659,0.1854659,0.04090297,0.04090297,0.04090297,0.04090297,0.04090297,0.04090297,0.04090297,
0.04090297,0.04090297,0.04090297,0.04090297,0.04090297,0.04090297,0.04090297,0.1801481,0.04112296,0.04090297,0.04090297,0.09758443,0.04090297,0.04090297,0.04090297,0.04112296,0.04090297,0.04090297,0.04112296,0.04090297,0.07493037,0.04090297,0.04090297,0.04090297,0.04090297,0.04090297,0.04090297,0.04090297,0.04112296,0.04090297,
0.04090297,0.04090297,0.04090297,0.04090297,0.04090297,0.04090297,0.04090297,0.04090297,0.04090297,0.04090297,0.04090297,0.04090297,0.04090297,0.04090297,0.05483285,0.04090297,0.04090297,0.04090297,0.04090297,0.04090297,0.04090297,0.04112296,0.04090297,0.04090297,0.008320093,0.04112296,0.04090297,0.04090297,0.01219187,0.04090297,
0.04090297,0.04112296,0.04090297,0.01219187,0.04090297,0.04090297,0.04112296,0.04090297,0.04090297,0.04090297,0.04112296,0.04090297,0.04090297,0.04090297,0.04090297,0.04090297,0.04090297,0.167243,0.04090297,0.04090297,0.04090297,0.04090297,0.04090297,0.04090297,0.04090297,0.04090297,0.04090297,0.04090297,0.04090297,0.006346369,
0.04090297,0.04090297,0.04112296,0.04090297,0.04090297,0.04090297,0.04090297,0.04090297,0.04090297,0.04090297,0.04090297,0.04090297,0.08516971,0.04090297,0.04090297,0.04090297,0.04090297,0.04090297,0.01219187,0.04090297,0.04090297,0.04090297,0.04090297,0.04112296,0.04090297,0.04090297,0.04090297,0.04090297,0.04090297,0.04090297,
0.04090297,0.04090297,0.04090297,0.08516971,0.04090297,0.04090297,0.04090297,0.04090297,0.04090297,0.04090297,0.04090297,0.04112296,0.04090297,0.04090297,0.04090297,0.06408264,0.04090297,0.04090297,0.04090297,0.04090297,0.04090297,0.04112296,0.04090297,0.04090297,0.01219187,0.04090297,0.04090297,0.04090297,0.04090297,0.04090297,
0.06408264,0.04090297,0.06408264,0.04090297,0.06408264,0.02689309,0.04090297,0.04090297,0.04090297,0.04112296,0.1608845,0.04090297,0.04090297,0.04090297,0.04090297,0.04090297,0.04090297,0.04090297,0.04090297,0.04090297,0.04090297,0.06408264,0.08516971,0.04090297,0.04090297,0.04090297,0.04090297,0.04112296,0.04090297,0.04090297,
0.06408264,0.06408264,0.06408264,0.04090297,0.04090297,0.04090297,0.04090297,0.04112296,0.06408264,0.06408264,0.04090297,0.04090297,0.04090297,0.04090297,0.06408264,0.06408264,0.04090297,0.009972525,0.04090297,0.04090297,0.04090297,0.04112296,0.04090297,0.04090297,0.1552309,0.04112296,0.06408264,0.04112296,0.04090297,0.04090297,
0.04090297,0.04090297,0.06408264,0.04090297,0.04090297,0.04090297,0.04090297,0.06408264,0.04090297,0.04090297,0.04112296,0.04090297,0.04112296,0.04090297,0.04112296,0.06408264,0.04090297,0.04090297,0.04090297,0.04090297,0.04112296,0.04090297,0.06408264,0.04112296,0.04090297,0.04090297,0.04090297,0.04112296,0.04112296,0.04090297,
0.04090297,0.04112296,0.04112296,0.04090297,0.04090297,0.04090297,0.06408264,0.04090297,0.04112296,0.04090297,0.04112296,0.04090297,0.04090297,0.04090297,0.04112296,0.04090297,0.04090297,0.04090297,0.04090297,0.04090297,0.04112296,0.04090297,0.04090297,0.04112296,0.04090297,0.04112296,0.04090297,0.04090297,0.04090297,0.04090297,
0.04090297,0.04090297,0.04090297,0.04112296,0.04112296,0.04090297,0.04090297,0.04090297,0.04090297,0.04090297,0.04090297,0.04090297,0.04090297,0.04112296,0.09485122,0.04090297,0.04090297,0.04112296,0.04090297,0.04112296,0.04090297,0.04090297,0.04090297,0.04090297,0.04090297,0.04090297,0.06641325,0.04090297,0.04090297,0.04112296,
0.04112296,0.04090297,0.04090297,0.04090297,0.04090297,0.04112296,0.04090297,0.04090297,0.04090297,0.04090297,0.04090297,0.04090297,0.04112296,0.04090297,0.04112296,0.04090297,0.001778793,0.04112296,0.04090297,0.04112296,0.04090297,0.04090297,0.04090297,0.04090297,0.04090297,0.04090297,0.04112296,0.04090297,0.04090297,0.04090297,
0.04090297,0.04112296,0.04090297,0.04112296,0.04090297,0.04090297,0.04090297,0.04090297,0.04090297,0.04090297,0.04090297,0.04090297,0.04090297,0.04090297,0.04090297,0.04090297,0.04090297,0.04090297,0.04112296,0.04090297,0.04090297,0.1023211,0.04090297,0.1938995,0.04112296,0.04090297,0.04090297,0.04090297,0.04090297,0.1885599,
0.04090297,0.04090297,0.04090297,0.03100154,0.04112296,0.12557,0.07355775,0.04090297,0.04090297,0.04090297,0.04090297,0.04090297,0.04090297,0.04090297,0.04112296,0.04112296,0.04090297,0.04090297,0.04090297,0.04090297,0.1447396,0.04090297,0.04090297,0.04090297,0.04090297,0.04090297,0.04090297,0.04090297,0.04090297,0.04112296,
0.04112296,0.04090297,0.04090297,0.04090297,0.04090297,0.04090297,0.04090297,0.04090297,0.04112296,0.04090297,0.04090297,0.04112296,0.07478475,0.1748791,0.04112296,0.1447396,0.04090297,0.04090297,0.04090297,0.04090297,0.04090297,0.04090297,0.04090297,0.04090297,0.1022355,0.04090297,0.04090297,0.04112296,0.04090297,0.04090297,
0.04112296,0.04090297,0.04090297,0.04090297,0.04090297,0.04090297,0.04090297,0.04112296,0.04090297,0.04112296,0.04090297,0.04090297,0.04090297,0.07478475,0.04090297,0.04112296,0.04090297,0.04090297,0.04112296,0.04090297,0.04090297,0.04090297,0.04090297,0.04090297,0.04090297,0.07478475,0.04090297,0.04112296,0.04090297,0.04090297,
0.04090297,0.04090297,0.04090297,0.04090297,0.04090297,0.04090297,0.04112296,0.04090297,0.07478475,0.04090297,0.04090297,0.04090297,0.04112296,0.04090297,0.04090297,0.04090297,0.04090297,0.04090297,0.04090297,0.04090297,0.04090297,0.04090297,0.04090297,0.04090297,0.04090297,0.04112296,0.04090297,0.04090297,0.04112296,0.04090297,
0.04090297,0.04112296,0.04090297,0.04112296,0.04090297,0.04090297,0.04112296,0.04090297,0.04090297,0.04090297,0.04090297,0.04090297,0.04090297,0.04112296,0.04090297,0.04090297,0.04090297,0.04112296,0.04112296,0.04112296,0.04090297,0.04090297,0.04090297,0.04090297,0.04090297,0.04090297,0.04090297,0.04090297,0.04090297,0.04090297,
0.04090297,0.04090297,0.04090297,0.04090297,0.04112296,0.04090297,0.04112296,0.04090297,0.04090297,0.04090297,0.04090297,0.04090297,0.04090297,0.04090297,0.04112296,0.04090297,0.04090297,0.04112296,0.04090297,0.04090297,0.08586732,0.04112296,0.1183126,0.04090297,0.04090297,0.04112296,0.04112296,0.04112296,0.04112296,0.04090297,
0.04090297,0.04090297,0.08586732,0.04090297,0.187982,0.04090297,0.04112296,0.04090297,0.04090297,0.04090297,0.04090297,0.04090297,0.04090297,0.04090297,0.04090297,0.04090297,0.04112296,0.04112296,0.04090297,0.04112296,0.04090297,0.04112296,0.04090297,0.04090297,0.04112296,0.04112296,0.04090297,0.04090297,0.04090297,0.04090297,
0.04090297,0.04090297,0.04090297,0.04090297,0.04112296,0.04090297,0.04112296,0.04090297,0.04090297,0.04090297,0.04112296,0.04112296,0.04112296,0.04112296,0.1372422,0.04112296,0.04090297,0.04090297,0.04090297,0.1802659,0.04112296,0.04090297,0.04090297,0.04090297,0.04090297,0.04090297,0.04090297,0.04090297,0.04090297,0.04112296,
0.04112296,0.04112296,0.04112296,0.04090297,0.04090297,0.04090297,0.04090297,0.04090297,0.04090297,0.04090297,0.04090297,0.04090297,0.04112296,0.04090297,0.04090297,0.04112296,0.172689,0.04112296,0.04112296,0.04090297,0.04090297,0.04090297,0.04090297,0.04112296,0.04090297,0.04090297,0.04090297,0.04090297,0.04090297,0.04112296,
0.04112296,0.04090297,0.04090297,0.04090297,0.04112296,0.04090297,0.04090297,0.04090297,0.04090297,0.04090297,0.04090297,0.04090297,0.04090297,0.04090297,0.04090297,0.04112296,0.04090297,0.04112296,0.172689,0.04090297,0.04090297,0.04090297,0.04090297,0.08686575,0.04090297,0.04112296,0.04090297,0.04112296,0.04090297,0.04090297,
0.04112296,0.04090297,0.04090297,0.04090297,0.04090297,0.04112296,0.04090297,0.04090297,0.04112296,0.04090297,0.04090297,0.04112296,0.04090297,0.04090297,0.04090297,0.04090297,0.04090297,0.04112296,0.04090297,0.04090297,0.04090297,0.04090297,0.04090297,0.04090297,0.04090297,0.04090297,0.04112296,0.08686575,0.04090297,0.04090297,
0.04112296,0.04090297,0.04090297,0.04090297,0.04090297,0.04090297,0.04090297,0.04090297,0.04090297,0.01506615,0.04112296,0.04090297,0.04090297,0.04090297,0.04090297,0.04090297,0.04090297,0.04090297,0.04112296,0.04112296,0.04090297,0.04090297,0.04090297,0.08686575,0.04090297,0.04090297,0.04090297,0.04090297,0.04090297,0.04090297,
0.04090297,0.04090297,0.04090297,0.04090297,0.04090297,0.08686575,0.04090297,0.04112296,0.04112296,0.04090297,0.04090297,0.04090297,0.1303874,0.04090297,0.04090297,0.04112296,0.04090297,0.04090297,0.04090297,0.04112296,0.189612,0.04112296,0.04090297,0.04090297,0.04090297,0.04090297,0.1808959,0.04090297,0.04090297,0.04090297,
0.04090297,0.04112296,0.04112296,0.04112296,0.04112296,0.04090297,0.04090297,0.04090297,0.04090297,0.04090297,0.04090297,0.04090297,0.04090297,0.1129439,0.04090297,0.04090297,0.04090297,0.04090297,0.04090297,0.04090297,0.04112296,0.1611149,0.04090297,0.04090297,0.04090297,0.04090297,0.04090297,0.04090297,0.04112296,0.04090297,
0.04090297,0.04090297,0.04112296,0.04090297,0.04090297,0.04112296,0.04112296,0.04090297,0.04090297,0.04090297,0.04112296,0.04090297,0.04090297,0.04112296,0.04090297,0.04090297,0.04090297,0.04090297,0.04112296,0.04090297,0.04090297,0.04090297,0.04090297,0.04112296,0.07422432,0.04090297,0.04090297,0.05621859,0.04090297,0.04090297,
0.04112296,0.04090297,0.04090297,0.04090297,0.04090297,0.04090297,0.06314322,0.04090297,0.04090297,0.04090297,0.04090297,0.04090297,0.04090297,0.04090297,0.04090297,0.04112296,0.04090297,0.04090297,0.04090297,0.04112296,0.09845089,0.04090297,0.04090297,0.04090297,0.04090297,0.04090297,0.04090297,0.04090297,0.04090297,0.04090297,
0.04112296,0.04090297,0.04090297,0.04090297,0.04090297,0.04112296,0.04090297,0.05831896,0.04090297,0.04090297,0.04090297,0.04090297,0.04112296,0.04090297,0.04090297,0.04090297,0.06314322,0.04090297,0.06314322,0.04090297,0.04090297,0.04090297,0.04090297,0.04090297,0.04090297,0.04112296,0.04090297,0.04090297,0.04090297,0.04112296,
0.04090297,0.04112296,0.04112296,0.04090297,0.04090297,0.04090297,0.04090297,0.04112296,0.04090297,0.04090297,0.04112296,0.04090297,0.04090297,0.04090297,0.04090297,0.04090297,0.04112296,0.04112296,0.04090297,0.04090297,0.04112296,0.04090297,0.04112296,0.04090297,0.04090297,0.04090297,0.05831896,0.04090297,0.1780412,0.04112296,
0.04090297,0.04090297,0.04090297,0.04090297,0.04090297,0.06355242,0.04112296,0.1573257,0.04090297,0.04090297,0.04112296,0.04090297,0.04112296,0.04090297,0.04090297,0.05557906,0.07606138,0.04090297,0.04112296,0.04090297,0.04090297,0.1228652,0.04112296,0.04090297,0.04090297,0.04090297,0.04090297,0.04090297,0.04090297,0.04112296,
0.04090297,0.04090297,0.06355242,0.04112296,0.1573257,0.04112296,0.04090297,0.04090297,0.04090297,0.04112296,0.04112296,0.04090297,0.04090297,0.04090297,0.04112296,0.04090297,0.04090297,0.04090297,0.04090297,0.04090297,0.04090297,0.04090297,0.04112296,0.04090297,0.04090297,0.04090297,0.04112296,0.04112296,0.04090297,0.04090297,
0.04090297,0.04090297,0.04112296,0.06585685,0.04090297,0.04090297,0.04090297,0.04090297,0.04112296,0.04090297,0.04090297,0.04090297,0.04090297,0.04090297,0.04112296,0.04090297,0.04090297,0.04090297,0.04090297,0.04090297,0.04090297,0.04112296,0.04090297,0.04090297,0.04090297,0.04090297,0.04090297,0.04090297,0.04112296,0.04090297,
0.04090297,0.04112296,0.04090297,0.04112296,0.04090297,0.04090297,0.04090297,0.04090297,0.04090297,0.04090297,0.04090297,0.04090297,0.04090297,0.04090297,0.04090297,0.04090297,0.04090297,0.04090297,0.1198238,0.04112296,0.04090297,0.04090297,0.04090297,0.04090297,0.04090297,0.04090297,0.04112296,0.04090297,0.04090297,0.04090297,
0.04090297,0.04090297,0.04090297,0.04090297,0.04090297,0.04090297,0.04090297,0.04090297,0.04090297,0.04090297,0.04090297,0.04090297,0.04090297,0.04090297,0.04090297,0.04090297,0.04090297,0.04090297,0.1255127,0.04090297,0.04090297,0.04090297,0.04090297,0.04090297,0.04090297,0.04090297,0.04090297,0.04090297,0.04112296,0.125243,
0.04090297,0.04090297,0.04090297,0.04090297,0.04090297,0.04090297,0.04090297,0.04090297,0.16359,0.04090297,0.04090297,0.04090297,0.04090297,0.04090297,0.04090297,0.04090297,0.04090297,0.04090297,0.04090297,0.04090297,0.04090297,0.04090297,0.04090297,0.04090297,0.04090297,0.05786709,0.04090297,0.04090297,0.04090297,0.04090297,
0.04090297,0.04090297,0.04090297,0.04090297,0.04090297,0.04090297,0.0266386,0.04090297,0.04090297,0.04090297,0.04090297,0.04090297,0.04090297,0.04090297,0.04090297,0.04090297,0.04090297,0.04090297,0.04090297,0.04090297,0.04090297,0.04090297,0.04090297,0.04090297,0.04090297,0.04090297,0.04090297,0.04090297,0.04090297,0.04090297,
0.04090297,0.04090297,0.04090297,0.04090297,0.04090297,0.04090297,0.04090297,0.04090297,0.0266386,0.01241794,0.04090297,0.04090297,0.04090297,0.04090297,0.04090297,0.04090297,0.04090297,0.04090297,0.04090297,0.04090297,0.04090297,0.04090297,0.04090297,0.04090297,0.04090297,0.04090297,0.04090297,0.04090297,0.04090297,0.04090297,
0.04090297,0.04090297,0.04090297,0.04090297,0.04090297,0.04090297,0.1026049,0.04090297,0.04090297,0.04090297,0.0266386,0.04090297,0.04090297,0.0266386,0.04090297,0.04090297,0.04090297,0.04090297,0.04090297,0.04090297,0.08913008,0.11422,0.04090297,0.04090297,0.04090297,0.04090297,0.04090297,0.04090297,0.1149028,0.04090297,
0.04090297,0.04090297,0.04090297,0.04090297,0.04090297,0.04090297,0.04090297,0.04090297,0.04090297,0.1451713,0.04090297,0.04090297,0.04090297,0.04090297,0.1149028,0.04090297,0.04090297,0.04090297,0.04090297,0.04090297,0.04090297,0.04090297,0.04090297,0.1026049,0.04090297,0.04090297,0.04090297,0.04090297,0.04090297,0.04090297,
0.04090297,0.04090297,0.04090297,0.04090297,0.04090297,0.04090297,0.04090297,0.04090297,0.04090297,0.04090297,0.04090297,0.04090297,0.04090297,0.04090297,0.04090297,0.04090297,0.1459384,0.04090297,0.09653751,0.04090297,0.04090297,0.04090297,0.04090297,0.04090297,0.04090297,0.04090297,0.04090297,0.04090297,0.04090297,0.04090297,
0.04090297,0.04090297,0.04090297,0.04090297,0.04090297,0.04090297,0.04090297,0.04090297,0.04090297,0.04090297,0.04090297,0.04090297,0.04090297,0.04090297,0.04090297,0.04090297,0.04090297,0.04090297,0.04090297,0.04090297,0.04090297,0.04090297,0.04090297,0.04090297,0.04090297,0.04090297,0.04090297,0.07558073,0.04090297,0.04090297,
0.04090297,0.04090297,0.04090297,0.04090297,0.07830144,0.04090297,0.04090297,0.04090297,0.04090297,0.04090297,0.04090297,0.04090297,0.04090297,0.04090297,0.04090297,0.04090297,0.04090297,0.04090297,0.07558073,0.04090297,0.07558073,0.04090297,0.04090297,0.04090297,0.04090297,0.04090297,0.04090297,0.04090297,0.04090297,0.04090297,
0.04090297,0.04090297,0.04090297,0.04090297,0.04090297,0.04090297,0.04090297,0.04090297,0.04090297,0.04090297,0.04090297,0.04090297,0.04090297,0.04090297,0.04090297,0.04090297,0.04090297,0.04090297,0.04090297,0.04090297,0.04090297,0.04090297,0.04090297,0.04090297,0.07558073,0.04090297,0.04090297,0.04090297,0.05743264,0.04090297,
0.04090297,0.04090297,0.04090297,0.04090297,0.04090297,0.04090297,0.04090297,0.04090297,0.04090297,0.04090297,0.04090297,0.04090297,0.04090297,0.04090297,0.04090297,0.04090297,0.04090297,0.04090297,0.04090297,0.04090297,0.05743264,0.04090297,0.04090297,0.04090297,0.04090297,0.04090297,0.04090297,0.04090297,0.04090297,0.04090297,
0.04090297,0.04090297,0.04090297,0.04090297,0.04090297,0.04090297,0.04090297,0.04090297,0.04090297,0.04090297,0.04090297,0.04090297,0.04090297,0.04090297,0.04090297,0.04090297,0.04090297,0.04090297,0.04090297,0.04090297,0.05743264,0.04090297,0.04090297,0.04090297,0.04090297,0.04090297,0.04090297,0.04090297,0.04090297,0.04090297,
0.04090297,0.04090297,0.04090297,0.04090297,0.04090297,0.1926165,0.04090297,0.04090297,0.04090297,0.04090297,0.04090297,0.04090297,0.04090297,0.01869559,0.04090297,0.04090297,0.04090297,0.04090297,0.04090297,0.04090297,0.04090297,0.04090297,0.04090297,0.04090297,0.05743264,0.04090297,0.04090297,0.04090297,0.04090297,0.04090297,
0.05743264,0.04090297,0.04090297,0.1926165,0.04090297,0.1926165,0.04090297,0.04090297,0.04090297,0.04090297,0.04090297,0.04090297,0.04090297,0.04090297,0.04090297,0.05743264,0.1149537,0.04090297,0.04090297,0.04090297,0.04090297,0.04090297,0.04090297,0.04090297,0.04090297,0.04090297,0.04090297,0.04090297,0.04090297,0.04090297,
0.05743264,0.04090297,0.04090297,0.04090297,0.04090297,0.04090297,0.04090297,0.04090297,0.04090297,0.04090297,0.04090297,0.04090297,0.05743264,0.04090297,0.04090297,0.04090297,0.04090297,0.04090297,0.04090297,0.04090297,0.04090297,0.04090297,0.05743264,0.04090297,0.04090297,0.04090297,0.05743264,0.04090297,0.04090297,0.04090297,
0.04090297,0.04090297,0.04090297,0.1073195,0.05743264,0.04090297,0.04090297,0.05743264,0.04090297,0.04090297,0.04090297,0.1934282,0.04090297,0.05743264,0.04090297,0.05743264,0.04090297,0.04090297,0.04090297,0.04090297,0.04090297,0.04090297,0.05743264,0.04090297,0.04090297,0.04090297,0.04090297,0.04090297,0.05743264,0.04090297,
0.04090297,0.04090297,0.05743264,0.04090297,0.05743264,0.04090297,0.04090297,0.04090297,0.04090297,0.04090297,0.04090297,0.04090297,0.04090297,0.04090297,0.04090297,0.04090297,0.04090297,0.04090297,0.04090297,0.04090297,0.04090297,0.04090297,0.04090297,0.04090297,0.04090297,0.04090297,0.04090297,0.04090297,0.04090297,0.04090297,
0.04090297,0.04090297,0.04090297,0.04090297,0.04090297,0.04090297,0.04090297,0.04090297,0.04090297,0.05743264,0.04090297,0.1478712,0.04090297,0.04090297,0.04090297,0.04090297,0.04090297,0.04090297,0.04570682,0.04090297,0.04090297,0.04090297,0.04090297,0.04090297,0.04090297,0.04090297,0.04090297,0.04090297,0.04090297,0.04090297,
0.04090297,0.04090297,0.04090297,0.04090297,0.04090297,0.04090297,0.04090297,0.04090297,0.04090297,0.04090297,0.04090297,0.04090297,0.04090297,0.04090297,0.04090297,0.04090297,0.04090297,0.04090297,0.04090297,0.04090297,0.04090297,0.04090297,0.04090297,0.04090297,0.04090297,0.04090297,0.04090297,0.04090297,0.04090297,0.04090297,
0.04090297,0.04090297,0.04090297,0.04090297,0.04090297,0.04090297,0.04090297,0.04090297,0.04090297,0.04090297,0.04090297,0.04090297,0.1584434,0.04090297,0.04090297,0.04090297,0.04090297,0.04090297,0.04090297,0.04090297,0.04090297,0.04090297,0.04090297,0.04090297,0.04090297,0.04090297,0.04090297,0.04090297,0.04090297,0.04090297,
0.04090297,0.04090297,0.04090297,0.04090297,0.04090297,0.04090297,0.04090297,0.04090297,0.04090297,0.04090297,0.04090297,0.04090297,0.04090297,0.04090297,0.04090297,0.04090297,0.04090297,0.04090297,0.04090297,0.04090297,0.04090297,0.04090297,0.04090297,0.04090297,0.04090297,0.04090297,0.04090297,0.04090297,0.04090297,0.04090297,
0.04090297,0.04090297,0.04090297,0.04090297,0.04090297,0.04090297,0.04090297,0.04090297,0.04090297,0.04090297,0.04090297,0.02952411,0.04090297,0.1222323,0.04090297,0.04090297,0.04090297,0.04090297,0.04090297,0.04090297,0.09238321,0.04090297,0.04090297,0.04090297,0.04090297,0.04090297,0.04090297,0.04090297,0.04090297,0.04090297,
0.04090297,0.04090297,0.04090297,0.02952411,0.04090297,0.04090297,0.04090297,0.04090297,0.04090297,0.04090297,0.09238321,0.04090297,0.04090297,0.04090297,0.04090297,0.09238321,0.04090297,0.04090297,0.04090297,0.04090297,0.01468129,0.1717397,0.04090297,0.04090297,0.04090297,0.04090297,0.02952411,0.04090297,0.04090297,0.04090297,
0.04090297,0.04090297,0.02952411,0.04090297,0.04090297,0.04090297,0.04090297,0.04090297,0.04090297,0.04090297,0.04090297,0.04090297,0.04090297,0.04090297,0.02952411,0.04090297,0.04090297,0.04090297,0.04090297,0.04090297,0.04090297,0.04090297,0.04090297,0.04090297,0.04090297,0.01468129,0.04090297,0.04090297,0.04090297,0.09238321,
0.04090297,0.04090297,0.02952411,0.04090297,0.04090297,0.04090297,0.04090297,0.04090297,0.04090297,0.04090297,0.04090297,0.01468129,0.04090297,0.04090297,0.04090297,0.04090297,0.04090297,0.04090297,0.04090297,0.04090297,0.04090297,0.04090297,0.04090297,0.04090297,0.04090297,0.04090297,0.02952411,0.03549874,0.04090297,0.04090297,
0.04090297,0.04090297,0.04090297,0.04090297,0.04090297,0.04090297,0.04090297,0.04090297,0.04090297,0.04090297,0.04090297,0.04090297,0.04090297,0.04090297,0.04090297,0.04090297,0.04090297,0.04090297,0.04090297,0.03549874,0.04090297,0.04090297,0.03549874,0.03549874,0.01468129,0.04090297,0.02952411,0.04090297,0.04090297,0.04090297,
0.04090297,0.04090297,0.02952411,0.04090297,0.04090297,0.03549874,0.04090297,0.04090297,0.04090297,0.04090297,0.04090297,0.04090297,0.04090297,0.04090297,0.04090297,0.04090297,0.04090297,0.04090297,0.04090297,0.04090297,0.04090297,0.04090297,0.04090297,0.04090297,0.04090297,0.04090297,0.04090297,0.04090297,0.04090297,0.04090297,
0.04090297,0.04090297,0.04090297,0.04090297,0.04090297,0.04090297,0.04090297,0.04090297,0.04090297,0.04090297,0.04090297,0.04090297,0.04090297,0.04090297,0.04090297,0.03549874,0.04090297,0.04090297,0.04090297,0.04090297,0.04090297,0.04090297,0.04090297,0.04090297,0.04090297,0.04090297,0.04090297,0.04090297,0.04090297,0.07349292,
0.04090297,0.04090297,0.04090297,0.04090297,0.04090297,0.04090297,0.04090297,0.04090297,0.04090297,0.04090297,0.04090297,0.04090297,0.04090297,0.04090297,0.07349292,0.04090297,0.04090297,0.04090297,0.04090297,0.04090297,0.04090297,0.04090297,0.07349292,0.04090297,0.04090297,0.04090297,0.04090297,0.04090297,0.04090297,0.04090297,
0.04090297,0.04090297,0.07349292,0.04090297,0.04090297,0.04090297,0.04090297,0.04090297,0.04090297,0.04090297,0.04090297,0.04090297,0.04090297,0.04090297,0.04090297,0.1008957,0.04090297,0.04090297,0.04090297,0.04090297,0.04090297,0.07349292,0.04090297,0.04090297,0.04090297,0.04090297,0.08508798,0.04090297,0.04090297,0.04090297,
0.04090297,0.04090297,0.04090297,0.04090297,0.04090297,0.04090297,0.04090297,0.04090297,0.1509923,0.04090297,0.04090297,0.04090297,0.04090297,0.04090297,0.04090297,0.04090297,0.04090297,0.04090297,0.04090297,0.04090297,0.04090297,0.04090297,0.04090297,0.04090297,0.04090297,0.04090297,0.04090297,0.04090297,0.07349292,0.1008957,
0.04090297,0.04090297,0.04090297,0.04090297,0.04090297,0.04090297,0.1421465,0.04090297,0.04090297,0.04090297,0.04090297,0.04090297,0.04090297,0.04090297,0.04090297,0.04090297,0.04090297,0.07349292,0.04090297,0.04090297,0.04090297,0.04090297,0.04090297,0.04090297,0.04090297,0.04090297,0.04090297,0.04090297,0.04090297,0.04090297,
0.04090297,0.04090297,0.04090297,0.04090297,0.04090297,0.04090297,0.1421465,0.04090297,0.04090297,0.04090297,0.04090297,0.04090297,0.04090297,0.04090297,0.04090297,0.04090297,0.04090297,0.1302204,0.04090297,0.04090297,0.04090297,0.04090297,0.04090297,0.04090297,0.04090297,0.04090297,0.04090297,0.04090297,0.1421465,0.04090297,
0.04090297,0.04090297,0.02576487,0.04090297,0.04090297,0.04090297,0.04090297,0.04090297,0.04090297,0.04090297,0.04090297,0.04090297,0.04090297,0.04090297,0.04090297,0.04090297,0.04090297,0.04090297,0.04090297,0.04090297,0.04090297,0.04090297,0.04090297,0.04090297,0.04090297,0.04090297,0.04090297,0.04090297,0.04090297,0.04090297,
0.04090297,0.04090297,0.04090297,0.04090297,0.04090297,0.04090297,0.04090297,0.04090297,0.04090297,0.04090297,0.04090297,0.04090297,0.06104172,0.04090297,0.04090297,0.04090297,0.04090297,0.04090297,0.04090297,0.04090297,0.04090297,0.04090297,0.04090297,0.04090297,0.04090297,0.04090297,0.04090297,0.04090297,0.04090297,0.04090297,
0.06104172,0.04090297,0.04090297,0.04090297,0.04090297,0.04090297,0.04090297,0.04090297,0.04090297,0.04090297,0.04090297,0.04090297,0.04090297,0.04090297,0.04090297,0.04090297,0.04090297,0.04090297,0.04090297,0.04090297,0.04090297,0.04090297,0.06104172,0.04090297,0.04090297,0.04090297,0.04090297,0.04090297,0.04090297,0.04090297,
0.06104172,0.06104172,0.06104172,0.04090297,0.04090297,0.04090297,0.04090297,0.06104172,0.04090297,0.04090297,0.04090297,0.04090297,0.04090297,0.04090297,0.04090297,0.04090297,0.04090297,0.04090297,0.1170664,0.04090297,0.04090297,0.04090297,0.04505089,0.04090297,0.04090297,0.04090297,0.04090297,0.04090297,0.06104172,0.04090297,
0.06104172,0.06104172,0.04090297,0.1170664,0.1707404,0.04505089,0.10042,0.04090297,0.04090297,0.04090297,0.04090297,0.04090297,0.04090297,0.04090297,0.04090297,0.06104172,0.04090297,0.06104172,0.04090297,0.04090297,0.04505089,0.04090297,0.04090297,0.04090297,0.04090297,0.04090297,0.06104172,0.04090297,0.06104172,0.06104172,
0.04090297,0.04090297,0.04090297,0.0954841,0.04090297,0.04090297,0.04090297,0.04090297,0.04090297,0.04090297,0.04090297,0.04090297,0.04090297,0.04090297,0.04090297,0.04090297,0.04090297,0.04090297,0.1464747,0.06104172,0.04090297,0.04090297,0.04090297,0.04090297,0.04090297,0.04090297,0.04090297,0.04090297,0.04090297,0.04090297,
0.04090297,0.04090297,0.04090297,0.04090297,0.04090297,0.04090297,0.04090297,0.04090297,0.04090297,0.005885458,0.04090297,0.04090297,0.04090297,0.04090297,0.04090297,0.04090297,0.04090297,0.04090297,0.04090297,0.04090297,0.04090297,0.04090297,0.04090297,0.04090297,0.04090297,0.04090297,0.04090297,0.04090297,0.04090297,0.04090297,
0.04090297,0.04090297,0.04090297,0.04090297,0.04090297,0.04090297,0.04090297,0.04090297,0.04090297,0.04090297,0.04090297,0.04090297,0.04090297,0.04090297,0.04090297,0.04090297,0.04090297,0.04090297,0.04090297,0.04090297,0.04090297,0.04090297,0.04090297,0.04090297,0.04090297,0.04090297,0.04090297,0.04090297,0.005663896,0.04090297,
0.04090297,0.04090297,0.04090297,0.04090297,0.04090297,0.04090297,0.04090297,0.04090297,0.04090297,0.04090297,0.04090297,0.04090297,0.04090297,0.04090297,0.04090297,0.04090297,0.04090297,0.04090297,0.04090297,0.04090297,0.04090297,0.04090297,0.04090297,0.04090297,0.04090297,0.04090297,0.04090297,0.04090297,0.04090297,0.04090297,
0.04090297,0.04090297,0.04090297,0.04090297,0.04090297,0.04090297,0.04090297,0.04090297,0.04090297,0.04090297,0.04090297,0.04090297,0.04090297,0.04090297,0.04090297,0.04090297,0.04090297,0.04090297,0.04090297,0.04090297,0.04090297,0.06727637,0.04090297,0.04090297,0.04090297,0.04090297,0.04090297,0.04090297,0.04090297,0.04090297,
0.06727637,0.04090297,0.04090297,0.04090297,0.04090297,0.1220784,0.04090297,0.04090297,0.04090297,0.04090297,0.04090297,0.04090297,0.04090297,0.04090297,0.04090297,0.04090297,0.04090297,0.04090297,0.04090297,0.04090297,0.04090297,0.04090297,0.07814258,0.04090297,0.06727637,0.04090297,0.04090297,0.04090297,0.04090297,0.04090297,
0.06727637,0.04090297,0.04090297,0.01179967,0.06727637,0.04090297,0.04090297,0.04090297,0.04090297,0.04090297,0.04090297,0.04090297,0.04090297,0.04090297,0.04090297,0.06727637,0.04090297,0.04090297,0.04090297,0.04090297,0.04090297,0.04090297,0.04090297,0.04090297,0.04090297,0.04090297,0.06727637,0.04090297,0.04090297,0.04090297,
0.06727637,0.06727637,0.04090297,0.06727637,0.04090297,0.04090297,0.04090297,0.04090297,0.06727637,0.04090297,0.04090297,0.04090297,0.04090297,0.04090297,0.04090297,0.04090297,0.1587619,0.04090297,0.04090297,0.04090297,0.04090297,0.04090297,0.04090297,0.06727637,0.04090297,0.04090297,0.04090297,0.04090297,0.04090297,0.06727637,
0.06727637,0.06727637,0.06727637,0.04090297,0.04090297,0.04090297,0.06727637,0.04090297,0.04090297,0.04090297,0.04090297,0.04090297,0.04090297,0.04090297,0.04090297,0.04090297,0.04090297,0.06727637,0.06727637,0.06727637,0.04090297,0.04090297,0.04090297,0.06727637,0.04090297,0.04090297,0.04090297,0.04090297,0.04090297,0.04090297,
0.04090297,0.04090297,0.04090297,0.04090297,0.04090297,0.04090297,0.04090297,0.04090297,0.04090297,0.06727637,0.04090297,0.04090297,0.04090297,0.04090297,0.06727637,0.04090297,0.04090297,0.04090297,0.04090297,0.04090297,0.04090297,0.04090297,0.04090297,0.04090297,0.04090297,0.04090297,0.04090297,0.04090297,0.04090297,0.04090297,
0.04090297,0.04090297,0.04090297,0.04090297,0.04090297,0.04090297,0.16095,0.04090297,0.180062,0.024001,0.1701445,0.1348561,0.04090297,0.04090297,0.04090297,0.06727637,0.04090297,0.04090297,0.04090297,0.04090297,0.0463635,0.04090297,0.04090297,0.04090297,0.04090297,0.06727637,0.04090297,0.1593181,0.04090297,0.04090297,
0.04090297,0.04090297,0.04090297,0.08164453,0.04090297,0.024001,0.04090297,0.04090297,0.04090297,0.04090297,0.04090297,0.04090297,0.04090297,0.04090297,0.04090297,0.04090297,0.04090297,0.09058215,0.04090297,0.0463635,0.04090297,0.04090297,0.1939846,0.04090297,0.04090297,0.04090297,0.04090297,0.04090297,0.04090297,0.04090297,
0.04090297,0.04090297,0.04090297,0.04090297,0.04090297,0.04090297,0.04090297,0.04090297,0.0463635,0.04090297,0.04090297,0.1939846,0.04090297,0.04090297,0.04090297,0.08164453,0.04090297,0.04090297,0.04090297,0.04090297,0.04090297,0.04090297,0.04090297,0.04090297,0.04090297,0.04090297,0.04090297,0.04090297,0.04090297,0.04090297,
0.04090297,0.04090297,0.04090297,0.04090297,0.04090297,0.1077075,0.04090297,0.04090297,0.04090297,0.04090297,0.04090297,0.151772,0.04090297,0.04090297,0.1939846,0.04090297,0.04090297,0.04090297,0.04090297,0.04090297,0.04090297,0.04090297,0.04090297,0.04090297,0.04090297,0.04090297,0.04090297,0.04090297,0.0463635,0.04090297,
0.04090297,0.04090297,0.04090297,0.04090297,0.04090297,0.04090297,0.04090297,0.04090297,0.04090297,0.04090297,0.04090297,0.04090297,0.04090297,0.04090297,0.04090297,0.04090297,0.04090297,0.0463635,0.04090297,0.04090297,0.04090297,0.04090297,0.04090297,0.04090297,0.04090297,0.04090297,0.04090297,0.04090297,0.04090297,0.04090297,
0.04090297,0.04090297,0.04090297,0.1188337,0.04090297,0.04090297,0.04090297,0.04090297,0.04090297,0.04090297,0.04090297,0.04090297,0.04090297,0.04090297,0.04090297,0.04090297,0.04090297,0.04090297,0.04090297,0.04090297,0.04090297,0.1455218,0.04090297,0.04090297,0.04090297,0.04090297,0.04090297,0.04090297,0.04090297,0.04090297,
0.04090297,0.04090297,0.04090297,0.04090297,0.04090297,0.04090297,0.04090297,0.04090297,0.04090297,0.1455218,0.09787732,0.04090297,0.07038158,0.04090297,0.04090297,0.04090297,0.04090297,0.04090297,0.04090297,0.04090297,0.04090297,0.04090297,0.04090297,0.04090297,0.04090297,0.04090297,0.04090297,0.04090297,0.04090297,0.04090297,
0.04090297,0.04090297,0.04090297,0.04090297,0.04090297,0.04090297,0.04090297,0.04090297,0.04090297,0.04090297,0.04090297,0.04090297,0.04090297,0.04090297,0.04090297,0.04090297,0.1723593,0.04090297,0.04090297,0.04090297,0.04090297,0.04090297,0.04090297,0.04090297,0.04090297,0.04090297,0.04090297,0.04090297,0.04090297,0.04090297,
0.04090297,0.04090297,0.04090297,0.04090297,0.04090297,0.04090297,0.04090297,0.04090297,0.04090297,0.04090297,0.04090297,0.04090297,0.1333848,0.04090297,0.04090297,0.04090297,0.04090297,0.1723593,0.04090297,0.04090297,0.04090297,0.04090297,0.04090297,0.04090297,0.04090297,0.04090297,0.04090297,0.04090297,0.04090297,0.04090297,
0.04090297,0.04090297,0.04090297,0.04090297,0.04090297,0.04090297,0.04090297,0.04090297,0.04090297,0.04090297,0.04090297,0.04090297,0.04090297,0.04090297,0.04090297,0.04090297,0.04090297,0.04090297,0.1743728,0.1333848,0.04090297,0.04090297,0.04090297,0.04090297,0.04090297,0.04090297,0.04090297,0.04090297,0.04090297,0.04090297,
0.04090297,0.04090297,0.04090297,0.04090297,0.04090297,0.04090297,0.04090297,0.04090297,0.04090297,0.04090297,0.04090297,0.04090297,0.04090297,0.04090297,0.04090297,0.04090297,0.04090297,0.04090297,0.04090297,0.04090297,0.04090297,0.1123354,0.04090297,0.1363985,0.04090297,0.04090297,0.04090297,0.04090297,0.04090297,0.04090297,
0.04090297,0.04090297,0.04090297,0.04090297,0.04090297,0.04090297,0.04090297,0.04090297,0.04090297,0.04090297,0.04090297,0.04090297,0.04090297,0.04090297,0.04090297,0.04090297,0.04090297,0.04090297,0.04090297,0.04090297,0.1454032,0.09500133,0.04090297,0.04090297,0.1123354,0.12469,0.04090297,0.04090297,0.1123354,0.04090297,
0.04090297,0.04090297,0.04090297,0.04090297,0.04090297,0.04090297,0.12469,0.04090297,0.04090297,0.04090297,0.04090297,0.04090297,0.04090297,0.04090297,0.04090297,0.04090297,0.04090297,0.04090297,0.12469,0.04090297,0.04090297,0.04090297,0.04090297,0.04090297,0.04090297,0.04090297,0.04090297,0.04090297,0.04090297,0.04090297,
0.04090297,0.04090297,0.04090297,0.04090297,0.04090297,0.04090297,0.04090297,0.04090297,0.04090297,0.04090297,0.1451545,0.04090297,0.04090297,0.04090297,0.04090297,0.12469,0.04090297,0.04090297,0.04090297,0.04090297,0.04090297,0.04090297,0.04090297,0.04090297,0.04090297,0.04090297,0.04090297,0.04090297,0.04090297,0.04090297,
0.04090297,0.04090297,0.04090297,0.04090297,0.04090297,0.04090297,0.04090297,0.04090297,0.04090297,0.04090297,0.04090297,0.04090297,0.04090297,0.04090297,0.12469,0.04090297,0.04090297,0.04090297,0.04090297,0.04090297,0.04090297,0.04090297,0.04090297,0.04090297,0.04090297,0.04090297,0.04090297,0.04090297,0.04090297,0.04090297,
0.04090297,0.04090297,0.04090297,0.04090297,0.04090297,0.04090297,0.04090297,0.04090297,0.04090297,0.04090297,0.04090297,0.04090297,0.04090297,0.04090297,0.04090297,0.04090297,0.12469,0.04090297,0.04090297,0.04090297,0.04090297,0.04090297,0.04090297,0.04090297,0.04090297,0.04090297,0.04090297,0.04090297,0.1604748,0.04090297,
0.04090297,0.04090297,0.04090297,0.04090297,0.04090297,0.04090297,0.04090297,0.04090297,0.04090297,0.04090297,0.04090297,0.04090297,0.04090297,0.04090297,0.04090297,0.04090297,0.04090297,0.04090297,0.04090297,0.04090297,0.04090297,0.04090297,0.04090297,0.04090297,0.04090297,0.04090297,0.04090297,0.04090297,0.04090297,0.04090297,
0.04090297,0.04090297,0.04090297,0.04090297,0.04090297,0.04090297,0.04090297,0.04090297,0.04090297,0.04090297,0.07178163,0.04090297,0.04090297,0.04090297,0.04090297,0.04090297,0.04090297,0.04090297,0.04090297,0.04090297,0.04090297,0.04090297,0.04090297,0.04090297,0.04090297,0.04090297,0.04090297,0.04090297,0.04090297,0.04090297,
0.04090297,0.04090297,0.01907346,0.04090297,0.1329082,0.04090297,0.04090297,0.04090297,0.04090297,0.04090297,0.04090297,0.04090297,0.04090297,0.04090297,0.04090297,0.04090297,0.04090297,0.04090297,0.04090297,0.04090297,0.04090297,0.04090297,0.04090297,0.04090297,0.03631482,0.04090297,0.04090297,0.04090297,0.04090297,0.04090297,
0.04090297,0.04090297,0.04090297,0.04090297,0.04090297,0.04090297,0.04090297,0.04090297,0.04090297,0.04090297,0.04090297,0.04090297,0.04090297,0.04090297,0.03631482,0.04090297,0.04090297,0.04090297,0.04090297,0.04090297,0.04090297,0.04090297,0.04090297,0.04090297,0.04090297,0.04090297,0.04090297,0.04090297,0.04090297,0.04090297,
0.04090297,0.04090297,0.04090297,0.04090297,0.04090297,0.04090297,0.04090297,0.04090297,0.05873765,0.04090297,0.08392107,0.04090297,0.04090297,0.04090297,0.04090297,0.04090297,0.1022242,0.04090297,0.04090297,0.04090297,0.04090297,0.04090297,0.1856619,0.04090297,0.04090297,0.04090297,0.04090297,0.04090297,0.04090297,0.04090297,
0.05873765,0.04090297,0.1389155,0.04090297,0.04090297,0.04090297,0.04090297,0.04090297,0.04090297,0.04090297,0.04090297,0.04090297,0.04090297,0.04090297,0.04090297,0.04090297,0.05294973,0.04090297,0.04090297,0.1022242,0.04090297,0.04090297,0.04090297,0.05873765,0.04090297,0.04090297,0.04090297,0.05873765,0.04090297,0.04090297,
0.04090297,0.04090297,0.1529543,0.04090297,0.04090297,0.04090297,0.04090297,0.04090297,0.04090297,0.04090297,0.04090297,0.04090297,0.04090297,0.04090297,0.1272577,0.04090297,0.04090297,0.04090297,0.04090297,0.04090297,0.04090297,0.04090297,0.04090297,0.04090297,0.04090297,0.05873765,0.04090297,0.04090297,0.04090297,0.04090297,
0.04090297,0.04090297,0.04090297,0.04090297,0.04090297,0.04090297,0.04090297,0.04090297,0.04090297,0.04090297,0.04090297,0.06038164,0.04787152,0.04090297,0.04090297,0.04090297,0.04090297,0.04090297,0.04090297,0.04090297,0.04090297,0.04090297,0.04090297,0.04090297,0.0669057,0.04090297,0.04090297,0.04090297,0.04090297,0.04090297,
0.04090297,0.04090297,0.04090297,0.04090297,0.04090297,0.04090297,0.04090297,0.0669057,0.04090297,0.04090297,0.04090297,0.0669057,0.04090297,0.04090297,0.04090297,0.04090297,0.04090297,0.04090297,0.04090297,0.0669057,0.04787152,0.06038164,0.04090297,0.04090297,0.04090297,0.04090297,0.04090297,0.04090297,0.04090297,0.04090297,
0.04090297,0.04090297,0.04090297,0.04090297,0.04090297,0.070829,0.04090297,0.04803634,0.04090297,0.04090297,0.04090297,0.04090297,0.04090297,0.04090297,0.04090297,0.04090297,0.04090297,0.04090297,0.0669057,0.04090297,0.04090297,0.1264129,0.1213263,0.04787152,0.04090297,0.04090297,0.04090297,0.04090297,0.04090297,0.04090297,
0.04090297,0.04090297,0.04090297,0.04090297,0.09365138,0.04090297,0.04090297,0.04090297,0.04090297,0.09402398,0.04090297,0.04090297,0.04090297,0.04090297,0.04090297,0.04090297,0.04090297,0.04090297,0.04090297,0.04090297,0.04090297,0.04090297,0.04090297,0.04090297,0.04090297,0.04090297,0.04090297,0.04090297,0.04090297,0.04090297,
0.04090297,0.04090297,0.04090297,0.04090297,0.04090297,0.04090297,0.1902187,0.04090297,0.1203872,0.04090297,0.04090297,0.0696298,0.04090297,0.04090297,0.04090297,0.04090297,0.002184296,0.04090297,0.04090297,0.04090297,0.04090297,0.04090297,0.04090297,0.04090297,0.04090297,0.04090297,0.04090297,0.1768959,0.002092957,0.04090297,
0.04090297,0.04090297,0.04090297,0.04090297,0.04090297,0.04090297,0.04090297,0.04090297,0.04090297,0.0696298,0.04090297,0.04090297,0.04090297,0.04090297,0.04090297,0.04090297,0.04090297,0.04090297,0.04090297,0.04090297,0.04090297,0.04090297,0.04090297,0.04090297,0.04090297,0.04090297,0.04090297,0.04090297,0.04090297,0.04090297,
0.0696298,0.04090297,0.04090297,0.04090297,0.0696298,0.04090297,0.04090297,0.04090297,0.04090297,0.04090297,0.04090297,0.04090297,0.04090297,0.04090297,0.04090297,0.04090297,0.04090297,0.04090297,0.04090297,0.04090297,0.04090297,0.04090297,0.04090297,0.04090297,0.04090297,0.04090297,0.04090297,0.04090297,0.04090297,0.04090297,
0.0696298,0.0696298,0.0696298,0.0862573,0.04090297,0.04090297,0.04090297,0.04090297,0.04090297,0.04090297,0.04090297,0.04090297,0.009741569,0.04090297,0.04090297,0.04090297,0.04090297,0.04090297,0.04090297,0.04090297,0.04090297,0.04090297,0.04090297,0.04090297,0.08088771,0.04090297,0.04090297,0.04090297,0.1438446,0.04090297,
0.0696298,0.0696298,0.04090297,0.0696298,0.1735881,0.0696298,0.04090297,0.04090297,0.04090297,0.04090297,0.04090297,0.0696298,0.04090297,0.04090297,0.0696298,0.0696298,0.08088771,0.04090297,0.04090297,0.04090297,0.0696298,0.04090297,0.04090297,0.1360207,0.04090297,0.0696298,0.04090297,0.04090297,0.009741569,0.04090297,
0.04090297,0.04090297,0.04090297,0.0696298,0.04090297,0.04090297,0.04090297,0.0696298,0.04090297,0.04090297,0.0696298,0.04090297,0.04090297,0.04090297,0.04090297,0.04090297,0.0696298,0.0696298,0.0696298,0.04090297,0.04090297,0.04090297,0.04090297,0.04090297,0.04090297,0.04090297,0.0696298,0.04090297,0.0696298,0.0696298,
0.0696298,0.0696298,0.04090297,0.0696298,0.0696298,0.04090297,0.04090297,0.04090297,0.04090297,0.1007591,0.04090297,0.04090297,0.04090297,0.04090297,0.0696298,0.04090297,0.04090297,0.1753487,0.04090297,0.04090297,0.04090297,0.0696298,0.0696298,0.04090297,0.04090297,0.04090297,0.0696298,0.04090297,0.04090297,0.0696298,
0.0696298,0.0696298,0.0696298,0.04090297,0.04090297,0.0696298,0.04090297,0.04090297,0.04090297,0.04090297,0.04090297,0.0696298,0.0696298,0.0696298,0.04090297,0.0696298,0.0696298,0.1753487,0.04090297,0.04090297,0.04090297,0.04090297,0.0696298,0.1007591,0.04090297,0.1007591,0.04090297,0.04090297,0.04090297,0.04090297,
0.04090297,0.04090297,0.1753487,0.0696298,0.04090297,0.04090297,0.04090297,0.04090297,0.04090297,0.04090297,0.0696298,0.04090297,0.04090297,0.0696298,0.04090297,0.04090297,0.1007591,0.04090297,0.04090297,0.04090297,0.04090297,0.1768343,0.04090297,0.04090297,0.04090297,0.04090297,0.04090297,0.04090297,0.0696298,0.04090297,
0.04090297,0.04090297,0.04090297,0.04090297,0.04090297,0.04090297,0.04090297,0.04090297,0.04090297,0.04090297,0.04090297,0.1768343,0.04090297,0.04090297,0.04090297,0.04090297,0.04090297,0.04090297,0.04090297,0.04090297,0.04090297,0.04090297,0.04090297,0.04090297,0.1007591,0.04090297,0.1165486,0.04090297,0.0696298,0.04090297,
0.04090297,0.04090297,0.04090297,0.04090297,0.04090297,0.04090297,0.04090297,0.04090297,0.04090297,0.04090297,0.04090297,0.04090297,0.04090297,0.04090297,0.04090297,0.04090297,0.04090297,0.04090297,0.04090297,0.04090297,0.04090297,0.04090297,0.04090297,0.04090297,0.04090297,0.04090297,0.04090297,0.04090297,0.09788269,0.04090297,
0.04090297,0.04090297,0.04090297,0.04090297,0.0709809,0.04090297,0.04090297,0.04090297,0.04090297,0.04090297,0.04090297,0.04090297,0.04090297,0.04090297,0.04090297,0.04090297,0.04090297,0.04090297,0.04090297,0.04090297,0.04090297,0.04090297,0.04090297,0.04090297,0.04090297,0.04090297,0.09848744,0.04090297,0.04090297,0.04090297,
0.04090297,0.04090297,0.04090297,0.04090297,0.04090297,0.04090297,0.04090297,0.04090297,0.04090297,0.04090297,0.04090297,0.04090297,0.04090297,0.04090297,0.04090297,0.04090297,0.04090297,0.04090297,0.04090297,0.04090297,0.04090297,0.04090297,0.04090297,0.04090297,0.04090297,0.04090297,0.05150591,0.09848744,0.04090297,0.04090297,
0.04090297,0.04090297,0.04090297,0.04090297,0.04090297,0.04090297,0.05150591,0.04090297,0.04090297,0.04090297,0.04090297,0.04090297,0.04090297,0.04090297,0.04090297,0.04090297,0.04090297,0.04090297,0.04090297,0.04090297,0.04090297,0.04090297,0.04090297,0.04090297,0.04090297,0.04090297,0.04090297,0.04090297,0.04090297,0.04090297,
0.04090297,0.04090297,0.04090297,0.04090297,0.04090297,0.04090297,0.04090297,0.01303675,0.04090297,0.04090297,0.04090297,0.04090297,0.194416,0.04090297,0.05150591,0.04090297,0.04090297,0.003627277,0.04090297,0.04090297,0.04090297,0.04090297,0.04090297,0.04090297,0.04090297,0.1515806,0.04090297,0.04090297,0.04090297,0.04090297,
0.04090297,0.04090297,0.04090297,0.04090297,0.04090297,0.04090297,0.04090297,0.04090297,0.04090297,0.04090297,0.04090297,0.04090297,0.04090297,0.04090297,0.04090297,0.04090297,0.04090297,0.04090297,0.04090297,0.01556749,0.04090297,0.04090297,0.05150591,0.04090297,0.04090297,0.1168033,0.04090297,0.04090297,0.04090297,0.04075029,
0.05150591,0.04090297,0.04090297,0.04090297,0.04090297,0.04090297,0.04090297,0.04090297,0.04090297,0.1792498,0.04090297,0.04090297,0.04090297,0.04090297,0.04090297,0.04090297,0.04090297,0.04090297,0.04090297,0.04090297,0.04090297,0.04090297,0.04090297,0.04090297,0.04090297,0.01556749,0.04090297,0.04090297,0.1168033,0.04090297,
0.04090297,0.04090297,0.04090297,0.04090297,0.1346702,0.04090297,0.04090297,0.05150591,0.04090297,0.04090297,0.04090297,0.04090297,0.04090297,0.04090297,0.04090297,0.04090297,0.04090297,0.04090297,0.1168033,0.04090297,0.04090297,0.04090297,0.04090297,0.05150591,0.04090297,0.04090297,0.04090297,0.04090297,0.04090297,0.04090297,
0.04090297,0.04090297,0.04090297,0.04090297,0.1346702,0.04090297,0.04090297,0.04090297,0.04090297,0.04090297,0.04090297,0.04090297,0.04090297,0.04090297,0.04090297,0.04090297,0.04090297,0.04090297,0.04090297,0.05150591,0.04090297,0.04090297,0.04090297,0.04090297,0.04090297,0.04090297,0.04090297,0.04090297,0.04090297,0.04090297,
0.04090297,0.04090297,0.04090297,0.04090297,0.04090297,0.04090297,0.04090297,0.04090297,0.04090297,0.04090297,0.04090297,0.04090297,0.04090297,0.04090297,0.04090297,0.04090297,0.04090297,0.05150591,0.04090297,0.04090297,0.06507102,0.04090297,0.04090297,0.04090297,0.04090297,0.04090297,0.04090297,0.05150591,0.05150591,0.04090297,
0.04090297,0.04090297,0.04090297,0.04090297,0.04090297,0.04090297,0.04090297,0.04090297,0.04090297,0.04090297,0.04090297,0.04090297,0.04090297,0.04090297,0.04090297,0.04090297,0.04090297,0.04090297,0.04090297,0.04090297,0.04090297,0.04090297,0.02702353,0.04090297,0.04090297,0.04090297,0.04090297,0.05150591,0.04090297,0.04090297,
0.05150591,0.04090297,0.04090297,0.04090297,0.04090297,0.04090297,0.04090297,0.04090297,0.04090297,0.04090297,0.04090297,0.04090297,0.04090297,0.0245779,1.275539E-05,0.1449527,0.05150591,0.04090297,0.04090297,0.04090297,0.04090297,0.04090297,0.04090297,0.04090297,0.04090297,0.04090297,0.04090297,0.05150591,0.04090297,0.04090297,
0.05150591,0.04090297,0.0245779,0.04090297,0.04090297,0.04090297,0.1885919,0.04090297,0.1449527,0.04090297,0.04090297,0.04090297,0.04090297,0.04090297,0.04090297,0.05150591,0.04090297,0.04090297,0.04090297,0.04090297,0.04090297,0.04090297,0.05150591,0.04090297,0.04090297,0.04090297,0.04090297,0.05150591,0.1572068,0.04090297,
0.04090297,0.04090297,0.04090297,0.04090297,0.04090297,0.04090297,0.04090297,0.04090297,0.0245779,0.04090297,0.04090297,0.04090297,0.04090297,0.04090297,0.04090297,0.04090297,0.04090297,0.04090297,0.04090297,0.1827787,0.04090297,0.04090297,0.04090297,0.04090297,0.04090297,0.04090297,0.04090297,0.04090297,0.04090297,0.04090297,
0.04090297,0.04090297,0.04090297,0.04090297,0.04090297,0.04090297,0.04090297,0.04090297,0.04090297,0.04090297,0.04090297,0.04090297,0.04090297,0.04090297,0.04090297,0.04090297,0.04090297,0.04090297,0.04090297,0.04090297,0.04090297,0.04090297,0.04090297,0.04090297,0.04090297,0.04090297,0.04090297,0.02803307,0.04090297,0.137554,
0.04090297,0.04090297,0.04090297,0.04090297,0.04090297,0.04090297,0.04090297,0.04090297,0.04090297,0.04090297,0.04090297,0.04090297,0.04090297,0.04090297,0.04090297,0.04090297,0.04090297,0.04090297,0.04090297,0.04090297,0.04090297,0.04090297,0.04090297,0.04090297,0.04090297,0.04090297,0.04090297,0.04090297,0.04090297,0.04090297,
0.04090297,0.04090297,0.04026084,0.04090297,0.04090297,0.04090297,0.04090297,0.04090297,0.04090297,0.03961194,0.04090297,0.04090297,0.04090297,0.04090297,0.04090297,0.04090297,0.04090297,0.1156465,0.04090297,0.04090297,0.04090297,0.04090297,0.04090297,0.04090297,0.04090297,0.04090297,0.04090297,0.04090297,0.04090297,0.04090297,
0.03961194,0.04090297,0.04090297,0.04090297,0.04090297,0.04090297,0.04090297,0.04090297,0.04090297,0.04090297,0.04090297,0.04090297,0.04090297,0.04090297,0.04090297,0.03961194,0.04090297,0.04090297,0.04090297,0.1951991,0.03961194,0.04090297,0.04090297,0.04090297,0.04090297,0.04090297,0.04090297,0.04090297,0.04090297,0.04090297,
0.03961194,0.03961194,0.04090297,0.04090297,0.04090297,0.04090297,0.04090297,0.04090297,0.03961194,0.04090297,0.04090297,0.04090297,0.04090297,0.04090297,0.03961194,0.04090297,0.04090297,0.04090297,0.03961194,0.04090297,0.04090297,0.04090297,0.04090297,0.04090297,0.04090297,0.04090297,0.03961194,0.04090297,0.04090297,0.04090297,
0.03961194,0.03961194,0.04090297,0.04090297,0.1029474,0.04090297,0.04090297,0.04090297,0.04090297,0.04090297,0.04090297,0.04090297,0.1046343,0.04090297,0.0309335,0.02003083,0.04090297,0.03961194,0.04090297,0.03961194,0.04090297,0.04090297,0.03961194,0.04090297,0.04090297,0.04090297,0.04090297,0.04090297,0.04090297,0.04090297,
0.04090297,0.04090297,0.04090297,0.03961194,0.03961194,0.1029474,0.04090297,0.04090297,0.04090297,0.04090297,0.04090297,0.04090297,0.06098532,0.03961194,0.04639964,0.04090297,0.03961194,0.03961194,0.04090297,0.04090297,0.04090297,0.04090297,0.04090297,0.04090297,0.04090297,0.04090297,0.04090297,0.03961194,0.04090297,0.04090297,
0.04090297,0.04090297,0.03961194,0.04090297,0.03961194,0.04090297,0.04090297,0.03961194,0.03961194,0.04090297,0.04812062,0.04090297,0.04090297,0.04090297,0.03961194,0.04090297,0.04090297,0.04090297,0.03961194,0.04090297,0.03961194,0.1916977,0.04090297,0.03961194,0.04090297,0.03961194,0.04090297,0.04090297,0.04090297,0.04639964,
0.03961194,0.03961194,0.04090297,0.04090297,0.04639964,0.03961194,0.04090297,0.04090297,0.04090297,0.04639964,0.04090297,0.04639964,0.04090297,0.04090297,0.03961194,0.04090297,0.04090297,0.03961194,0.04639964,0.04090297,0.04090297,0.04090297,0.04090297,0.03961194,0.03961194,0.03961194,0.08149587,0.03961194,0.04090297,0.04090297,
0.03961194,0.03961194,0.04090297,0.04090297,0.1923947,0.08149587,0.04639964,0.04090297,0.03961194,0.1759181,0.1164873,0.04090297,0.04090297,0.04090297,0.04090297,0.03961194,0.04090297,0.04639964,0.03961194,0.04639964,0.03961194,0.03961194,0.04090297,0.04090297,0.04090297,0.04090297,0.04090297,0.03961194,0.04090297,0.04090297,
0.03961194,0.03961194,0.03961194,0.04090297,0.08149587,0.04090297,0.03961194,0.03961194,0.04090297,0.04090297,0.03961194,0.08149587,0.04090297,0.04090297,0.03961194,0.04090297,0.03961194,0.03961194,0.03961194,0.04090297,0.04090297,0.04090297,0.04090297,0.03961194,0.03961194,0.03961194,0.04090297,0.04090297,0.04090297,0.04090297,
0.03961194,0.03961194,0.03961194,0.04090297,0.04090297,0.03961194,0.03961194,0.04090297,0.04090297,0.04090297,0.03961194,0.03961194,0.04090297,0.03961194,0.03961194,0.03961194,0.03961194,0.04090297,0.04090297,0.00270865,0.04090297,0.04090297,0.04090297,0.04090297,0.03961194,0.03961194,0.03961194,0.04090297,0.04090297,0.03961194,
0.04090297,0.04090297,0.03961194,0.03961194,0.04090297,0.00270865,0.03961194,0.03961194,0.04090297,0.03961194,0.03961194,0.03961194,0.04090297,0.04090297,0.03961194,0.04090297,0.04090297,0.04090297,0.04090297,0.04090297,0.04090297,0.03961194,0.03961194,0.04090297,0.04090297,0.03961194,0.04090297,0.04090297,0.04090297,0.03961194,
0.04090297,0.04090297,0.03961194,0.03961194,0.03961194,0.03961194,0.03961194,0.03961194,0.03961194,0.1129459,0.03961194,0.03961194,0.04090297,0.04090297,0.03961194,0.04090297,0.04090297,0.03961194,0.04090297,0.03961194,0.03961194,0.04090297,0.04090297,0.03961194,0.04090297,0.04090297,0.03961194,0.04090297,0.04090297,0.1163922,
0.04090297,0.04090297,0.03961194,0.03961194,0.03961194,0.03505917,0.04090297,0.04090297,0.03961194,0.03961194,0.03961194,0.1636076,0.04090297,0.04090297,0.04090297,0.04090297,0.03961194,0.03961194,0.03961194,0.04090297,0.04090297,0.04090297,0.1351634,0.03961194,0.03961194,0.04090297,0.1527129,0.04090297,0.1695182,0.03961194,
0.04090297,0.04090297,0.1776571,0.04090297,0.03961194,0.04090297,0.04090297,0.03961194,0.03961194,0.04090297,0.04090297,0.03961194,0.03961194,0.03961194,0.04090297,0.008837032,0.04090297,0.04090297,0.04090297,0.03961194,0.03961194,0.03505917,0.04090297,0.04090297,0.04090297,0.04090297,0.03961194,0.04090297,0.03961194,0.04090297,
0.04090297,0.04090297,0.04090297,0.04090297,0.04090297,0.03961194,0.05854956,0.03961194,0.04090297,0.03961194,0.03961194,0.03961194,0.03961194,0.03961194,0.04090297,0.03961194,0.04090297,0.04090297,0.04090297,0.04090297,0.04090297,0.04090297,0.03961194,0.04090297,0.04090297,0.04090297,0.03961194,0.04090297,0.03961194,0.03961194,
0.05854956,0.04090297,0.05854956,0.03961194,0.05854956,0.04090297,0.04090297,0.04090297,0.04090297,0.04090297,0.03961194,0.04090297,0.03961194,0.05854956,0.04090297,0.03961194,0.04090297,0.04090297,0.03961194,0.04090297,0.04090297,0.03961194,0.03961194,0.04090297,0.101637,0.03961194,0.05854956,0.03961194,0.03961194,0.03961194,
0.05854956,0.05854956,0.03961194,0.04090297,0.04090297,0.05854956,0.03961194,0.04090297,0.04090297,0.03961194,0.05854956,0.03961194,0.04090297,0.03961194,0.04090297,0.03961194,0.03961194,0.04090297,0.03961194,0.04090297,0.03961194,0.04090297,0.03961194,0.05854956,0.05854956,0.03961194,0.03961194,0.04090297,0.05854956,0.03961194,
0.03961194,0.03961194,0.03961194,0.03961194,0.03961194,0.03961194,0.03961194,0.03961194,0.05854956,0.05854956,0.04090297,0.05854956,0.06760637,0.04090297,0.03961194,0.03961194,0.03961194,0.04090297,0.03961194,0.04090297,0.04090297,0.04090297,0.03961194,0.04090297,0.04090297,0.04090297,0.03961194,0.04090297,0.04090297,0.04090297,
0.03961194,0.03961194,0.04090297,0.03961194,0.03961194,0.03961194,0.05854956,0.03961194,0.03961194,0.04090297,0.03961194,0.04090297,0.06760637,0.03961194,0.03961194,0.04090297,0.03961194,0.04090297,0.03961194,0.03961194,0.05854956,0.04090297,0.05854956,0.04090297,0.03961194,0.06760637,0.04090297,0.04090297,0.03961194,0.1972614,
0.03961194,0.03961194,0.01159785,0.03961194,0.03961194,0.03961194,0.03961194,0.03961194,0.04090297,0.04090297,0.05854956,0.03961194,0.03961194,0.03961194,0.03961194,0.03961194,0.03961194,0.03961194,0.04090297,0.04090297,0.03961194,0.03961194,0.04090297,0.03961194,0.03961194,0.04090297,0.03961194,0.03961194,0.04090297,0.04090297,
0.05854956,0.04090297,0.05854956,0.03961194,0.03961194,0.04090297,0.03961194,0.03961194,0.03961194,0.03961194,0.04090297,0.04090297,0.03961194,0.04090297,0.03961194,0.03961194,0.05854956,0.04497793,0.04090297,0.03961194,0.04090297,0.04090297,0.03961194,0.04090297,0.03961194,0.03961194,0.03961194,0.03961194,0.03961194,0.04090297,
0.05854956,0.05854956,0.04090297,0.03961194,0.05854956,0.03961194,0.03961194,0.03961194,0.04497793,0.04090297,0.03721373,0.03961194,0.03961194,0.05854956,0.04090297,0.03961194,0.05854956,0.04090297,0.03961194,0.03961194,0.04090297,0.03961194,0.03961194,0.04090297,0.04090297,0.03961194,0.03961194,0.03961194,0.04090297,0.03961194,
0.05854956,0.05854956,0.05854956,0.03961194,0.03961194,0.04090297,0.03961194,0.03961194,0.03961194,0.04090297,0.03961194,0.03961194,0.04497793,0.05854956,0.03961194,0.03961194,0.03961194,0.03961194,0.04090297,0.03961194,0.03961194,0.04497793,0.09351631,0.03961194,0.03961194,0.04090297,0.03961194,0.03961194,0.04497793,0.05854956,
0.05854956,0.05854956,0.03961194,0.04090297,0.09351631,0.05854956,0.03961194,0.03961194,0.03961194,0.03961194,0.03961194,0.05854956,0.09351631,0.03961194,0.03961194,0.03961194,0.03961194,0.03961194,0.04090297,0.03961194,0.03961194,0.03961194,0.03961194,0.03961194,0.03961194,0.05854956,0.03961194,0.03961194,0.04497793,0.04497793,
0.03961194,0.03961194,0.05854956,0.03961194,0.03961194,0.05854956,0.03961194,0.04497793,0.05854956,0.03961194,0.03961194,0.03961194,0.09351631,0.03961194,0.03961194,0.03961194,0.04497793,0.03961194,0.09351631,0.03961194,0.08392181,0.03961194,0.03961194,0.05854956,0.03961194,0.09351631,0.04497793,0.05854956,0.03961194,0.03961194,
0.03961194,0.03961194,0.03961194,0.03961194,0.03961194,0.08392181,0.03961194,0.03961194,0.03961194,0.09351631,0.09351631,0.05854956,0.03961194,0.03504935,0.04497793,0.1019381,0.03961194,0.04497793,0.03961194,0.03961194,0.03961194,0.03961194,0.09351631,0.03961194,0.03961194,0.03961194,0.05854956,0.03961194,0.03961194,0.03961194,
0.04497793,0.03961194,0.03961194,0.03961194,0.05854956,0.03961194,0.04497793,0.08392181,0.03961194,0.03961194,0.03740282,0.03504935,0.03961194,0.03961194,0.03961194,0.03504935,0.05854956,0.03961194,0.03961194,0.03961194,0.03961194,0.04497793,0.03961194,0.03961194,0.03961194,0.05854956,0.03961194,0.03961194,0.09351631,0.03961194,
0.05854956,0.05854956,0.03961194,0.04497793,0.03961194,0.03961194,0.03961194,0.03961194,0.03961194,0.03961194,0.03504935,0.05854956,0.03961194,0.04497793,0.03961194,0.03961194,0.03961194,0.03961194,0.03961194,0.04497793,0.04497793,0.03961194,0.03961194,0.04497793,0.03961194,0.05854956,0.06119717,0.04497793,0.03961194,0.03961194,
0.05854956,0.05854956,0.06119717,0.06119717,0.04497793,0.06119717,0.05854956,0.03961194,0.04497793,0.03961194,0.06119717,0.01005468,0.03961194,0.1956976,0.03961194,0.05854956,0.03961194,0.05854956,0.03961194,0.03961194,0.03961194,0.03961194,0.03961194,0.03961194,0.04497793,0.04497793,0.05854956,0.03961194,0.04497793,0.03961194,
0.05854956,0.05854956,0.03961194,0.05854956,0.05854956,0.03961194,0.04497793,0.05854956,0.04497793,0.03961194,0.06119717,0.03961194,0.03961194,0.03961194,0.03961194,0.06119717,0.03961194,0.06119717,0.06119717,0.03961194,0.03961194,0.06119717,0.04497793,0.03961194,0.06119717,0.03961194,0.05854956,0.03961194,0.03961194,0.03961194,
0.03961194,0.03961194,0.06119717,0.03961194,0.06119717,0.05854956,0.06119717,0.03961194,0.03961194,0.04497793,0.04497793,0.04497793,0.03961194,0.03516271,0.03961194,0.03961194,0.05854956,0.03961194,0.04497793,0.07734956,0.05854956,0.05854956,0.03961194,0.03961194,0.03961194,0.03961194,0.03961194,0.03961194,0.0020818,0.03961194,
0.05854956,0.05854956,0.03961194,0.03961194,0.02146692,0.03961194,0.03961194,0.05854956,0.03516271,0.04497793,0.03961194,0.03961194,0.07734956,0.06119717,0.04497793,0.05854956,0.05854956,0.03961194,0.03961194,0.05854956,0.03961194,0.05854956,0.09002861,0.03516271,0.05854956,0.07734956,0.03961194,0.04497793,0.03961194,0.03961194,
0.05854956,0.05854956,0.04497793,0.03961194,0.05854956,0.03961194,0.09533211,0.03961194,0.03961194,0.05854956,0.05854956,0.03961194,0.05854956,0.06119717,0.03961194,0.07734956,0.05854956,0.03961194,0.04497793,0.05854956,0.03961194,0.03961194,0.03961194,0.03516271,0.04497793,0.0215332,0.1035137,0.01518147,0.03961194,0.03961194,
0.05854956,0.05854956,0.03961194,0.03961194,0.03961194,0.05854956,0.05854956,0.1871229,0.03961194,0.03961194,0.03961194,0.03961194,0.03961194,0.04497793,0.04497793,0.05854956,0.03961194,0.05854956,0.03961194,0.03961194,0.1126211,0.03961194,0.05854956,0.03961194,0.03516271,0.03961194,0.05854956,0.03961194,0.03961194,0.03961194,
0.05854956,0.05854956,0.03961194,0.03961194,0.0241009,0.03961194,0.05854956,0.05854956,0.03961194,0.03961194,0.05854956,0.03961194,0.03961194,0.05854956,0.03961194,0.04497793,0.03961194,0.03961194,0.03961194,0.05854956,0.03961194,0.05854956,0.03961194,0.03961194,0.03961194,0.05854956,0.03961194,0.1126211,0.05854956,0.03961194,
0.05854956,0.05854956,0.03961194,0.03961194,0.03961194,0.05854956,0.1126211,0.03961194,0.05854956,0.03961194,0.03961194,0.05854956,0.03961194,0.03961194,0.03961194,0.04497793,0.05854956,0.05854956,0.03961194,0.05854956,0.05854956,0.03961194,0.05854956,0.05854956,0.03961194,0.03961194,0.05854956,0.05854956,0.03961194,0.03961194,
0.03961194,0.03961194,0.05854956,0.03961194,0.03961194,0.03961194,0.03961194,0.05854956,0.05854956,0.03961194,0.03961194,0.03961194,0.03961194,0.03961194,0.05854956,0.05854956,0.05854956,0.03961194,0.03961194,0.05854956,0.03961194,0.04497793,0.03961194,0.03961194,0.05854956,0.03934057,0.05854956,0.05854956,0.05854956,0.05854956,
0.03934057,0.03961194,0.03934057,0.05854956,0.03961194,0.05854956,0.03961194,0.04497793,0.03961194,0.03961194,0.03961194,0.05854956,0.03961194,0.03961194,0.05854956,0.03961194,0.05854956,0.03961194,0.03934057,0.04497793,0.05854956,0.04497793,0.03961194,0.03961194,0.03961194,0.03961194,0.03961194,0.03961194,0.03961194,0.03961194,
0.03934057,0.03934057,0.03961194,0.03961194,0.03961194,0.03961194,0.03961194,0.03961194,0.03961194,0.05854956,0.04497793,0.03961194,0.03961194,0.03961194,0.04497793,0.03961194,0.03961194,0.03961194,0.03934057,0.03961194,0.05854956,0.03961194,0.03961194,0.03961194,0.03961194,0.03961194,0.03961194,0.03961194,0.03934057,0.1395671,
0.03961194,0.03961194,0.03961194,0.03961194,0.03961194,0.03961194,0.05854956,0.03961194,0.03961194,0.03934057,0.03961194,0.03934057,0.05854956,0.03934057,0.05854956,0.03961194,0.03961194,0.03961194,0.04497793,0.03961194,0.03961194,0.03961194,0.03961194,0.03961194,0.03961194,0.03961194,0.03961194,0.03961194,0.03961194,0.03934057,
0.03934057,0.03934057,0.03961194,0.03961194,0.03961194,0.03934057,0.03961194,0.03961194,0.02843948,0.03934057,0.03934057,0.03961194,0.03961194,0.03961194,0.03934057,0.03961194,0.03961194,0.03961194,0.03961194,0.03961194,0.03961194,0.03961194,0.03961194,0.03961194,0.03961194,0.03961194,0.03961194,0.03961194,0.03961194,0.03961194,
0.03961194,0.03961194,0.03961194,0.03961194,0.03934057,0.03961194,0.03961194,0.03961194,0.03961194,0.03961194,0.02843948,0.03961194,0.03961194,0.03961194,0.03934057,0.03961194,0.03934057,0.03961194,0.03934057,0.03961194,0.03961194,0.03961194,0.03961194,0.03934057,0.03961194,0.03961194,0.03961194,0.03961194,0.03934057,0.03961194,
0.03934057,0.03961194,0.03961194,0.03961194,0.03934057,0.03961194,0.03961194,0.03961194,0.03961194,0.03961194,0.1565204,0.03961194,0.03934057,0.03961194,0.03961194,0.02843948,0.03961194,0.03961194,0.03961194,0.03961194,0.03934057,0.03961194,0.03961194,0.08444642,0.03961194,0.03961194,0.03961194,0.03961194,0.03934057,0.03934057,
0.03961194,0.03961194,0.03961194,0.03961194,0.03961194,0.03961194,0.03934057,0.03961194,0.03961194,0.03934057,0.03934057,0.1565204,0.03961194,0.03961194,0.03934057,0.03961194,0.03961194,0.03961194,0.03934057,0.02843948,0.1080186,0.03961194,0.03961194,0.03961194,0.03961194,0.03961194,0.03934057,0.03934057,0.1565204,0.03934057,
0.03961194,0.03961194,0.03961194,0.03961194,0.03961194,0.03961194,0.03961194,0.03961194,0.03961194,0.03934057,0.03934057,0.03961194,0.03934057,0.06745159,0.03961194,0.03934057,0.03961194,0.03961194,0.03961194,0.03961194,0.02843948,0.03961194,0.03934057,0.03934057,0.03961194,0.03934057,0.03961194,0.03934057,0.03961194,0.03961194,
0.03934057,0.03961194,0.03961194,0.03961194,0.03934057,0.03934057,0.03961194,0.03934057,0.03961194,0.03961194,0.03961194,0.03934057,0.03961194,0.03961194,0.03961194,0.03961194,0.06745159,0.03961194,0.03961194,0.03961194,0.03961194,0.03934057,0.03961194,0.03961194,0.03961194,0.03961194,0.03961194,0.03961194,0.03961194,0.03934057,
0.06745159,0.03961194,0.03961194,0.07338573,0.03961194,0.03961194,0.03961194,0.03961194,0.03961194,0.03961194,0.03934057,0.03961194,0.139207,0.03961194,0.03961194,0.03961194,0.03934057,0.03961194,0.03934057,0.03934057,0.03961194,0.06745159,0.03961194,0.03934057,0.03961194,0.03934057,0.03961194,0.03961194,0.03961194,0.03961194,
0.06745159,0.03961194,0.03961194,0.03961194,0.03961194,0.03934057,0.06106018,0.03961194,0.03961194,0.06745159,0.03961194,0.03961194,0.03934057,0.06745159,0.03961194,0.03961194,0.07338573,0.03934057,0.03934057,0.03961194,0.03961194,0.03934057,0.03934057,0.07338573,0.03961194,0.06745159,0.06745159,0.03961194,0.03961194,0.03961194,
0.03934057,0.03934057,0.133222,0.06106018,0.06745159,0.03961194,0.03934057,0.06745159,0.03961194,0.03961194,0.06745159,0.06745159,0.06745159,0.03961194,0.03961194,0.03961194,0.03961194,0.07338573,0.03961194,0.03934057,0.03961194,0.03961194,0.03961194,0.03961194,0.03934057,0.03961194,0.06745159,0.03934057,0.02909501,0.06745159,
0.06745159,0.03961194,0.06745159,0.02909501,0.06745159,0.03961194,0.03934057,0.03961194,0.07338573,0.03961194,0.03961194,0.03961194,0.1909717,0.03961194,0.03961194,0.1728306,0.02909501,0.03934057,0.06745159,0.03961194,0.03934057,0.03934057,0.03961194,0.03961194,0.03961194,0.03961194,0.03961194,0.06745159,0.03961194,0.03934057,
0.06745159,0.06745159,0.03961194,0.03961194,0.07338573,0.03934057,0.03961194,0.03961194,0.02909501,0.03934057,0.03934057,0.03934057,0.03961194,0.03961194,0.03961194,0.03934057,0.03961194,0.03934057,0.03961194,0.03934057,0.03961194,0.03934057,0.07338573,0.188515,0.03961194,0.03961194,0.03961194,0.03961194,0.03961194,0.03961194,
0.06745159,0.06745159,0.06745159,0.03934057,0.03961194,0.07338573,0.06745159,0.07338573,0.03934057,0.03934057,0.03961194,0.07338573,0.02909501,0.03934057,0.03961194,0.03934057,0.03961194,0.03961194,0.03934057,0.07338573,0.03934057,0.07338573,0.03934057,0.03934057,0.03961194,0.03934057,0.03961194,0.03961194,0.03961194,0.06745159,
0.06745159,0.03934057,0.03934057,0.03934057,0.03961194,0.03934057,0.03961194,0.06745159,0.03961194,0.03961194,0.07338573,0.03934057,0.03961194,0.03961194,0.03934057,0.03934057,0.03961194,0.03934057,0.03961194,0.06745159,0.07338573,0.03934057,0.03961194,0.03961194,0.03961194,0.03961194,0.06745159,0.03961194,0.07338573,0.03961194,
0.06745159,0.06745159,0.03961194,0.07338573,0.07338573,0.06745159,0.03961194,0.03934057,0.03934057,0.08848935,0.03934057,0.03961194,0.03961194,0.03961194,0.03934057,0.03961194,0.03961194,0.03961194,0.03961194,0.03961194,0.06745159,0.03961194,0.03934057,0.07338573,0.03934057,0.02000363,0.03934057,0.06745159,0.03934057,0.1298945,
0.06745159,0.06745159,0.03961194,0.07338573,0.03934057,0.03961194,0.03934057,0.03934057,0.07338573,0.03961194,0.06745159,0.03961194,0.03934057,0.07338573,0.03961194,0.03961194,0.06745159,0.06745159,0.06745159,0.03934057,0.03934057,0.03934057,0.03934057,0.03934057,0.03934057,0.03961194,0.03934057,0.03934057,0.03961194,0.03934057,
0.03934057,0.03961194,0.03961194,0.06745159,0.07338573,0.03961194,0.03934057,0.03961194,0.03934057,0.03961194,0.03961194,0.07338573,0.03934057,0.03247588,0.07338573,0.03934057,0.03934057,0.03934057,0.07338573,0.03961194,0.03934057,0.03934057,0.03934057,0.03961194,0.03934057,0.03934057,0.03934057,0.03934057,0.03961194,0.03961194,
0.03961194,0.03934057,0.03961194,0.03934057,0.03961194,0.03961194,0.07338573,0.03934057,0.03934057,0.03934057,0.03934057,0.03961194,0.03934057,0.03961194,0.03934057,0.03934057,0.03961194,0.00841012,0.07338573,0.03934057,0.03961194,0.03961194,0.03961194,0.03934057,0.03934057,0.03247588,0.03961194,0.03934057,0.03961194,0.03961194,
0.03934057,0.03961194,0.03934057,0.03934057,0.03961194,0.03961194,0.03961194,0.03934057,0.03934057,0.03961194,0.02793632,0.03934057,0.03934057,0.03934057,0.03961194,0.03961194,0.03934057,0.03934057,0.03961194,0.03961194,0.03934057,0.03934057,0.1057883,0.03961194,0.03934057,0.03934057,0.03961194,0.03961194,0.07338573,0.03961194,
0.03934057,0.03934057,0.03961194,0.03961194,0.03961194,0.03961194,0.07338573,0.03934057,0.03934057,0.03961194,0.03961194,0.03934057,0.03961194,0.03934057,0.03934057,0.03934057,0.03934057,0.03961194,0.03961194,0.1057883,0.03961194,0.03961194,0.03934057,0.03961194,0.03934057,0.03961194,0.03961194,0.03934057,0.03934057,0.1550663,
0.03961194,0.03961194,0.03934057,0.03934057,0.03961194,0.07338573,0.05683598,0.03934057,0.03934057,0.03934057,0.03934057,0.03961194,0.03934057,0.03934057,0.03934057,0.1661315,0.03934057,0.03961194,0.03934057,0.03961194,0.03934057,0.03934057,0.03961194,0.03934057,0.03961194,0.03934057,0.03934057,0.03934057,0.03961194,0.03961194,
0.03961194,0.03961194,0.03961194,0.03961194,0.03961194,0.03934057,0.07338573,0.03934057,0.03961194,0.03642821,0.03961194,0.03961194,0.03934057,0.03934057,0.03934057,0.08354601,0.03961194,0.03961194,0.03934057,0.03934057,0.03934057,0.03961194,0.03934057,0.03934057,0.03934057,0.03934057,0.03961194,0.03961194,0.03961194,0.03934057,
0.03961194,0.03961194,0.03934057,0.121335,0.03934057,0.03642821,0.07939881,0.03934057,0.03934057,0.03934057,0.03934057,0.03961194,0.03961194,0.03961194,0.03961194,0.03934057,0.03961194,0.03934057,0.03934057,0.03934057,0.03934057,0.03934057,0.03961194,0.03961194,0.03642821,0.03934057,0.03961194,0.03934057,0.03934057,0.03961194,
0.03934057,0.03934057,0.03934057,0.03961194,0.07939881,0.03934057,0.03961194,0.03934057,0.03961194,0.03961194,0.03934057,0.03961194,0.03934057,0.03961194,0.03961194,0.03961194,0.03961194,0.03961194,0.03934057,0.03961194,0.03934057,0.03934057,0.03934057,0.03961194,0.03934057,0.03961194,0.07939881,0.03934057,0.03934057,0.1793591,
0.03934057,0.03934057,0.03961194,0.03961194,0.03961194,0.03961194,0.03934057,0.03961194,0.07939881,0.03961194,0.03934057,0.03961194,0.03934057,0.03934057,0.03961194,0.03934057,0.03961194,0.03961194,0.03934057,0.03961194,0.07939881,0.03961194,0.03934057,0.03934057,0.03934057,0.03961194,0.03934057,0.03961194,0.03934057,0.03961194,
0.03961194,0.03961194,0.03934057,0.03934057,0.03642359,0.03961194,0.03961194,0.03961194,0.03961194,0.03961194,0.03934057,0.03934057,0.003396106,0.03934057,0.03934057,0.03961194,0.03961194,0.03961194,0.03961194,0.03961194,0.03961194,0.03934057,0.03934057,0.03934057,0.001840568,0.1228446,0.03961194,0.03934057,0.03934057,0.03934057,
0.03961194,0.03961194,0.03961194,0.03642359,0.03934057,0.03961194,0.03961194,0.03934057,0.03642359,0.03934057,0.1375729,0.03961194,0.03961194,0.03934057,0.03934057,0.03934057,0.03961194,0.03934057,0.03961194,0.03934057,0.03961194,0.03961194,0.03961194,0.03934057,0.03934057,0.03934057,0.03961194,0.03961194,0.03934057,0.03961194,
0.03961194,0.03934057,0.03934057,0.03934057,0.03934057,0.03961194,0.03961194,0.03961194,0.03934057,0.03934057,0.03934057,0.03961194,0.03961194,0.03934057,0.03961194,0.03961194,0.03934057,0.03934057,0.03934057,0.03961194,0.03934057,0.03961194,0.07685105,0.03934057,0.03961194,0.03961194,0.03934057,0.03961194,0.03934057,0.03961194,
0.03961194,0.03934057,0.03961194,0.03961194,0.03934057,0.03934057,0.03934057,0.03934057,0.03961194,0.07685105,0.03961194,0.03934057,0.06094474,0.03961194,0.03934057,0.03934057,0.03961194,0.03961194,0.03934057,0.03961194,0.03934057,0.03961194,0.03961194,0.03961194,0.03934057,0.03961194,0.0929114,0.01510153,0.03934057,0.03961194,
0.03961194,0.03934057,0.03934057,0.03961194,0.07685105,0.03934057,0.03934057,0.03934057,0.03961194,0.03961194,0.03934057,0.03961194,0.03934057,0.03934057,0.03961194,0.03934057,0.03934057,0.03961194,0.03934057,0.0314842,0.03934057,0.03934057,0.03961194,0.03961194,0.03934057,0.03961194,0.03934057,0.03823071,0.03934057,0.03961194,
0.03934057,0.03934057,0.03934057,0.1232937,0.005280709,0.03961194,0.03934057,0.03934057,0.03934057,0.03961194,0.03961194,0.0314842,0.03934057,0.03934057,0.03934057,0.03961194,0.03934057,0.03961194,0.03961194,0.03934057,0.03934057,0.03961194,0.03961194,0.03961194,0.03823071,0.07685105,0.03934057,0.03961194,0.03934057,0.03934057,
0.03934057,0.03961194,0.03934057,0.03934057,0.03961194,0.0314842,0.03934057,0.03934057,0.03934057,0.03934057,0.03934057,0.126554,0.03934057,0.03934057,0.07984649,0.03934057,0.03961194,0.03961194,0.03961194,0.03934057,0.03934057,0.03961194,0.03961194,0.03961194,0.03934057,0.03934057,0.03934057,0.03934057,0.03823071,0.02388387,
0.03934057,0.03934057,0.03934057,0.03961194,0.03934057,0.03961194,0.03934057,0.0314842,0.0314842,0.03934057,0.03961194,0.0314842,0.03934057,0.03934057,0.03961194,0.06171164,0.03934057,0.126554,0.03934057,0.03934057,0.0314842,0.03934057,0.03934057,0.0314842,0.03934057,0.03934057,0.03961194,0.03934057,0.03934057,0.03934057,
0.06171164,0.03934057,0.03934057,0.03934057,0.03934057,0.03934057,0.03512399,0.03934057,0.03934057,0.03934057,0.03934057,0.03934057,0.03961194,0.03934057,0.0314842,0.03961194,0.03934057,0.03961194,0.03934057,0.03934057,0.06171164,0.03961194,0.03934057,0.0314842,0.0314842,0.03934057,0.0314842,0.03961194,0.03961194,0.03934057,
0.06171164,0.06171164,0.03961194,0.03934057,0.0314842,0.03934057,0.03934057,0.03934057,0.03961194,0.0314842,0.03934057,0.0314842,0.03934057,0.007316637,0.03961194,0.03961194,0.03934057,0.03934057,0.03934057,0.03934057,0.06171164,0.06171164,0.03934057,0.06171164,0.03934057,0.03934057,0.03934057,0.0314842,0.06171164,0.03934057,
0.06171164,0.06171164,0.03934057,0.0314842,0.03934057,0.03934057,0.03934057,0.06171164,0.03961194,0.03934057,0.1920339,0.03934057,0.03934057,0.0314842,0.1140717,0.03934057,0.1040314,0.03934057,0.03934057,0.03934057,0.03934057,0.03961194,0.03934057,0.0227104,0.06171164,0.03934057,0.03934057,0.06171164,0.03934057,0.06171164,
0.06171164,0.06171164,0.03934057,0.03934057,0.03934057,0.03934057,0.03934057,0.03934057,0.03934057,0.03961194,0.03934057,0.0421942,0.03934057,0.03934057,0.1920339,0.03934057,0.06171164,0.03934057,0.03934057,0.03934057,0.03934057,0.1268369,0.1040314,0.03934057,0.03934057,0.06171164,0.03934057,0.03934057,0.03934057,0.03934057,
0.06171164,0.06171164,0.03934057,0.03934057,0.03934057,0.03934057,0.06171164,0.06171164,0.03934057,0.06171164,0.03934057,0.03934057,0.0421942,0.06171164,0.03934057,0.03934057,0.03934057,0.03934057,0.03934057,0.03934057,0.03934057,0.03934057,0.03934057,0.06171164,0.03934057,0.03934057,0.03934057,0.03934057,0.03934057,0.06171164,
0.03934057,0.03934057,0.03934057,0.03934057,0.03934057,0.03934057,0.03934057,0.03934057,0.03934057,0.03934057,0.06171164,0.03934057,0.03934057,0.06171164,0.03934057,0.03934057,0.03934057,0.06171164,0.03934057,0.03934057,0.06171164,0.03934057,0.03934057,0.1340609,0.03934057,0.03934057,0.03934057,0.03934057,0.03934057,0.06171164,
0.03934057,0.03934057,0.03934057,0.03934057,0.03934057,0.03934057,0.03934057,0.03934057,0.03934057,0.03934057,0.03934057,0.03934057,0.03934057,0.03934057,0.03934057,0.03934057,0.03934057,0.06171164,0.03934057,0.03934057,0.03934057,0.03934057,0.03934057,0.03934057,0.03934057,0.05553163,0.03934057,0.03934057,0.03934057,0.03934057,
0.03934057,0.03934057,0.03934057,0.03934057,0.03934057,0.03934057,0.03934057,0.03934057,0.03934057,0.03934057,0.03934057,0.03934057,0.1728388,0.03934057,0.03934057,0.03934057,0.03934057,0.03934057,0.06171164,0.03934057,0.03934057,0.03934057,0.03934057,0.03934057,0.03934057,0.03934057,0.03934057,0.03934057,0.03934057,0.03934057,
0.03934057,0.03934057,0.0817001,0.03934057,0.03934057,0.03934057,0.03934057,0.03934057,0.03934057,0.03934057,0.03934057,0.03934057,0.03934057,0.03934057,0.03934057,0.03934057,0.03934057,0.03934057,0.03934057,0.03934057,0.03934057,0.03934057,0.142614,0.03934057,0.03934057,0.03934057,0.1616604,0.06171164,0.03934057,0.03934057,
0.03934057,0.03934057,0.03934057,0.03934057,0.03934057,0.03934057,0.03934057,0.03934057,0.03934057,0.03934057,0.03934057,0.03934057,0.03934057,0.03934057,0.03934057,0.03934057,0.03934057,0.03934057,0.03934057,0.03934057,0.03934057,0.03934057,0.03934057,0.04315333,0.142614,0.03934057,0.03934057,0.03934057,0.03934057,0.1203678,
0.03934057,0.03934057,0.03934057,0.03934057,0.03934057,0.03934057,0.03934057,0.03934057,0.03934057,0.03934057,0.1742394,0.03934057,0.03934057,0.03934057,0.03934057,0.1203678,0.03934057,0.03934057,0.03934057,0.03934057,0.03934057,0.03934057,0.03934057,0.03934057,0.03934057,0.03934057,0.03934057,0.03934057,0.03934057,0.03934057,
0.03934057,0.03934057,0.03934057,0.03934057,0.03934057,0.03934057,0.05824138,0.03934057,0.03934057,0.03934057,0.03934057,0.03934057,0.03934057,0.1203678,0.03934057,0.03934057,0.03934057,0.03934057,0.03934057,0.03934057,0.03934057,0.03934057,0.03934057,0.03934057,0.03934057,0.03934057,0.03934057,0.03934057,0.03934057,0.03934057,
0.03934057,0.03934057,0.03934057,0.03934057,0.03934057,0.03934057,0.03934057,0.03934057,0.1901064,0.03934057,0.03934057,0.03934057,0.03934057,0.03934057,0.03934057,0.03934057,0.03934057,0.03934057,0.03934057,0.03934057,0.03934057,0.03934057,0.03934057,0.03934057,0.03934057,0.03934057,0.03934057,0.03934057,0.03934057,0.03934057,
0.03934057,0.03934057,0.03934057,0.03934057,0.03934057,0.03934057,0.03934057,0.03934057,0.03934057,0.03934057,0.03934057,0.03934057,0.03934057,0.03934057,0.03934057,0.03934057,0.03934057,0.03934057,0.03934057,0.03934057,0.03934057,0.03934057,0.03934057,0.03934057,0.03934057,0.03934057,0.03934057,0.03934057,0.03934057,0.03934057,
0.03934057,0.03934057,0.03934057,0.03934057,0.1258431,0.03934057,0.03934057,0.03934057,0.03934057,0.03934057,0.03934057,0.03934057,0.03934057,0.03934057,0.03934057,0.03934057,0.03934057,0.03934057,0.03934057,0.03934057,0.05550357,0.03934057,0.03934057,0.03934057,0.03934057,0.03934057,0.03934057,0.03934057,0.03934057,0.03934057,
0.03934057,0.03934057,0.03934057,0.03934057,0.03934057,0.03934057,0.03934057,0.03934057,0.03934057,0.03934057,0.03934057,0.03934057,0.03934057,0.03934057,0.03934057,0.03934057,0.03934057,0.03934057,0.03934057,0.03934057,0.03934057,0.03934057,0.03934057,0.03934057,0.03934057,0.03934057,0.03934057,0.03934057,0.03934057,0.03934057,
0.03934057,0.03934057,0.03934057,0.03934057,0.03934057,0.03934057,0.03934057,0.03934057,0.03934057,0.03934057,0.03934057,0.03934057,0.03934057,0.03934057,0.03934057,0.1973048,0.03934057,0.03934057,0.03934057,0.03934057,0.03934057,0.03934057,0.03934057,0.03934057,0.03934057,0.03934057,0.0580943,0.03934057,0.03934057,0.03934057,
0.03934057,0.03934057,0.03934057,0.03934057,0.03934057,0.03934057,0.03934057,0.03934057,0.03934057,0.1817129,0.03934057,0.03934057,0.03934057,0.03934057,0.03934057,0.03934057,0.03934057,0.03934057,0.03934057,0.1254286,0.03934057,0.03934057,0.07024061,0.03934057,0.03934057,0.03934057,0.03934057,0.03934057,0.03934057,0.03934057,
0.03934057,0.03934057,0.07024061,0.03934057,0.03934057,0.03934057,0.03934057,0.03934057,0.03934057,0.03934057,0.03934057,0.03934057,0.03934057,0.03934057,0.03934057,0.03934057,0.03934057,0.03934057,0.03934057,0.03934057,0.03934057,0.03934057,0.03934057,0.00847683,0.03934057,0.03934057,0.03934057,0.03934057,0.03934057,0.03934057,
0.03934057,0.03934057,0.03934057,0.03934057,0.03934057,0.03934057,0.03934057,0.03934057,0.03934057,0.03934057,0.03934057,0.03934057,0.03934057,0.03934057,0.03934057,0.03934057,0.03934057,0.03934057,0.03934057,0.03934057,0.03934057,0.03934057,0.03934057,0.03934057,0.03934057,0.03934057,0.03934057,0.03934057,0.03934057,0.03934057,
0.03934057,0.03934057,0.03934057,0.03934057,0.03934057,0.03934057,0.03934057,0.03934057,0.03934057,0.03934057,0.03934057,0.03934057,0.03934057,0.03934057,0.03934057,0.03934057,0.03934057,0.03934057,0.03934057,0.03934057,0.03934057,0.03934057,0.03934057,0.03934057,0.03934057,0.03934057,0.03934057,0.03934057,0.03934057,0.03934057,
0.03934057,0.03934057,0.03934057,0.03934057,0.03934057,0.03934057,0.03934057,0.03934057,0.03934057,0.03934057,0.03934057,0.03934057,0.03934057,0.03934057,0.03934057,0.03934057,0.03934057,0.03934057,0.03934057,0.03934057,0.03934057,0.03934057,0.03934057,0.03934057,0.03934057,0.03934057,0.03934057,0.03934057,0.03934057,0.03934057,
0.03934057,0.03934057,0.03934057,0.03934057,0.03934057,0.03934057,0.03934057,0.03934057,0.03934057,0.03934057,0.03934057,0.03934057,0.03934057,0.03934057,0.03934057,0.03934057,0.03934057,0.03934057,0.03934057,0.03934057,0.03934057,0.03934057,0.03934057,0.03934057,0.03934057,0.03934057,0.03934057,0.03934057,0.03934057,0.03934057,
0.03934057,0.03934057,0.03934057,0.03934057,0.03934057,0.03934057,0.03934057,0.03934057,0.03934057,0.03934057,0.03934057,0.07048523,0.03934057,0.03934057,0.03934057,0.03934057,0.03934057,0.03934057,0.03934057,0.03934057,0.03934057,0.03934057,0.03934057,0.03934057,0.03934057,0.03934057,0.03934057,0.03934057,0.03934057,0.03934057,
0.07048523,0.03934057,0.03934057,0.03934057,0.03934057,0.03934057,0.03934057,0.03934057,0.03934057,0.04473543,0.07048523,0.03934057,0.03934057,0.03934057,0.03934057,0.01125362,0.03934057,0.03934057,0.03934057,0.03934057,0.03934057,0.03934057,0.03934057,0.03934057,0.07048523,0.03934057,0.07048523,0.1596224,0.03934057,0.03934057,
0.04473543,0.07048523,0.03934057,0.03934057,0.03934057,0.01125362,0.07048523,0.03934057,0.03934057,0.03934057,0.03934057,0.03934057,0.03934057,0.03934057,0.03934057,0.03934057,0.07048523,0.03934057,0.07058567,0.03934057,0.03934057,0.1573461,0.07048523,0.03934057,0.03934057,0.03934057,0.07048523,0.03934057,0.03934057,0.07048523,
0.07048523,0.07048523,0.03934057,0.03934057,0.07048523,0.07048523,0.07048523,0.07048523,0.07048523,0.07048523,0.03934057,0.07058567,0.03934057,0.03934057,0.03934057,0.03934057,0.03934057,0.03934057,0.03934057,0.03934057,0.03934057,0.07048523,0.01125362,0.07048523,0.07058567,0.03934057,0.03934057,0.03934057,0.07048523,0.03934057,
0.07048523,0.07048523,0.03934057,0.03934057,0.07048523,0.03934057,0.07048523,0.03934057,0.03934057,0.03934057,0.03934057,0.03934057,0.07048523,0.03934057,0.07048523,0.03934057,0.03934057,0.1425089,0.07048523,0.03934057,0.07048523,0.07048523,0.03934057,0.03934057,0.03934057,0.07048523,0.03934057,0.03934057,0.07058567,0.03934057,
0.07048523,0.07048523,0.03934057,0.07048523,0.03934057,0.03934057,0.03934057,0.07048523,0.03934057,0.1425089,0.03934057,0.03934057,0.03934057,0.07048523,0.03934057,0.03934057,0.03934057,0.03934057,0.03934057,0.07048523,0.1014286,0.03934057,0.1537577,0.07048523,0.07048523,0.03934057,0.03934057,0.03934057,0.03934057,0.03934057,
0.03934057,0.03934057,0.03934057,0.03934057,0.03934057,0.03934057,0.03934057,0.07048523,0.07048523,0.03934057,0.07048523,0.07048523,0.03934057,0.1537577,0.07048523,0.03934057,0.03934057,0.07048523,0.03934057,0.03934057,0.03934057,0.03934057,0.07048523,0.03934057,0.007475209,0.03934057,0.03934057,0.03934057,0.03934057,0.03934057,
0.03934057,0.03934057,0.03934057,0.03934057,0.03934057,0.03934057,0.03934057,0.03934057,0.03934057,0.07048523,0.07048523,0.03934057,0.03934057,0.07048523,0.03934057,0.03934057,0.03934057,0.03934057,0.03934057,0.03934057,0.03934057,0.007475209,0.03934057,0.03934057,0.03934057,0.07048523,0.03934057,0.03934057,0.03934057,0.03934057,
0.07048523,0.07048523,0.03934057,0.03934057,0.07048523,0.03934057,0.07048523,0.03934057,0.03934057,0.05419163,0.03934057,0.03934057,0.03934057,0.07048523,0.03934057,0.03934057,0.03934057,0.03934057,0.07048523,0.03934057,0.03934057,0.03934057,0.03934057,0.07048523,0.07048523,0.03934057,0.07048523,0.03934057,0.03934057,0.03934057,
0.05419163,0.07048523,0.03934057,0.03934057,0.07048523,0.03934057,0.03934057,0.07048523,0.03934057,0.07048523,0.03934057,0.03934057,0.03934057,0.07048523,0.07048523,0.03934057,0.03934057,0.03934057,0.07048523,0.03934057,0.03934057,0.03934057,0.07048523,0.03934057,0.03934057,0.05419163,0.03934057,0.03934057,0.07048523,0.03934057,
0.05419163,0.05419163,0.03934057,0.05419163,0.1860067,0.03934057,0.07048523,0.03934057,0.07048523,0.03934057,0.03934057,0.03934057,0.03934057,0.05419163,0.03934057,0.03934057,0.169345,0.07048523,0.03934057,0.03934057,0.07048523,0.03934057,0.03934057,0.07048523,0.07048523,0.07048523,0.03934057,0.03934057,0.03934057,0.07048523,
0.05419163,0.05419163,0.05419163,0.03934057,0.07048523,0.03934057,0.03934057,0.1179582,0.03934057,0.05419163,0.03934057,0.03934057,0.05419163,0.05419163,0.07048523,0.07048523,0.05419163,0.03934057,0.03934057,0.03934057,0.07048523,0.07048523,0.03934057,0.07048523,0.05419163,0.03934057,0.05419163,0.07048523,0.07048523,0.03934057,
0.03934057,0.03934057,0.03934057,0.03934057,0.05419163,0.05419163,0.05419163,0.03934057,0.03934057,0.07048523,0.05419163,0.03934057,0.03934057,0.03934057,0.05419163,0.03934057,0.03934057,0.03934057,0.03934057,0.05419163,0.05419163,0.07048523,0.05419163,0.03934057,0.05419163,0.03934057,0.03934057,0.03934057,0.05419163,0.1179582,
0.03934057,0.03934057,0.05419163,0.05419163,0.03934057,0.03934057,0.05419163,0.03934057,0.03934057,0.05419163,0.05419163,0.03934057,0.05419163,0.03934057,0.05419163,0.03934057,0.05419163,0.03934057,0.03934057,0.03934057,0.03934057,0.04677336,0.03934057,0.05419163,0.03934057,0.03934057,0.0273694,0.1992427,0.05419163,0.03934057,
0.03934057,0.03934057,0.03934057,0.04819233,0.03934057,0.03934057,0.0273694,0.03934057,0.0578762,0.03934057,0.03934057,0.03934057,0.03934057,0.03934057,0.1914562,0.03934057,0.03934057,0.03934057,0.01103847,0.03934057,0.03934057,0.03934057,0.03934057,0.03934057,0.05419163,0.05419163,0.03934057,0.03934057,0.03934057,0.05419163,
0.05419163,0.05419163,0.05419163,0.0273694,0.03934057,0.03934057,0.03934057,0.03934057,0.03934057,0.130177,0.03934057,0.03934057,0.03934057,0.03934057,0.03934057,0.03934057,0.05419163,0.03934057,0.03934057,0.03934057,0.03934057,0.03934057,0.0578762,0.03934057,0.05419163,0.03934057,0.04111962,0.03934057,0.05419163,0.03934057,
0.05419163,0.05419163,0.03934057,0.05419163,0.03934057,0.05419163,0.03934057,0.03934057,0.03934057,0.05419163,0.1912521,0.03934057,0.03934057,0.03934057,0.04111962,0.03934057,0.05419163,0.03934057,0.03934057,0.03934057,0.05419163,0.03934057,0.03934057,0.03934057,0.03934057,0.03934057,0.03934057,0.03934057,0.03934057,0.05419163,
0.03934057,0.03934057,0.03934057,0.03934057,0.03934057,0.03934057,0.05419163,0.05419163,0.03934057,0.07645828,0.05419163,0.03934057,0.03934057,0.05419163,0.03934057,0.05419163,0.03934057,0.03934057,0.03934057,0.03934057,0.05419163,0.03934057,0.03934057,0.05419163,0.03934057,0.05419163,0.03934057,0.04111962,0.03934057,0.03934057,
0.03934057,0.03934057,0.03934057,0.05419163,0.05419163,0.05419163,0.05419163,0.03934057,0.03934057,0.03934057,0.04111962,0.05419163,0.07645828,0.03934057,0.05419163,0.03934057,0.05419163,0.03934057,0.03934057,0.03934057,0.03934057,0.03934057,0.03934057,0.03934057,0.04111962,0.17743,0.05419163,0.05419163,0.03934057,0.03934057,
0.03934057,0.03934057,0.03934057,0.03934057,0.04111962,0.04111962,0.05419163,0.04111962,0.04111962,0.1943049,0.05419163,0.03934057,0.05419163,0.05419163,0.03934057,0.03934057,0.03934057,0.03934057,0.05419163,0.05419163,0.04111962,0.05419163,0.05419163,0.05419163,0.03934057,0.03934057,0.05419163,0.05419163,0.05419163,0.03934057,
0.03934057,0.03934057,0.03934057,0.03934057,0.1596472,0.05419163,0.03934057,0.05419163,0.03934057,0.04111962,0.03934057,0.03934057,0.03934057,0.03934057,0.04111962,0.04111962,0.03934057,0.03934057,0.06777736,0.04111962,0.05419163,0.05419163,0.05419163,0.03934057,0.04111962,0.05419163,0.05419163,0.03934057,0.05419163,0.04111962,
0.03934057,0.03934057,0.03934057,0.03934057,0.1137784,0.05419163,0.05419163,0.03934057,0.04111962,0.03934057,0.03934057,0.03934057,0.03934057,0.04111962,0.05419163,0.03934057,0.05419163,0.03934057,0.04111962,0.03934057,0.03934057,0.04111962,0.03934057,0.03934057,0.04111962,0.04111962,0.05419163,0.04111962,0.03934057,0.05419163,
0.03934057,0.03934057,0.04111962,0.04111962,0.04111962,0.04111962,0.1112167,0.04111962,0.1137784,0.04111962,0.03934057,0.03934057,0.03934057,0.05419163,0.03934057,0.03934057,0.03934057,0.04111962,0.03934057,0.03934057,0.03934057,0.03934057,0.03934057,0.03934057,0.03934057,0.04111962,0.05419163,0.03934057,0.03934057,0.03934057,
0.03934057,0.03934057,0.1137784,0.04111962,0.03934057,0.03934057,0.03934057,0.03934057,0.04111962,0.04111962,0.03934057,0.03934057,0.04111962,0.03934057,0.04111962,0.04111962,0.04111962,0.03934057,0.03934057,0.03934057,0.05419163,0.03934057,0.03934057,0.03934057,0.03934057,0.03934057,0.03934057,0.03934057,0.04111962,0.03934057,
0.03934057,0.03934057,0.03934057,0.03934057,0.03934057,0.04809177,0.04111962,0.03934057,0.04111962,0.03934057,0.03934057,0.03934057,0.03934057,0.03934057,0.03934057,0.04111962,0.03934057,0.04111962,0.04111962,0.03934057,0.1186056,0.03934057,0.03934057,0.03934057,0.03934057,0.04111962,0.04111962,0.03934057,0.03934057,0.03934057,
0.03934057,0.03934057,0.04111962,0.03934057,0.03934057,0.03934057,0.03934057,0.03934057,0.03934057,0.03934057,0.04111962,0.04111962,0.03934057,0.03934057,0.04111962,0.04015202,0.03934057,0.03934057,0.03934057,0.04111962,0.04111962,0.1058914,0.04364982,0.04111962,0.03934057,0.03934057,0.03934057,0.03934057,0.03934057,0.04111962,
0.03934057,0.03934057,0.03934057,0.04111962,0.03934057,0.03934057,0.03934057,0.03934057,0.03934057,0.03934057,0.03934057,0.04111962,0.03934057,0.03934057,0.03934057,0.03934057,0.03934057,0.04111962,0.03934057,0.08990065,0.03934057,0.03934057,0.03934057,0.03934057,0.03934057,0.03934057,0.03934057,0.03934057,0.03934057,0.04111962,
0.03934057,0.03934057,0.03934057,0.03934057,0.03934057,0.004326677,0.03934057,0.04111962,0.03934057,0.03934057,0.03934057,0.03934057,0.03934057,0.04111962,0.03934057,0.01482344,0.03934057,0.03934057,0.03934057,0.03934057,0.1104728,0.03934057,0.03934057,0.04111962,0.1700633,0.03934057,0.03934057,0.03934057,0.03934057,0.03934057,
0.04111962,0.04111962,0.03934057,0.03934057,0.03934057,0.03934057,0.01482344,0.1700633,0.04111962,0.03934057,0.03934057,0.03934057,0.03934057,0.03934057,0.04111962,0.03934057,0.03934057,0.03934057,0.03934057,0.03934057,0.03171961,0.03934057,0.03934057,0.04111962,0.01482344,0.03934057,0.03934057,0.03934057,0.03934057,0.03934057,
0.04111962,0.03934057,0.03934057,0.01482344,0.03934057,0.03171961,0.03934057,0.03934057,0.03934057,0.04111962,0.03934057,0.03934057,0.03934057,0.03934057,0.03934057,0.03934057,0.03934057,0.03934057,0.1700633,0.03934057,0.03934057,0.03934057,0.03934057,0.03934057,0.03934057,0.03934057,0.03934057,0.03934057,0.04111962,0.04111962,
0.04111962,0.04111962,0.04111962,0.03934057,0.04111962,0.03934057,0.04111962,0.03934057,0.03934057,0.04111962,0.03934057,0.03934057,0.04111962,0.03171961,0.1669311,0.03934057,0.03934057,0.03934057,0.04111962,0.03934057,0.03934057,0.03934057,0.03934057,0.03934057,0.03934057,0.04111962,0.04781017,0.03934057,0.03934057,0.03934057,
0.03934057,0.03934057,0.03934057,0.03934057,0.04111962,0.04111962,0.03934057,0.03934057,0.03934057,0.03934057,0.05775343,0.04111962,0.03934057,0.04111962,0.03934057,0.04111962,0.04111962,0.03934057,0.03934057,0.04111962,0.03934057,0.03934057,0.03934057,0.04111962,0.03934057,0.03934057,0.04111962,0.04111962,0.03934057,0.03934057,
0.03934057,0.03934057,0.03934057,0.03934057,0.03934057,0.03934057,0.05775343,0.03934057,0.03934057,0.03934057,0.03934057,0.04111962,0.03934057,0.04111962,0.03934057,0.03934057,0.04111962,0.04111962,0.04111962,0.03934057,0.03934057,0.03934057,0.04111962,0.05775343,0.03934057,0.03934057,0.04111962,0.03934057,0.04111962,0.04111962,
0.03934057,0.03934057,0.03934057,0.03934057,0.03934057,0.03934057,0.03934057,0.03934057,0.03934057,0.03934057,0.04111962,0.04111962,0.04111962,0.03934057,0.03934057,0.04111962,0.04111962,0.03934057,0.03934057,0.03934057,0.03934057,0.04111962,0.04111962,0.1098508,0.04111962,0.03934057,0.03934057,0.04111962,0.03934057,0.04111962,
0.03934057,0.03934057,0.03934057,0.03934057,0.03934057,0.182331,0.03934057,0.04111962,0.04111962,0.03934057,0.03934057,0.03934057,0.03934057,0.03934057,0.03934057,0.03934057,0.03934057,0.03934057,0.04111962,0.03934057,0.03934057,0.03934057,0.04111962,0.03934057,0.03934057,0.03934057,0.04111962,0.03934057,0.03934057,0.03934057,
0.03934057,0.03934057,0.03934057,0.03934057,0.04111962,0.03934057,0.03934057,0.03934057,0.04111962,0.170948,0.03934057,0.03934057,0.03934057,0.04111962,0.03934057,0.03934057,0.03934057,0.03934057,0.04111962,0.1250735,0.03934057,0.03934057,0.03934057,0.03934057,0.04111962,0.03934057,0.04111962,0.03934057,0.03934057,0.03934057,
0.03934057,0.03934057,0.03934057,0.03934057,0.03934057,0.03934057,0.03934057,0.09172594,0.04111962,0.04111962,0.03934057,0.04111962,0.03934057,0.04111962,0.03934057,0.03934057,0.03934057,0.03934057,0.03934057,0.04111962,0.04111962,0.09625527,0.03934057,0.03934057,0.04111962,0.03934057,0.03934057,0.04111962,0.03934057,0.03934057,
0.03934057,0.03934057,0.03934057,0.05484907,0.03934057,0.03934057,0.04111962,0.03934057,0.03934057,0.03934057,0.03934057,0.03934057,0.03934057,0.03934057,0.03934057,0.03934057,0.03934057,0.03934057,0.09172594,0.03934057,0.03934057,0.04111962,0.03934057,0.03934057,0.03934057,0.03934057,0.03934057,0.04111962,0.03934057,0.04111962,
0.03934057,0.03934057,0.03934057,0.03934057,0.03934057,0.03934057,0.03934057,0.03934057,0.03934057,0.03934057,0.03934057,0.03934057,0.03934057,0.03934057,0.03934057,0.03934057,0.04111962,0.03934057,0.03934057,0.03934057,0.03934057,0.04111962,0.03934057,0.03934057,0.03934057,0.03934057,0.03934057,0.03934057,0.04111962,0.03934057,
0.03934057,0.03934057,0.03934057,0.03934057,0.03934057,0.03934057,0.08846942,0.04111962,0.03934057,0.03934057,0.03934057,0.03934057,0.03934057,0.03934057,0.03934057,0.04111962,0.03934057,0.03934057,0.04111962,0.03934057,0.03934057,0.03934057,0.03934057,0.03934057,0.03934057,0.03934057,0.03934057,0.03934057,0.03934057,0.03934057,
0.03934057,0.03934057,0.03934057,0.04111962,0.03934057,0.03934057,0.03934057,0.03934057,0.03934057,0.03934057,0.03934057,0.03934057,0.03934057,0.03934057,0.03934057,0.03934057,0.03934057,0.03934057,0.1123331,0.03934057,0.03934057,0.03934057,0.03934057,0.03934057,0.03934057,0.03934057,0.03934057,0.03934057,0.03934057,0.03934057,
0.03934057,0.03934057,0.03934057,0.03934057,0.03934057,0.03934057,0.03934057,0.03934057,0.03934057,0.03934057,0.03934057,0.03934057,0.03934057,0.03934057,0.03934057,0.03934057,0.03934057,0.03934057,0.03934057,0.03934057,0.03934057,0.03934057,0.03934057,0.03934057,0.03934057,0.03934057,0.03934057,0.03934057,0.03934057,0.03934057,
0.03934057,0.03934057,0.03934057,0.03934057,0.03934057,0.03934057,0.03934057,0.03934057,0.03934057,0.03934057,0.03934057,0.03934057,0.03934057,0.03934057,0.03934057,0.03934057,0.03934057,0.03934057,0.03934057,0.03934057,0.03934057,0.06306597,0.03934057,0.03934057,0.03934057,0.03934057,0.03934057,0.03934057,0.03934057,0.03934057,
0.03934057,0.03934057,0.03934057,0.03934057,0.03934057,0.03934057,0.03934057,0.03934057,0.03934057,0.03934057,0.03934057,0.03934057,0.03934057,0.03934057,0.03934057,0.04507596,0.03934057,0.03934057,0.03934057,0.03934057,0.03934057,0.03934057,0.03934057,0.03934057,0.03934057,0.03934057,0.03934057,0.03934057,0.03934057,0.03934057,
0.03934057,0.03934057,0.03934057,0.03934057,0.03934057,0.03934057,0.03934057,0.03934057,0.03934057,0.03078451,0.05926055,0.03934057,0.03934057,0.03934057,0.03934057,0.03934057,0.04507596,0.03934057,0.03934057,0.03934057,0.03934057,0.03934057,0.03934057,0.03934057,0.03934057,0.03934057,0.03934057,0.03934057,0.03934057,0.03934057,
0.05926055,0.04507596,0.03934057,0.03934057,0.03934057,0.03934057,0.03934057,0.03934057,0.03934057,0.03934057,0.03934057,0.03934057,0.03934057,0.03934057,0.03934057,0.03934057,0.03934057,0.03934057,0.03934057,0.03934057,0.03934057,0.04507596,0.1118057,0.04507596,0.03934057,0.03934057,0.1542982,0.03934057,0.03934057,0.03934057,
0.05926055,0.04507596,0.03934057,0.03934057,0.1542982,0.04507596,0.03934057,0.03934057,0.03934057,0.05926055,0.03934057,0.03934057,0.03934057,0.03934057,0.03934057,0.03934057,0.03934057,0.03934057,0.03934057,0.03934057,0.03934057,0.03934057,0.03934057,0.03934057,0.04507596,0.03934057,0.05926055,0.03934057,0.03934057,0.03934057,
0.03934057,0.03934057,0.03934057,0.1055158,0.03934057,0.1542982,0.03934057,0.1542982,0.04507596,0.03934057,0.1167536,0.03934057,0.03934057,0.03934057,0.03934057,0.04507596,0.03934057,0.03934057,0.03934057,0.05926055,0.03934057,0.03934057,0.03934057,0.03934057,0.03934057,0.03934057,0.03934057,0.04507596,0.03934057,0.05926055,
0.03934057,0.03934057,0.04507596,0.03934057,0.03934057,0.1542982,0.04507596,0.03934057,0.1635225,0.03934057,0.03934057,0.04507596,0.03934057,0.03934057,0.1055158,0.03934057,0.03934057,0.03934057,0.03934057,0.03934057,0.03934057,0.1404034,0.03934057,0.03934057,0.03934057,0.03934057,0.03934057,0.03934057,0.03934057,0.03934057,
0.03934057,0.03934057,0.03934057,0.03934057,0.03934057,0.04507596,0.03934057,0.03934057,0.04507596,0.04507596,0.03934057,0.03934057,0.03934057,0.03934057,0.03934057,0.03934057,0.03934057,0.03934057,0.03934057,0.03934057,0.03934057,0.03934057,0.03934057,0.03934057,0.03934057,0.03934057,0.04507596,0.03934057,0.192499,0.03934057,
0.03934057,0.03934057,0.03934057,0.03934057,0.04507596,0.03934057,0.03934057,0.03934057,0.04507596,0.03934057,0.03934057,0.03934057,0.03934057,0.03934057,0.03934057,0.03934057,0.03934057,0.03934057,0.04507596,0.03934057,0.03934057,0.03934057,0.03934057,0.03934057,0.06629463,0.03934057,0.1052759,0.04507596,0.03934057,0.03934057,
0.03934057,0.03934057,0.03934057,0.03934057,0.03934057,0.03934057,0.03934057,0.03934057,0.03934057,0.03934057,0.03934057,0.03934057,0.03934057,0.03934057,0.03934057,0.03934057,0.03934057,0.03934057,0.03934057,0.04507596,0.03934057,0.03934057,0.1235173,0.03934057,0.03934057,0.03934057,0.03934057,0.03934057,0.03934057,0.03934057,
0.03934057,0.03934057,0.03934057,0.03934057,0.03934057,0.03934057,0.03934057,0.03934057,0.03934057,0.03934057,0.03934057,0.03934057,0.1235173,0.03934057,0.03934057,0.03934057,0.02335033,0.03934057,0.03934057,0.04507596,0.03934057,0.03934057,0.03934057,0.03934057,0.03934057,0.03934057,0.03934057,0.03934057,0.1235173,0.03934057,
0.04507596,0.03934057,0.03934057,0.03934057,0.03934057,0.03934057,0.03934057,0.03934057,0.03934057,0.03934057,0.03934057,0.004972387,0.03934057,0.03934057,0.03934057,0.03934057,0.03934057,0.03934057,0.03934057,0.03934057,0.03934057,0.04507596,0.04507596,0.03934057,0.03934057,0.1709695,0.03934057,0.03934057,0.03934057,0.03934057,
0.04507596,0.04507596,0.03934057,0.08078279,0.03934057,0.03934057,0.02581313,0.03934057,0.1124196,0.03934057,0.03934057,0.03934057,0.03934057,0.03934057,0.03934057,0.03934057,0.03934057,0.04507596,0.03934057,0.03934057,0.03934057,0.03934057,0.03934057,0.03934057,0.03934057,0.03934057,0.03934057,0.04507596,0.03934057,0.03934057,
0.03934057,0.03934057,0.03934057,0.03934057,0.03934057,0.04507596,0.03934057,0.03934057,0.03934057,0.03934057,0.141069,0.03934057,0.03934057,0.03934057,0.03934057,0.03934057,0.03934057,0.03934057,0.03934057,0.1112478,0.04507596,0.1726803,0.08078279,0.03934057,0.03934057,0.04507596,0.03934057,0.03934057,0.04507596,0.03934057,
0.03934057,0.03934057,0.03934057,0.1001955,0.03934057,0.03934057,0.03934057,0.03934057,0.03934057,0.03934057,0.03934057,0.03934057,0.03934057,0.03934057,0.04507596,0.03934057,0.03934057,0.04507596,0.04507596,0.03934057,0.04507596,0.03934057,0.03934057,0.03934057,0.03934057,0.03934057,0.03934057,0.03934057,0.03934057,0.03934057,
0.03934057,0.03934057,0.03934057,0.03934057,0.03934057,0.03934057,0.03934057,0.03934057,0.03934057,0.03934057,0.03934057,0.03934057,0.09513754,0.1329353,0.03934057,0.03934057,0.08851437,0.03934057,0.03934057,0.04507596,0.03934057,0.03934057,0.03934057,0.04507596,0.03934057,0.03934057,0.03934057,0.03934057,0.03934057,0.03934057,
0.03934057,0.03934057,0.03934057,0.03934057,0.03934057,0.04507596,0.03934057,0.03934057,0.03934057,0.03934057,0.03934057,0.1904411,0.03934057,0.03934057,0.03934057,0.03934057,0.03934057,0.03934057,0.03934057,0.03934057,0.03934057,0.03934057,0.03934057,0.03934057,0.03934057,0.03934057,0.03934057,0.03934057,0.03934057,0.03934057,
0.03934057,0.03934057,0.03934057,0.04507596,0.03934057,0.03934057,0.03934057,0.03934057,0.03934057,0.03934057,0.03934057,0.03934057,0.03934057,0.03934057,0.03934057,0.03934057,0.03934057,0.03934057,0.03934057,0.03292904,0.03934057,0.03934057,0.03934057,0.03934057,0.03934057,0.03934057,0.03934057,0.03934057,0.03934057,0.03934057,
0.03934057,0.03934057,0.03934057,0.03934057,0.03934057,0.03934057,0.03934057,0.03934057,0.03934057,0.03934057,0.03934057,0.03934057,0.03934057,0.02293875,0.03934057,0.01290855,0.03934057,0.03934057,0.03934057,0.03934057,0.03934057,0.03934057,0.03934057,0.03934057,0.03934057,0.03934057,0.03934057,0.1391139,0.03934057,0.03934057,
0.03934057,0.03934057,0.1391139,0.03934057,0.1391139,0.03934057,0.1100934,0.03934057,0.03934057,0.03934057,0.03934057,0.03934057,0.03934057,0.03934057,0.03934057,0.03934057,0.03934057,0.03934057,0.1444394,0.03934057,0.03934057,0.03934057,0.03934057,0.02473056,0.03934057,0.03934057,0.03934057,0.03934057,0.03934057,0.03934057,
0.03934057,0.03934057,0.03934057,0.03934057,0.03934057,0.03934057,0.03934057,0.03934057,0.03934057,0.03934057,0.03934057,0.02473056,0.03934057,0.03934057,0.03934057,0.03934057,0.03934057,0.03934057,0.03934057,0.01547246,0.03934057,0.03934057,0.03934057,0.03934057,0.03934057,0.1956699,0.03934057,0.03934057,0.03934057,0.03934057,
0.03934057,0.03934057,0.03934057,0.03934057,0.03934057,0.03934057,0.03934057,0.03934057,0.1303823,0.03934057,0.03934057,0.03934057,0.03934057,0.03934057,0.03934057,0.03934057,0.03934057,0.03934057,0.03934057,0.03934057,0.03934057,0.03934057,0.03934057,0.03934057,0.03934057,0.03934057,0.03934057,0.03934057,0.03934057,0.03934057,
0.03934057,0.03934057,0.03934057,0.03934057,0.1231579,0.03934057,0.03934057,0.03934057,0.1303823,0.03934057,0.03934057,0.03934057,0.03934057,0.03934057,0.03934057,0.03934057,0.03934057,0.03934057,0.03934057,0.03934057,0.03934057,0.03934057,0.03934057,0.03934057,0.03934057,0.03934057,0.03934057,0.03934057,0.03934057,0.03934057,
0.03934057,0.03934057,0.03934057,0.03934057,0.03934057,0.03934057,0.03934057,0.03934057,0.03934057,0.03934057,0.03934057,0.03934057,0.03934057,0.03934057,0.03934057,0.03934057,0.03934057,0.03934057,0.03934057,0.03934057,0.03934057,0.03934057,0.03934057,0.03934057,0.01084123,0.03934057,0.03934057,0.1153788,0.03934057,0.03934057,
0.03934057,0.03934057,0.01084123,0.03934057,0.1961805,0.03934057,0.03934057,0.03934057,0.03934057,0.03934057,0.03934057,0.03934057,0.03934057,0.01084123,0.03934057,0.03934057,0.03934057,0.03934057,0.03934057,0.03934057,0.03934057,0.03934057,0.03934057,0.03934057,0.03934057,0.03934057,0.03934057,0.06596275,0.03934057,0.03934057,
0.06596275,0.03934057,0.03934057,0.03934057,0.03934057,0.03934057,0.03934057,0.03934057,0.03934057,0.03934057,0.03934057,0.03934057,0.1961805,0.03934057,0.03934057,0.03934057,0.03934057,0.03934057,0.03934057,0.03934057,0.03934057,0.03934057,0.03934057,0.13551,0.06596275,0.03934057,0.03934057,0.03934057,0.03934057,0.03934057,
0.06596275,0.03934057,0.03934057,0.03934057,0.03934057,0.03934057,0.03934057,0.03934057,0.03934057,0.03934057,0.03934057,0.03934057,0.03934057,0.03934057,0.05195481,0.03934057,0.03934057,0.03934057,0.03934057,0.03934057,0.03934057,0.03934057,0.03934057,0.03934057,0.03934057,0.1796433,0.03934057,0.03934057,0.1256739,0.03934057,
0.03934057,0.03934057,0.03934057,0.03934057,0.03934057,0.05195481,0.03934057,0.03934057,0.03934057,0.03934057,0.03934057,0.06596275,0.03934057,0.1640249,0.03934057,0.03934057,0.1354102,0.03934057,0.09706406,0.03934057,0.03934057,0.03934057,0.147775,0.03934057,0.03934057,0.03934057,0.06596275,0.03934057,0.03934057,0.03934057,
0.03934057,0.03934057,0.03934057,0.03934057,0.03934057,0.03934057,0.03934057,0.03934057,0.03934057,0.06596275,0.03934057,0.03934057,0.03934057,0.03934057,0.03934057,0.03934057,0.05195481,0.03934057,0.03934057,0.06596275,0.03934057,0.03934057,0.03934057,0.03934057,0.03934057,0.03934057,0.03934057,0.03934057,0.03934057,0.03934057,
0.03934057,0.03934057,0.03934057,0.03934057,0.03934057,0.08671273,0.03934057,0.03934057,0.03934057,0.03934057,0.03934057,0.06596275,0.03934057,0.03934057,0.03934057,0.03934057,0.06596275,0.03934057,0.03934057,0.03934057,0.03934057,0.03934057,0.03934057,0.03934057,0.03934057,0.03658326,0.03934057,0.03934057,0.03934057,0.03934057,
0.03934057,0.03934057,0.03934057,0.03658326,0.03934057,0.03934057,0.03934057,0.03934057,0.03934057,0.03934057,0.03934057,0.03934057,0.03934057,0.03658326,0.03934057,0.1982189,0.03934057,0.03934057,0.03934057,0.03934057,0.03934057,0.03934057,0.03934057,0.03934057,0.03934057,0.03934057,0.03934057,0.03934057,0.03934057,0.03934057,
0.03934057,0.03934057,0.03934057,0.03934057,0.03934057,0.03934057,0.03934057,0.03934057,0.03934057,0.03934057,0.03934057,0.03934057,0.03934057,0.03934057,0.03934057,0.03934057,0.03934057,0.03934057,0.03934057,0.03934057,0.03934057,0.03934057,0.03658326,0.03934057,0.03934057,0.03934057,0.03934057,0.03934057,0.03934057,0.03934057,
0.03934057,0.03934057,0.03934057,0.03934057,0.03934057,0.03934057,0.03934057,0.03934057,0.03934057,0.1075836,0.03934057,0.03934057,0.03934057,0.138253,0.03934057,0.03934057,0.03934057,0.02794755,0.03934057,0.03934057,0.03934057,0.03934057,0.03934057,0.03934057,0.03934057,0.03934057,0.03934057,0.03934057,0.03934057,0.05388306,
0.05388306,0.03934057,0.03934057,0.03934057,0.03934057,0.03934057,0.03934057,0.03934057,0.05388306,0.03934057,0.03934057,0.05388306,0.03934057,0.03934057,0.03934057,0.03934057,0.03934057,0.03934057,0.03934057,0.03934057,0.03934057,0.03934057,0.03934057,0.03934057,0.03934057,0.03934057,0.03934057,0.03934057,0.02794755,0.03934057,
0.05388306,0.05388306,0.03934057,0.03934057,0.05388306,0.05388306,0.03934057,0.03934057,0.03934057,0.001942301,0.03934057,0.03934057,0.03934057,0.03934057,0.03934057,0.03934057,0.03934057,0.03934057,0.03934057,0.03934057,0.03770645,0.03934057,0.03934057,0.03934057,0.03934057,0.03934057,0.03934057,0.03934057,0.03934057,0.03934057,
0.05388306,0.05388306,0.05388306,0.03934057,0.03934057,0.05388306,0.05388306,0.03934057,0.03934057,0.03934057,0.03934057,0.03934057,0.05388306,0.03934057,0.03770645,0.03934057,0.03934057,0.03934057,0.03934057,0.03934057,0.03934057,0.03934057,0.03934057,0.03934057,0.03934057,0.05388306,0.03934057,0.03934057,0.03934057,0.03934057,
0.05388306,0.05388306,0.03934057,0.03934057,0.03770645,0.03934057,0.05388306,0.03934057,0.03934057,0.1203848,0.03934057,0.05388306,0.03934057,0.05388306,0.03934057,0.03934057,0.03934057,0.05388306,0.03934057,0.05388306,0.05388306,0.05388306,0.03934057,0.1923002,0.03934057,0.03934057,0.03934057,0.05388306,0.03934057,0.03934057,
0.05388306,0.05388306,0.03934057,0.03934057,0.05388306,0.05388306,0.05388306,0.05388306,0.03934057,0.03934057,0.03934057,0.03934057,0.03934057,0.03934057,0.05388306,0.05388306,0.03934057,0.03934057,0.05388306,0.01613362,0.05388306,0.05388306,0.1785407,0.03934057,0.03934057,0.03934057,0.05388306,0.05388306,0.03934057,0.03934057,
0.05388306,0.05388306,0.05388306,0.05388306,0.03934057,0.05388306,0.05388306,0.03934057,0.05388306,0.03934057,0.03934057,0.03934057,0.05388306,0.03934057,0.05388306,0.03934057,0.05388306,0.05388306,0.03934057,0.05388306,0.03934057,0.05388306,0.03934057,0.03934057,0.03934057,0.05388306,0.05388306,0.05388306,0.03934057,0.05388306,
0.03934057,0.03934057,0.05388306,0.03934057,0.03934057,0.05388306,0.05388306,0.05388306,0.05388306,0.05388306,0.05388306,0.05388306,0.03934057,0.05388306,0.03934057,0.05388306,0.03934057,0.03934057,0.05388306,0.05388306,0.05388306,0.03934057,0.05388306,0.05388306,0.05388306,0.05388306,0.1064883,0.03934057,0.05388306,0.05388306,
0.03934057,0.03934057,0.05388306,0.05388306,0.05388306,0.03934057,0.05388306,0.05388306,0.05388306,0.05388306,0.05388306,0.05388306,0.03934057,0.05388306,0.05388306,0.03934057,0.05388306,0.03934057,0.03934057,0.1326769,0.05388306,0.05388306,0.03934057,0.05388306,0.03934057,0.05388306,0.05388306,0.05388306,0.05388306,0.05388306,
0.03934057,0.03934057,0.05388306,0.05388306,0.05388306,0.05388306,0.05388306,0.05388306,0.05388306,0.03934057,0.03934057,0.03934057,0.1721562,0.05388306,0.03934057,0.03934057,0.05388306,0.03934057,0.05388306,0.05388306,0.05388306,0.05388306,0.05388306,0.03934057,0.05388306,0.05388306,0.03934057,0.05388306,0.1317252,0.05388306,
0.03934057,0.03934057,0.05388306,0.05388306,0.03934057,0.03934057,0.03934057,0.05388306,0.03934057,0.03934057,0.09675819,0.0246891,0.05388306,0.03934057,0.05388306,0.05388306,0.05388306,0.05388306,0.1317252,0.05388306,0.05388306,0.03934057,0.05388306,0.05388306,0.05388306,0.05388306,0.03934057,0.03934057,0.05388306,0.05388306,
0.05388306,0.05388306,0.03934057,0.05388306,0.03934057,0.03934057,0.05388306,0.05388306,0.03934057,0.03934057,0.05388306,0.05388306,0.03934057,0.03934057,0.09675819,0.03934057,0.05388306,0.03934057,0.05388306,0.05388306,0.03934057,0.05388306,0.05388306,0.05388306,0.05388306,0.03934057,0.03934057,0.05388306,0.05388306,0.05388306,
0.03934057,0.03934057,0.03934057,0.03934057,0.05388306,0.05388306,0.05388306,0.05388306,0.004616189,0.05388306,0.03934057,0.05388306,0.05388306,0.05388306,0.03934057,0.1990277,0.05388306,0.03934057,0.03934057,0.03934057,0.05388306,0.03934057,0.003237152,0.03934057,0.03934057,0.0716418,0.05388306,0.05388306,0.05388306,0.05388306,
0.05388306,0.05388306,0.05388306,0.03934057,0.05388306,0.03934057,0.05388306,0.03934057,0.05388306,0.03934057,0.03934057,0.03934057,0.03934057,0.05388306,0.03934057,0.03934057,0.05388306,0.03934057,0.05388306,0.05388306,0.03934057,0.05388306,0.05388306,0.05388306,0.05388306,0.05388306,0.03934057,0.03934057,0.03934057,0.03934057,
0.05388306,0.05388306,0.05388306,0.03934057,0.1871466,0.03934057,0.05388306,0.05388306,0.03934057,0.03934057,0.03934057,0.03934057,0.03934057,0.05388306,0.03934057,0.05388306,0.03934057,0.05388306,0.03934057,0.03934057,0.05388306,0.1822431,0.05388306,0.03934057,0.03934057,0.05388306,0.05388306,0.03934057,0.05388306,0.05388306,
0.05388306,0.05388306,0.03934057,0.03934057,0.05388306,0.05388306,0.03934057,0.03934057,0.05388306,0.03934057,0.05388306,0.1517912,0.05388306,0.05388306,0.03934057,0.03934057,0.05388306,0.05388306,0.03934057,0.03934057,0.03934057,0.03934057,0.03934057,0.03934057,0.03934057,0.03934057,0.05388306,0.05388306,0.03934057,0.05388306,
0.03934057,0.03934057,0.03934057,0.05388306,0.03934057,0.03934057,0.03934057,0.03934057,0.03934057,0.05388306,0.03934057,0.03934057,0.05388306,0.05388306,0.03934057,0.05388306,0.05388306,0.05388306,0.05388306,0.1784723,0.03934057,0.05388306,0.03934057,0.03934057,0.03934057,0.03934057,0.05388306,0.02700903,0.03934057,0.03934057,
0.03934057,0.03934057,0.05388306,0.0572718,0.03934057,0.03934057,0.03934057,0.03934057,0.03934057,0.05388306,0.05388306,0.05388306,0.03934057,0.03934057,0.03934057,0.05388306,0.03934057,0.03934057,0.05388306,0.03934057,0.03934057,0.03934057,0.03934057,0.05388306,0.03934057,0.03934057,0.05388306,0.03934057,0.05388306,0.03934057,
0.05388306,0.05388306,0.05388306,0.03934057,0.03934057,0.05388306,0.03934057,0.05388306,0.05388306,0.03934057,0.03934057,0.05388306,0.03934057,0.03934057,0.03934057,0.05388306,0.05388306,0.03934057,0.05388306,0.05388306,0.05388306,0.05388306,0.05388306,0.05388306,0.03934057,0.03934057,0.03934057,0.03934057,0.03934057,0.05388306,
0.05388306,0.05388306,0.05388306,0.05388306,0.05388306,0.03934057,0.05388306,0.03934057,0.03934057,0.05388306,0.03934057,0.03934057,0.03934057,0.03934057,0.03934057,0.03934057,0.05388306,0.03934057,0.05388306,0.03934057,0.1646753,0.03934057,0.03934057,0.05388306,0.03934057,0.03934057,0.05388306,0.03934057,0.05388306,0.05388306,
0.05388306,0.05388306,0.05388306,0.03934057,0.03934057,0.03934057,0.05388306,0.05388306,0.05388306,0.03934057,0.05388306,0.03934057,0.03934057,0.1882998,0.0936448,0.05388306,0.05388306,0.03934057,0.03934057,0.03934057,0.03934057,0.03934057,0.03934057,0.03934057,0.03934057,0.05388306,0.05388306,0.03934057,0.05388306,0.03934057,
0.03934057,0.03934057,0.05388306,0.05388306,0.05388306,0.03934057,0.09291445,0.03934057,0.03934057,0.03934057,0.03934057,0.03934057,0.05388306,0.03934057,0.03934057,0.03934057,0.05388306,0.05388306,0.03934057,0.03934057,0.03934057,0.03934057,0.05388306,0.03934057,0.03934057,0.05388306,0.03934057,0.0936448,0.03934057,0.05388306,
0.03934057,0.03934057,0.03934057,0.03934057,0.03934057,0.03934057,0.03934057,0.05388306,0.03934057,0.05388306,0.03934057,0.03934057,0.03934057,0.03934057,0.03934057,0.03934057,0.05388306,0.03934057,0.05388306,0.05388306,0.03934057,0.05388306,0.03934057,0.03934057,0.07884902,0.03934057,0.03934057,0.03934057,0.03934057,0.03934057,
0.03934057,0.03934057,0.05388306,0.03934057,0.05388306,0.03934057,0.03934057,0.03934057,0.03934057,0.03934057,0.03934057,0.03934057,0.03934057,0.03934057,0.05388306,0.03934057,0.03934057,0.03934057,0.03934057,0.1821279,0.03934057,0.03934057,0.03934057,0.03934057,0.03934057,0.03934057,0.03934057,0.03934057,0.07884902,0.03934057,
0.03934057,0.03934057,0.03934057,0.03934057,0.03934057,0.03934057,0.05388306,0.03934057,0.03934057,0.05388306,0.03934057,0.03934057,0.03934057,0.03934057,0.03934057,0.03934057,0.03934057,0.03934057,0.03934057,0.03934057,0.03934057,0.03934057,0.03934057,0.03934057,0.03934057,0.03934057,0.03934057,0.1821279,0.03934057,0.03934057,
0.03934057,0.03934057,0.03934057,0.03934057,0.03934057,0.03934057,0.03934057,0.03934057,0.03934057,0.03934057,0.03934057,0.03934057,0.03934057,0.03934057,0.03934057,0.03934057,0.03934057,0.03934057,0.03934057,0.03934057,0.03934057,0.03934057,0.03934057,0.1937238,0.03934057,0.03934057,0.03934057,0.03934057,0.03934057,0.03934057,
0.03934057,0.03934057,0.03934057,0.03934057,0.03934057,0.03934057,0.03934057,0.03934057,0.03934057,0.03934057,0.03934057,0.03934057,0.03934057,0.03934057,0.03934057,0.03934057,0.03934057,0.03934057,0.03934057,0.03934057,0.03934057,0.03934057,0.03934057,0.03934057,0.03934057,0.03934057,0.03934057,0.03934057,0.03934057,0.03934057,
0.03934057,0.03934057,0.03934057,0.03934057,0.03934057,0.03934057,0.03934057,0.03934057,0.03934057,0.03934057,0.03934057,0.03934057,0.03934057,0.03934057,0.03934057,0.03934057,0.03934057,0.03934057,0.03934057,0.03934057,0.03934057,0.03934057,0.03934057,0.03934057,0.03934057,0.03934057,0.03934057,0.03934057,0.03934057,0.03934057,
0.03934057,0.03934057,0.03934057,0.03934057,0.03934057,0.03934057,0.03934057,0.03934057,0.03934057,0.03934057,0.03934057,0.03934057,0.03934057,0.03934057,0.03934057,0.03934057,0.03934057,0.03934057,0.03934057,0.03934057,0.03934057,0.03934057,0.06256224,0.03934057,0.03934057,0.03934057,0.03934057,0.03934057,0.03934057,0.03934057,
0.03934057,0.03934057,0.03934057,0.1958001,0.03934057,0.03934057,0.03934057,0.03934057,0.03934057,0.03934057,0.03934057,0.03934057,0.03934057,0.03934057,0.03934057,0.03934057,0.03934057,0.03934057,0.03934057,0.03934057,0.03934057,0.03934057,0.03934057,0.03934057,0.03934057,0.03934057,0.03934057,0.03934057,0.03934057,0.03934057,
0.03934057,0.03934057,0.03934057,0.03934057,0.03934057,0.03934057,0.1995939,0.03934057,0.03934057,0.03934057,0.03934057,0.03934057,0.03934057,0.03934057,0.03934057,0.03934057,0.03934057,0.03934057,0.03934057,0.03934057,0.1958001,0.03934057,0.03934057,0.03934057,0.03934057,0.03934057,0.03934057,0.03934057,0.03934057,0.03934057,
0.03934057,0.03934057,0.03934057,0.03934057,0.03934057,0.03934057,0.03934057,0.03934057,0.03934057,0.03934057,0.03934057,0.03934057,0.03934057,0.03934057,0.03934057,0.03934057,0.03934057,0.03934057,0.03934057,0.03934057,0.03934057,0.03934057,0.03934057,0.03934057,0.1794043,0.03934057,0.03934057,0.07839414,0.04106755,0.03934057,
0.03934057,0.03934057,0.03934057,0.03934057,0.03934057,0.03934057,0.03934057,0.03934057,0.03934057,0.03934057,0.03934057,0.03934057,0.03934057,0.03934057,0.03934057,0.03934057,0.03934057,0.03934057,0.03934057,0.03934057,0.03934057,0.03934057,0.04106755,0.03934057,0.03934057,0.03934057,0.03934057,0.03934057,0.03934057,0.03934057,
0.03934057,0.03934057,0.03934057,0.03934057,0.03934057,0.03934057,0.03934057,0.03934057,0.03934057,0.03934057,0.03934057,0.03934057,0.03934057,0.03934057,0.03934057,0.03934057,0.03934057,0.03934057,0.1318378,0.03934057,0.03934057,0.03934057,0.03934057,0.03934057,0.1921145,0.03934057,0.03934057,0.03934057,0.03934057,0.03934057,
0.03934057,0.03934057,0.03934057,0.03934057,0.03934057,0.03934057,0.03934057,0.03934057,0.03934057,0.03934057,0.03934057,0.03934057,0.03934057,0.03934057,0.03934057,0.03934057,0.03934057,0.03934057,0.03934057,0.03934057,0.03934057,0.03934057,0.03934057,0.03934057,0.03934057,0.03934057,0.03934057,0.03934057,0.03934057,0.03934057,
0.03934057,0.03934057,0.03934057,0.03934057,0.02181027,0.03934057,0.03934057,0.03934057,0.03934057,0.03934057,0.03934057,0.03934057,0.03934057,0.03934057,0.03934057,0.03934057,0.03934057,0.03934057,0.03934057,0.03934057,0.03934057,0.03934057,0.03934057,0.03934057,0.03934057,0.03934057,0.03934057,0.03934057,0.1336224,0.03934057,
0.03934057,0.03934057,0.03934057,0.03934057,0.03934057,0.03934057,0.03934057,0.03934057,0.03934057,0.03934057,0.03934057,0.03934057,0.03934057,0.03934057,0.03934057,0.03934057,0.03934057,0.03934057,0.03934057,0.03934057,0.03934057,0.03934057,0.03934057,0.03934057,0.03934057,0.03934057,0.03934057,0.03934057,0.03934057,0.03934057,
0.03934057,0.03934057,0.03934057,0.03934057,0.03934057,0.03934057,0.03934057,0.03934057,0.03934057,0.03934057,0.03934057,0.03934057,0.03934057,0.03934057,0.03934057,0.03934057,0.1878058,0.03934057,0.03934057,0.03934057,0.1068236,0.03934057,0.03934057,0.03934057,0.03934057,0.03934057,0.03934057,0.03934057,0.03934057,0.03934057,
0.03934057,0.03934057,0.03934057,0.03934057,0.03934057,0.06731476,0.03934057,0.04813092,0.03934057,0.09741081,0.03934057,0.03934057,0.03934057,0.03579283,0.1878058,0.03934057,0.03934057,0.03934057,0.03934057,0.03934057,0.03934057,0.03934057,0.03934057,0.03934057,0.03934057,0.03934057,0.03934057,0.03934057,0.03934057,0.03934057,
0.03934057,0.03934057,0.04813092,0.03934057,0.03934057,0.03934057,0.03934057,0.03934057,0.03934057,0.03934057,0.11747,0.03934057,0.03934057,0.03934057,0.06731476,0.03934057,0.03934057,0.1396662,0.04813092,0.03934057,0.03934057,0.03934057,0.03934057,0.03934057,0.03934057,0.09741081,0.03934057,0.03934057,0.1341845,0.03934057,
0.03934057,0.03934057,0.03934057,0.03934057,0.01329846,0.03934057,0.03934057,0.09741081,0.03934057,0.03934057,0.04813092,0.03934057,0.03934057,0.03934057,0.03934057,0.03934057,0.03934057,0.04813092,0.06731476,0.03934057,0.03934057,0.09741081,0.03934057,0.03934057,0.03934057,0.03934057,0.03934057,0.03934057,0.03934057,0.0512941,
0.03934057,0.03934057,0.03934057,0.03934057,0.0512941,0.03934057,0.1692445,0.03934057,0.03934057,0.03934057,0.03934057,0.03934057,0.03934057,0.03934057,0.03934057,0.03934057,0.03934057,0.03934057,0.03934057,0.03934057,0.03934057,0.1779748,0.03934057,0.03934057,0.0512941,0.06580066,0.03934057,0.03934057,0.03934057,0.03934057,
0.03934057,0.03934057,0.03934057,0.03934057,0.03934057,0.03934057,0.1758036,0.03934057,0.03934057,0.03934057,0.03934057,0.03934057,0.09087469,0.03934057,0.03934057,0.0512941,0.03934057,0.03934057,0.03934057,0.03934057,0.1780667,0.03934057,0.03934057,0.03934057,0.03934057,0.03934057,0.03934057,0.03934057,0.03934057,0.06820244,
0.03934057,0.03934057,0.03934057,0.03934057,0.03934057,0.03934057,0.03934057,0.03934057,0.03934057,0.03934057,0.02845447,0.03934057,0.03934057,0.03934057,0.03934057,0.03934057,0.03934057,0.03934057,0.03934057,0.09087469,0.03934057,0.03934057,0.03934057,0.03934057,0.03934057,0.03934057,0.03934057,0.03934057,0.03934057,0.03934057,
0.03934057,0.03934057,0.03934057,0.03934057,0.03934057,0.03934057,0.03934057,0.03934057,0.03934057,0.03934057,0.02845447,0.09087469,0.02845447,0.03934057,0.03934057,0.03934057,0.03934057,0.09087469,0.03934057,0.03934057,0.03934057,0.03934057,0.03934057,0.03934057,0.03934057,0.03934057,0.03934057,0.03934057,0.0564706,0.03934057,
0.03934057,0.03934057,0.03934057,0.03934057,0.03934057,0.03934057,0.03934057,0.03934057,0.03934057,0.03934057,0.03934057,0.03934057,0.03934057,0.03934057,0.03934057,0.1686772,0.03934057,0.03934057,0.03934057,0.03934057,0.03934057,0.03934057,0.07102495,0.03934057,0.03934057,0.03934057,0.03934057,0.03934057,0.09087469,0.03934057,
0.03934057,0.03934057,0.03934057,0.07102495,0.03934057,0.03934057,0.03934057,0.03934057,0.03934057,0.03934057,0.03934057,0.03934057,0.03934057,0.03934057,0.03934057,0.03934057,0.03934057,0.03934057,0.03934057,0.03934057,0.03934057,0.03934057,0.03934057,0.03934057,0.03934057,0.03934057,0.03934057,0.03934057,0.03934057,0.03934057,
0.03934057,0.03934057,0.03934057,0.03934057,0.03934057,0.03934057,0.03934057,0.03934057,0.03934057,0.03934057,0.03934057,0.03934057,0.03934057,0.03934057,0.03934057,0.03934057,0.03934057,0.03934057,0.01890841,0.03934057,0.03934057,0.03934057,0.03934057,0.03934057,0.03934057,0.03934057,0.03934057,0.03934057,0.03934057,0.03934057,
0.03934057,0.03934057,0.1502178,0.03934057,0.03934057,0.03934057,0.03934057,0.03934057,0.03934057,0.03934057,0.03934057,0.03934057,0.03934057,0.03934057,0.03934057,0.03934057,0.03934057,0.03934057,0.03934057,0.03934057,0.03934057,0.03934057,0.03934057,0.03934057,0.03934057,0.03934057,0.03934057,0.03934057,0.03934057,0.03934057,
0.03934057,0.03934057,0.03934057,0.03934057,0.03934057,0.03934057,0.03934057,0.03934057,0.03934057,0.1502178,0.03934057,0.06133727,0.03934057,0.03934057,0.03934057,0.03934057,0.03934057,0.1217797,0.03934057,0.03934057,0.03934057,0.03934057,0.03934057,0.03934057,0.03934057,0.03934057,0.03934057,0.03934057,0.03934057,0.03934057,
0.03934057,0.03934057,0.03934057,0.03934057,0.01931286,0.03934057,0.03934057,0.06133727,0.03934057,0.03934057,0.03934057,0.03934057,0.03934057,0.03934057,0.03934057,0.03934057,0.03934057,0.1217797,0.03934057,0.03934057,0.1288291,0.03934057,0.03934057,0.03934057,0.03934057,0.1928105,0.03934057,0.03934057,0.03934057,0.1502178,
0.06133727,0.03934057,0.03934057,0.03934057,0.03934057,0.03934057,0.1217797,0.03934057,0.03934057,0.06133727,0.03934057,0.03934057,0.03934057,0.09192957,0.01931286,0.03934057,0.03934057,0.03934057,0.03934057,0.03934057,0.03934057,0.03934057,0.03934057,0.03934057,0.03934057,0.03934057,0.03934057,0.06133727,0.03934057,0.03934057,
0.06133727,0.03934057,0.06133727,0.03934057,0.03934057,0.03934057,0.06133727,0.03934057,0.03934057,0.03934057,0.03934057,0.06133727,0.03934057,0.03934057,0.1795062,0.03934057,0.01931286,0.03934057,0.03934057,0.03934057,0.03934057,0.06133727,0.03934057,0.03934057,0.03934057,0.03934057,0.06133727,0.03934057,0.03934057,0.03934057,
0.06133727,0.06133727,0.03934057,0.1795062,0.03934057,0.03934057,0.03934057,0.03934057,0.06133727,0.03934057,0.06133727,0.03934057,0.06133727,0.03934057,0.03934057,0.03934057,0.03934057,0.06133727,0.03934057,0.03934057,0.03934057,0.06133727,0.03934057,0.03934057,0.03934057,0.03934057,0.03934057,0.03934057,0.1941614,0.03934057,
0.06133727,0.06133727,0.03934057,0.06133727,0.03934057,0.06133727,0.03934057,0.03934057,0.03934057,0.06133727,0.03934057,0.06133727,0.03934057,0.1984928,0.03934057,0.03934057,0.03934057,0.03934057,0.03934057,0.1127622,0.03934057,0.03934057,0.03934057,0.06133727,0.06133727,0.03934057,0.03934057,0.03934057,0.03934057,0.03934057,
0.03934057,0.03934057,0.03934057,0.03934057,0.06133727,0.03934057,0.03934057,0.03934057,0.03934057,0.06133727,0.03934057,0.03934057,0.03934057,0.03934057,0.03934057,0.03934057,0.03934057,0.03934057,0.06133727,0.03934057,0.03934057,0.06133727,0.03974223,0.03934057,0.03934057,0.03934057,0.03934057,0.06133727,0.03934057,0.06133727,
0.03934057,0.03934057,0.03934057,0.03934057,0.03934057,0.06133727,0.03934057,0.03934057,0.06133727,0.03934057,0.03934057,0.03934057,0.03934057,0.03934057,0.06133727,0.03934057,0.03934057,0.03934057,0.03934057,0.06133727,0.03934057,0.03934057,0.03974223,0.03934057,0.03934057,0.03934057,0.03934057,0.03934057,0.03934057,0.03934057,
0.03934057,0.03934057,0.03934057,0.03934057,0.03934057,0.03934057,0.06133727,0.03934057,0.03934057,0.03934057,0.03934057,0.03934057,0.03934057,0.03934057,0.03934057,0.03974223,0.03974223,0.03934057,0.1554602,0.03934057,0.03934057,0.03934057,0.03934057,0.03934057,0.03934057,0.03934057,0.03934057,0.03934057,0.03934057,0.03934057,
0.03934057,0.03934057,0.03934057,0.03934057,0.03934057,0.03934057,0.1233868,0.03934057,0.03934057,0.03934057,0.03934057,0.03934057,0.03934057,0.03934057,0.03934057,0.03934057,0.1132125,0.03934057,0.1389332,0.03934057,0.03934057,0.03934057,0.06904773,0.03934057,0.03974223,0.03974223,0.03934057,0.03934057,0.03934057,0.03934057,
0.03934057,0.03934057,0.03934057,0.03934057,0.03934057,0.03934057,0.03934057,0.03934057,0.1451845,0.03934057,0.03934057,0.03934057,0.03934057,0.1132125,0.03934057,0.03934057,0.03934057,0.03934057,0.03934057,0.03934057,0.03934057,0.02943895,0.03934057,0.03934057,0.03934057,0.03934057,0.03934057,0.03934057,0.03934057,0.03934057,
0.03934057,0.03934057,0.03934057,0.03934057,0.03934057,0.03934057,0.03934057,0.03934057,0.03934057,0.03934057,0.03934057,0.03934057,0.03934057,0.03934057,0.03934057,0.03934057,0.02943895,0.03934057,0.03934057,0.03934057,0.03934057,0.01493683,0.03934057,0.03934057,0.03934057,0.03934057,0.122999,0.03934057,0.03934057,0.03934057,
0.03934057,0.03934057,0.1214609,0.03934057,0.03934057,0.03934057,0.03934057,0.03934057,0.03934057,0.03934057,0.03934057,0.03934057,0.03934057,0.03934057,0.03934057,0.03934057,0.03934057,0.03934057,0.03934057,0.03934057,0.03934057,0.03934057,0.03934057,0.03934057,0.03934057,0.03934057,0.02943895,0.03934057,0.01493683,0.03934057,
0.03934057,0.03934057,0.03934057,0.03934057,0.03934057,0.01493683,0.03934057,0.03934057,0.03934057,0.03934057,0.03934057,0.03934057,0.03934057,0.03934057,0.03934057,0.03934057,0.03934057,0.03934057,0.03934057,0.03934057,0.03934057,0.03934057,0.03934057,0.03934057,0.03934057,0.03934057,0.03934057,0.03934057,0.03934057,0.03934057,
0.03934057,0.03934057,0.03934057,0.03934057,0.03934057,0.03934057,0.03934057,0.03934057,0.03934057,0.03934057,0.03934057,0.03934057,0.03934057,0.03934057,0.03934057,0.03934057,0.03934057,0.03934057,0.03934057,0.03934057,0.01493683,0.03934057,0.03934057,0.03934057,0.03934057,0.03934057,0.03934057,0.03934057,0.03934057,0.1178036,
0.03934057,0.03934057,0.03934057,0.03934057,0.03934057,0.03934057,0.03934057,0.03934057,0.03934057,0.03934057,0.03934057,0.03934057,0.03934057,0.03934057,0.03934057,0.03934057,0.1178036,0.03934057,0.03934057,0.1178036,0.03934057,0.03934057,0.03934057,0.03934057,0.03934057,0.03934057,0.03934057,0.03934057,0.03934057,0.03934057,
0.03934057,0.03934057,0.03934057,0.1067659,0.03934057,0.03934057,0.03934057,0.03934057,0.03934057,0.03934057,0.03934057,0.03934057,0.03934057,0.03934057,0.03934057,0.03934057,0.03934057,0.03934057,0.03934057,0.03934057,0.03934057,0.1178036,0.03934057,0.03934057,0.03934057,0.03934057,0.03934057,0.03934057,0.03934057,0.03934057,
0.03934057,0.03934057,0.03934057,0.03934057,0.03934057,0.03934057,0.03934057,0.03934057,0.03934057,0.03934057,0.03934057,0.03934057,0.03934057,0.03934057,0.03934057,0.02872889,0.03934057,0.03934057,0.03934057,0.03934057,0.03934057,0.09916421,0.03934057,0.03934057,0.03934057,0.03934057,0.03934057,0.03934057,0.03934057,0.03934057,
0.03934057,0.03934057,0.03934057,0.02872889,0.03934057,0.03934057,0.1053603,0.03934057,0.03934057,0.03934057,0.03934057,0.03934057,0.03934057,0.03934057,0.03934057,0.03934057,0.03934057,0.03934057,0.03934057,0.03934057,0.03934057,0.03934057,0.03934057,0.02872889,0.03934057,0.03934057,0.03934057,0.03934057,0.03934057,0.03934057,
0.03934057,0.03934057,0.03934057,0.03934057,0.03934057,0.03934057,0.03934057,0.03934057,0.03934057,0.03934057,0.03934057,0.03934057,0.07549381,0.03934057,0.03934057,0.03934057,0.03934057,0.03934057,0.03934057,0.03934057,0.03934057,0.03934057,0.03934057,0.02872889,0.03934057,0.03934057,0.03934057,0.02872889,0.03934057,0.03934057,
0.03934057,0.03934057,0.03934057,0.03934057,0.03934057,0.03934057,0.03934057,0.03934057,0.03934057,0.03934057,0.03934057,0.03934057,0.03934057,0.03934057,0.009815908,0.03934057,0.03934057,0.03934057,0.03934057,0.03934057,0.03934057,0.03934057,0.02872889,0.07549381,0.03934057,0.02872889,0.03934057,0.03934057,0.03934057,0.07596792,
0.03934057,0.03934057,0.07596792,0.03934057,0.03934057,0.03934057,0.03934057,0.03934057,0.03934057,0.1349046,0.03934057,0.03934057,0.03934057,0.03934057,0.03934057,0.03934057,0.03934057,0.03934057,0.03934057,0.009815908,0.03934057,0.03934057,0.04508686,0.1021265,0.03934057,0.03934057,0.03934057,0.03934057,0.03934057,0.03934057,
0.04508686,0.03934057,0.03934057,0.03934057,0.03934057,0.03934057,0.05689801,0.03934057,0.03934057,0.03934057,0.01347873,0.03934057,0.03934057,0.03934057,0.03934057,0.03934057,0.03934057,0.03934057,0.03934057,0.03934057,0.03934057,0.03934057,0.03934057,0.03934057,0.1021265,0.03934057,0.03934057,0.03934057,0.03934057,0.03934057,
0.03934057,0.03934057,0.03934057,0.03934057,0.03934057,0.03934057,0.03934057,0.03934057,0.03934057,0.03934057,0.03934057,0.1695437,0.03934057,0.03934057,0.03934057,0.03934057,0.03934057,0.03934057,0.1341761,0.03934057,0.03934057,0.03934057,0.03934057,0.03934057,0.03934057,0.03934057,0.03934057,0.03934057,0.1473493,0.03934057,
0.03934057,0.03934057,0.1334745,0.03934057,0.03934057,0.03934057,0.03934057,0.03934057,0.03934057,0.03934057,0.03934057,0.03934057,0.03934057,0.03934057,0.03934057,0.03934057,0.01692133,0.03934057,0.1473493,0.03934057,0.03934057,0.03934057,0.03934057,0.03934057,0.03934057,0.1739422,0.03934057,0.03934057,0.03934057,0.03934057,
0.03934057,0.03934057,0.1473493,0.03934057,0.03934057,0.03934057,0.03934057,0.03934057,0.03934057,0.03934057,0.03934057,0.03934057,0.03934057,0.03934057,0.03934057,0.03934057,0.03934057,0.03934057,0.03934057,0.03934057,0.03934057,0.09659266,0.03934057,0.03934057,0.03934057,0.03934057,0.03934057,0.03934057,0.03934057,0.03934057,
0.03934057,0.03934057,0.03934057,0.03934057,0.03934057,0.1473493,0.03934057,0.03934057,0.03934057,0.03934057,0.03934057,0.03934057,0.03934057,0.03934057,0.03934057,0.1152677,0.03934057,0.03934057,0.03934057,0.03934057,0.03934057,0.03934057,0.03934057,0.03934057,0.09659266,0.03934057,0.03934057,0.03934057,0.03934057,0.03934057,
0.03934057,0.03934057,0.03934057,0.03934057,0.03934057,0.03934057,0.03934057,0.1152677,0.03934057,0.03934057,0.03934057,0.03934057,0.03934057,0.03934057,0.03934057,0.02230604,0.1457611,0.03934057,0.03934057,0.03934057,0.03934057,0.03934057,0.03934057,0.03934057,0.03934057,0.03934057,0.03934057,0.09659266,0.03934057,0.03934057,
0.03934057,0.03934057,0.03934057,0.03934057,0.03934057,0.1480691,0.03934057,0.03934057,0.03934057,0.03934057,0.03934057,0.02230604,0.03934057,0.03934057,0.1582718,0.03934057,0.03934057,0.03934057,0.03934057,0.02230604,0.03934057,0.03934057,0.03934057,0.03934057,0.03934057,0.03934057,0.03934057,0.09659266,0.03934057,0.03934057,
0.03934057,0.03934057,0.03934057,0.03934057,0.03934057,0.03934057,0.03934057,0.09659266,0.03934057,0.03934057,0.03934057,0.03934057,0.03934057,0.03934057,0.03934057,0.03934057,0.03934057,0.03934057,0.03934057,0.03934057,0.03934057,0.03934057,0.03934057,0.03934057,0.03934057,0.03934057,0.03934057,0.03934057,0.03934057,0.03934057,
0.03934057,0.03934057,0.03934057,0.03934057,0.03934057,0.09983028,0.03934057,0.03934057,0.03934057,0.03934057,0.03934057,0.03934057,0.03934057,0.03934057,0.03934057,0.0210206,0.03934057,0.03934057,0.03934057,0.03934057,0.03934057,0.03934057,0.03934057,0.03934057,0.03934057,0.03934057,0.03934057,0.03934057,0.03934057,0.03934057,
0.03934057,0.03934057,0.03934057,0.03934057,0.03934057,0.03934057,0.03934057,0.03934057,0.03934057,0.03934057,0.03934057,0.03934057,0.03934057,0.03934057,0.03934057,0.09983028,0.03934057,0.03934057,0.03934057,0.03934057,0.03934057,0.03934057,0.03934057,0.03934057,0.03934057,0.03934057,0.03934057,0.03934057,0.03934057,0.03934057,
0.03934057,0.03934057,0.03934057,0.03934057,0.03934057,0.03934057,0.03934057,0.03934057,0.03934057,0.03934057,0.03934057,0.03934057,0.03934057,0.03934057,0.03934057,0.03934057,0.03934057,0.03934057,0.03934057,0.03934057,0.03934057,0.03934057,0.03934057,0.03934057,0.03934057,0.03934057,0.03934057,0.03934057,0.03934057,0.1884946,
0.03934057,0.03934057,0.03934057,0.03934057,0.03934057,0.03934057,0.03934057,0.03934057,0.03934057,0.03934057,0.03934057,0.03934057,0.03934057,0.03934057,0.03934057,0.03934057,0.03934057,0.03934057,0.03934057,0.03934057,0.03934057,0.03934057,0.03934057,0.03934057,0.03934057,0.03934057,0.03934057,0.03934057,0.03934057,0.03934057,
0.03934057,0.03934057,0.03934057,0.03934057,0.03934057,0.03934057,0.03934057,0.03934057,0.02920239,0.03934057,0.03934057,0.03934057,0.03934057,0.03934057,0.03934057,0.03934057,0.03934057,0.0825138,0.03934057,0.03934057,0.03934057,0.03934057,0.03934057,0.03934057,0.03934057,0.03934057,0.03934057,0.03934057,0.03934057,0.03934057,
0.03934057,0.03934057,0.03934057,0.03934057,0.03934057,0.03934057,0.03934057,0.03934057,0.03934057,0.03934057,0.02920239,0.03934057,0.03934057,0.03934057,0.03934057,0.03934057,0.03934057,0.01608725,0.1631812,0.06915838,0.03934057,0.03934057,0.03934057,0.03934057,0.03934057,0.03934057,0.03934057,0.03934057,0.03934057,0.03934057,
0.03934057,0.03934057,0.03934057,0.03934057,0.03934057,0.03934057,0.03934057,0.03934057,0.03934057,0.09254631,0.02920239,0.03934057,0.03934057,0.03934057,0.03934057,0.06915838,0.03934057,0.03934057,0.03934057,0.03934057,0.03934057,0.03934057,0.03934057,0.03934057,0.03934057,0.03934057,0.03934057,0.03934057,0.03934057,0.03934057,
0.06915838,0.03934057,0.03934057,0.03934057,0.03934057,0.03934057,0.03934057,0.03934057,0.03934057,0.03934057,0.03934057,0.03934057,0.03934057,0.02248483,0.03934057,0.03934057,0.03977258,0.03934057,0.03934057,0.03934057,0.03934057,0.03934057,0.03934057,0.03934057,0.03934057,0.03934057,0.03934057,0.03934057,0.03934057,0.03934057,
0.06915838,0.03934057,0.03934057,0.03934057,0.03934057,0.03934057,0.05196327,0.03934057,0.03934057,0.03934057,0.002863097,0.03934057,0.03934057,0.03934057,0.03934057,0.03934057,0.03934057,0.03934057,0.03934057,0.03934057,0.03934057,0.03934057,0.03934057,0.06915838,0.03934057,0.03934057,0.03934057,0.03934057,0.03934057,0.03934057,
0.05196327,0.06915838,0.03934057,0.03934057,0.03934057,0.06915838,0.03934057,0.03934057,0.03934057,0.03934057,0.03934057,0.03934057,0.06915838,0.03934057,0.03934057,0.03934057,0.03934057,0.01753833,0.05196327,0.03934057,0.06915838,0.03934057,0.03934057,0.03934057,0.03934057,0.03934057,0.05196327,0.1501045,0.03934057,0.05196327,
0.05196327,0.05196327,0.03934057,0.03934057,0.03934057,0.03934057,0.03934057,0.05196327,0.1534163,0.03934057,0.03934057,0.06915838,0.03934057,0.03934057,0.05196327,0.03934057,0.01753833,0.03934057,0.06915838,0.03934057,0.03934057,0.03934057,0.03934057,0.01753833,0.03934057,0.03934057,0.06915838,0.03934057,0.06915838,0.170755,
0.06915838,0.06915838,0.05196327,0.06915838,0.03934057,0.05196327,0.03934057,0.03934057,0.03934057,0.03934057,0.01753833,0.1700073,0.03934057,0.03934057,0.03934057,0.05196327,0.03934057,0.06915838,0.1534163,0.05196327,0.03934057,0.03934057,0.03934057,0.1885553,0.03934057,0.03934057,0.06915838,0.05196327,0.06915838,0.03934057,
0.03934057,0.03934057,0.03934057,0.03934057,0.03934057,0.06915838,0.03934057,0.03934057,0.05196327,0.1106387,0.06915838,0.05196327,0.0650382,0.03934057,0.05196327,0.1534163,0.06915838,0.06915838,0.03934057,0.06915838,0.03934057,0.1710988,0.03934057,0.05196327,0.05196327,0.03934057,0.03934057,0.03934057,0.03934057,0.03934057,
0.03934057,0.03934057,0.03934057,0.03934057,0.03934057,0.03934057,0.05196327,0.03934057,0.03934057,0.03934057,0.03934057,0.1710988,0.0650382,0.03934057,0.05196327,0.03934057,0.06915838,0.05196327,0.03934057,0.03934057,0.05196327,0.05196327,0.03934057,0.03934057,0.03934057,0.03934057,0.08110756,0.03934057,0.1710988,0.06915838,
0.03934057,0.03934057,0.03934057,0.03934057,0.01780977,0.05196327,0.03934057,0.1820682,0.03934057,0.03934057,0.03934057,0.03934057,0.03934057,0.03934057,0.05196327,0.03934057,0.03934057,0.03934057,0.03934057,0.03934057,0.03934057,0.03934057,0.03934057,0.1710988,0.03934057,0.05196327,0.03934057,0.03934057,0.08110756,0.03934057,
0.05196327,0.03934057,0.03934057,0.05196327,0.03934057,0.03934057,0.05196327,0.03934057,0.03934057,0.03934057,0.05196327,0.03934057,0.05196327,0.03934057,0.03934057,0.03934057,0.03934057,0.03934057,0.03934057,0.03934057,0.03934057,0.03934057,0.03934057,0.05196327,0.03934057,0.03934057,0.03934057,0.05196327,0.03934057,0.03934057,
0.03934057,0.03934057,0.05196327,0.03934057,0.03934057,0.03934057,0.03934057,0.03934057,0.05196327,0.03934057,0.03934057,0.03934057,0.05196327,0.03934057,0.03934057,0.03934057,0.03934057,0.03934057,0.03934057,0.05196327,0.03934057,0.03934057,0.006983376,0.03934057,0.03934057,0.03934057,0.03934057,0.03934057,0.03934057,0.03934057,
0.03934057,0.03934057,0.05196327,0.03934057,0.03934057,0.03934057,0.03934057,0.03934057,0.03934057,0.03506577,0.03934057,0.03934057,0.03934057,0.03934057,0.1649054,0.03934057,0.03934057,0.05196327,0.03934057,0.03934057,0.03934057,0.03934057,0.03934057,0.03934057,0.03934057,0.03934057,0.03934057,0.03934057,0.03934057,0.03934057,
0.05196327,0.03934057,0.03934057,0.03934057,0.03934057,0.03934057,0.03934057,0.06282476,0.03934057,0.03934057,0.03934057,0.03934057,0.03934057,0.03934057,0.03934057,0.03934057,0.03934057,0.07315015,0.03934057,0.03934057,0.03934057,0.03934057,0.03934057,0.03934057,0.03934057,0.180223,0.03934057,0.03506577,0.03934057,0.03934057,
0.03934057,0.03934057,0.03934057,0.03934057,0.03934057,0.1213735,0.03934057,0.03934057,0.03934057,0.03934057,0.03934057,0.03934057,0.06821672,0.03506577,0.03934057,0.03934057,0.03934057,0.03934057,0.03934057,0.03934057,0.03934057,0.03934057,0.180223,0.03934057,0.09929775,0.03934057,0.03934057,0.03934057,0.03934057,0.03934057,
