0.4390904,0.5636523,0.1175421,0.2206067,0.1143179,0.2775418,0.6262151,0.6120811,0.1454714,0.0970167,0.1536635,0.598861,0.06957547,0.4699932,0.568114,0.1423445,0.1489229,0.05376765,0.1422756,0.0885746,0.1267235,0.0792449,0.05393762,0.07346392,0.4306197,0.05863593,0.1403736,0.377158,0.1085365,0.5427619,
0.6212698,0.6112013,0.5728149,0.566786,0.1144907,0.1794219,0.150652,0.4832768,0.2438878,0.1505725,0.2534533,0.2941801,0.1085401,0.5673411,0.4391003,0.4305618,0.6259643,0.542864,0.2777506,0.5430311,0.5910358,0.5909255,0.5978162,0.6064485,0.5729387,0.5406098,0.5641577,0.621124,0.4390547,0.5908401,
0.6255623,0.6255234,0.57333,0.5732026,0.4392775,0.5563946,0.4800527,0.108543,0.5417742,0.5641348,0.6210511,0.5433807,0.621242,0.621357,0.6214202,0.478567,0.4395882,0.4386942,0.6210554,0.5728686,0.5411473,0.5912084,0.5430051,0.5636298,0.5913015,0.5909891,0.6124134,0.4399254,0.5295784,0.4307903,
0.6259979,0.6259618,0.6259667,0.4390833,0.5635808,0.5912526,0.6254783,0.6120328,0.5427877,0.6211624,0.1626455,0.2951344,0.3770073,0.3773592,0.249871,0.2442252,0.2947182,0.2950588,0.2319127,0.2944185,0.2949298,0.2490128,0.2310793,0.1987826,0.2374847,0.2949675,0.2951319,0.1893885,0.2203816,0.2205197,
0.2951366,0.295464,0.18953,0.2950202,0.2441921,0.2949127,0.2950815,0.295246,0.2312132,0.2950293,0.2951958,0.1282837,0.179614,0.2944408,0.2325239,0.2948222,0.2951593,0.2953187,0.2326026,0.2331557,0.2948928,0.3771772,0.2315528,0.2945362,0.3771759,0.2326543,0.162116,0.2381948,0.2670168,0.1996352,
0.3771506,0.3776688,0.3061298,0.2318472,0.2942405,0.2949193,0.2314852,0.2670758,0.2315803,0.2314498,0.2310182,0.377168,0.306381,0.3057449,0.3055848,0.2316672,0.2948719,0.2952116,0.2441939,0.2947256,0.2950618,0.1899819,0.2209434,0.2948563,0.2950205,0.2951867,0.295348,0.2955144,0.1620984,0.1796047,
0.3770693,0.3772452,0.3064326,0.231423,0.2943628,0.294876,0.2950446,0.3771882,0.2323547,0.2317015,0.08878054,0.2944285,0.2949404,0.2951069,0.3771896,0.3064314,0.3772004,0.3064077,0.2317245,0.2314454,0.3770373,0.1620309,0.2948882,0.2325697,0.2951533,0.2314958,0.2950584,0.3772113,0.3064452,0.3772613,
0.377429,0.3776047,0.2317034,0.3770075,0.3063814,0.08867655,0.1607719,0.6265486,0.6264086,0.5433588,0.6212387,0.6214101,0.6214769,0.6215414,0.6215934,0.591399,0.5912284,0.6255684,0.6255788,0.5912583,0.5911222,0.590975,0.1080104,0.3771356,0.2316923,0.2947428,0.3771506,0.08869324,0.3771264,0.306387,
0.3062446,0.3054484,0.305258,0.3763599,0.377257,0.3774327,0.4685557,0.6259108,0.5915809,0.5914223,0.6255175,0.6254989,0.5916096,0.62562,0.6256137,0.5916034,0.5914268,0.6255994,0.6255606,0.5427957,0.1694835,0.3771735,0.3063847,0.3775733,0.3064717,0.3770357,0.2316887,0.3775519,0.1765859,0.2949922,
0.2951567,0.2953245,0.1670533,0.2943766,0.3773142,0.3064172,0.305624,0.3772868,0.3062532,0.1697149,0.294901,0.3773589,0.3775268,0.3064422,0.3056418,0.376975,0.2323774,0.2948441,0.2950128,0.295183,0.2953442,0.2955119,0.2956609,0.2315506,0.2948702,0.3775428,0.2028686,0.29487,0.2950388,0.3772044,
0.3773793,0.3775496,0.3062782,0.3061261,0.3054859,0.3053098,0.3049296,0.3045733,0.3044174,0.3042849,0.3041558,0.3040182,0.2032341,0.3771614,0.3063971,0.2314153,0.3772065,0.1696759,0.2947219,0.2948952,0.2952305,0.3768329,0.3063778,0.3772064,0.3064093,0.3062774,0.3061323,0.1521395,0.2950067,0.3773799,
0.3777214,0.3778987,0.3064996,0.3061803,0.3771748,0.3777067,0.3778861,0.3065099,0.3055439,0.3053797,0.3774506,0.3776266,0.1030692,0.2949211,0.2952555,0.2954105,0.2955714,0.3770896,0.3774363,0.3776096,0.3064486,0.3054819,0.3052985,0.3049238,0.3772406,0.306427,0.3056396,0.3054596,0.3052829,0.1522205,
0.377166,0.3773389,0.3064199,0.3061531,0.1828042,0.1231475,0.2946008,0.3771336,0.3065521,0.3772527,0.3062532,0.1521495,0.2946894,0.2950282,0.1032031,0.3763873,0.3063093,0.3773722,0.3779036,0.3064928,0.3770797,0.377427,0.3064394,0.3772186,0.3064199,0.3056219,0.3771372,0.3064157,0.3772376,0.3774132,
0.3779443,0.3781215,0.3782955,0.3063671,0.3062223,0.3773683,0.3064805,0.3773941,0.3064243,0.3765068,0.3063416,0.3772033,0.3777327,0.3063226,0.3055495,0.1826884,0.3772241,0.1826126,0.3772384,0.3064039,0.3765141,0.3774035,0.3777608,0.3056667,0.3773069,0.3774812,0.3064507,0.3772419,0.3064185,0.3056181,
0.3769589,0.3771298,0.3064311,0.3061054,0.377174,0.3064106,0.1545317,0.3770824,0.3774273,0.3064448,0.3056392,0.3054707,0.1827753,0.2948987,0.2950649,0.3772143,0.1824758,0.3774289,0.377601,0.3777759,0.182978,0.3772455,0.3774185,0.3777674,0.3064635,0.3056683,0.1052617,0.3772138,0.3063886,0.3768823,
0.3772296,0.377404,0.1544331,0.3772693,0.3064382,0.3772501,0.3063647,0.3774005,0.3064249,0.3056163,0.3771525,0.3062547,0.3056294,0.3771252,0.3064072,0.3056101,0.3765945,0.3771267,0.3064139,0.3774024,0.3775785,0.3064819,0.3061471,0.3771654,0.3063988,0.3773841,0.3777472,0.3064775,0.3774235,0.3776014,
0.3779666,0.3781435,0.3783128,0.3784835,0.3786572,0.3788359,0.1146153,0.3770476,0.3064176,0.3772112,0.3064162,0.3772203,0.3773893,0.3064422,0.3772145,0.3773878,0.3779227,0.3781018,0.3782721,0.3065059,0.3772261,0.377398,0.3775731,0.3055764,0.3054474,0.3053074,0.3774475,0.3778045,0.3064632,0.3056671,
0.3771269,0.3774852,0.3762401,0.3764469,0.3063717,0.3772178,0.3773922,0.3777477,0.3779244,0.3064956,0.3770655,0.306377,0.377558,0.3064621,0.3765227,0.3772399,0.3774095,0.3779429,0.3781144,0.378287,0.378464,0.3063946,0.3057839,0.3777167,0.3778948,0.3063125,0.3772011,0.3775604,0.3777368,0.3064694,
0.3772268,0.377401,0.3064481,0.3772205,0.3773972,0.3064533,0.377402,0.3064464,0.3765059,0.0938793,0.3771537,0.3064089,0.3772123,0.3773848,0.3777428,0.3064691,0.3772101,0.377743,0.3779197,0.3780932,0.3782651,0.3784405,0.3786184,0.3787933,0.3789739,0.1460507,0.5865344,0.5865846,0.6257933,0.5916057,
0.6255857,0.5915647,0.6256155,0.5915865,0.5914295,0.6255581,0.591706,0.5915377,0.5913975,0.06627696,0.294165,0.3771282,0.3063992,0.3054556,0.3771508,0.3773257,0.3774957,0.3778529,0.3780299,0.3782048,0.3783824,0.3785557,0.3787351,0.3789197,0.3791015,0.3792825,0.1460735,0.5865594,0.5866339,0.58671,
0.6258296,0.6257359,0.5917268,0.5915633,0.5912274,0.625558,0.5915725,0.5912675,0.5911146,0.5909728,0.5908394,0.5907305,0.590623,0.1462463,0.5865225,0.5865852,0.5866534,0.586638,0.5865318,0.6258114,0.5915817,0.6255692,0.6255162,0.1292085,0.3772783,0.377445,0.1232786,0.3770398,0.3772165,0.3773856,
0.3064345,0.3056449,0.3771066,0.3772814,0.3774546,0.3779926,0.3781685,0.3063539,0.3771998,0.3773741,0.3064256,0.3774165,0.3777684,0.3779461,0.3781192,0.3782913,0.3784726,0.3055883,0.377117,0.3064217,0.3773908,0.3777412,0.3779187,0.3780944,0.3782729,0.37845,0.3786277,0.3788055,0.1292131,0.3771015,
0.377275,0.3774443,0.3064433,0.3772242,0.3064037,0.3772061,0.3773804,0.377911,0.3780935,0.3782639,0.3065161,0.3768848,0.3055802,0.3774769,0.3776513,0.3778327,0.3780093,0.3781858,0.3783593,0.3063518,0.3770401,0.3063778,0.3773895,0.3779199,0.3056585,0.3773139,0.3064318,0.306275,0.3772147,0.377935,
0.3781096,0.3782892,0.3784642,0.3041644,0.3769667,0.3774883,0.3776677,0.3778438,0.3780218,0.3781972,0.3063561,0.3055705,0.3772878,0.3064258,0.3772066,0.306432,0.3770503,0.3775856,0.1551279,0.3772665,0.3064247,0.3775899,0.3777589,0.3779348,0.3781153,0.3782943,0.3063501,0.3770441,0.3062492,0.3056196,
0.3771051,0.3778166,0.377999,0.3781708,0.1474922,0.3771185,0.3772957,0.3774703,0.3776458,0.3780044,0.3781789,0.3783544,0.3785309,0.3787148,0.3064115,0.3772539,0.3037501,0.3036286,0.3772393,0.3775925,0.3779534,0.3064958,0.3063295,0.3773915,0.3775631,0.3779248,0.3064982,0.2149997,0.5863785,0.6257802,
0.6257493,0.5917675,0.5916062,0.5914472,0.5912918,0.5911551,0.5910134,0.5908942,0.5907309,0.5906426,0.5905353,0.4971713,0.5913443,0.2146623,0.5862494,0.586275,0.5862759,0.5862788,0.5862547,0.5861529,0.5860987,0.5860381,0.5859669,0.5859024,0.06121586,0.377027,0.3773775,0.3777322,0.3064931,0.3772482,
0.3062436,0.3771904,0.3775464,0.3777226,0.377903,0.3063475,0.3772158,0.3773917,0.3777494,0.3779305,0.3781039,0.3782807,0.306366,0.3772025,0.3777349,0.3779104,0.3780916,0.3782644,0.3784361,0.3786244,0.3789856,0.3791598,0.3793416,0.3795182,0.2118415,0.2117195,0.3770454,0.3772198,0.3773953,0.3775618,
0.3779193,0.3780978,0.306349,0.3763325,0.3768742,0.3770454,0.2122387,0.3772202,0.3773913,0.3775595,0.119846,0.3772326,0.3774057,0.3775763,0.377932,0.3781123,0.3782873,0.211916,0.377246,0.3775895,0.3779395,0.378116,0.3782908,0.3784645,0.2123174,0.37726,0.37743,0.3779588,0.3781349,0.3063675,
0.3772229,0.3775618,0.3779178,0.3780957,0.3782655,0.2120184,0.1525794,0.3771782,0.3063962,0.3775671,0.3777438,0.3779225,0.1307548,0.3771637,0.3773407,0.3776861,0.3778603,0.378038,0.3782065,0.3783826,0.338804,0.4978942,0.5911887,0.5910714,0.5909287,0.590807,0.5906821,0.5905514,0.5904225,0.5903178,
0.5902649,0.5901788,0.5901045,0.4972816,0.5911645,0.5910233,0.5908776,0.5907755,0.5906556,0.5905184,0.05400067,0.3777126,0.3778868,0.3780625,0.3782311,0.3784099,0.3785836,0.3787596,0.3789369,0.3791189,0.3792952,0.3794796,0.3796597,0.3798333,0.3800001,0.380164,0.3803201,0.380475,0.3806055,0.3807393,
0.3808588,0.3809776,0.3811051,0.3812263,0.3813509,0.3814695,0.3815875,0.3816953,0.3818005,0.3819192,0.3820503,0.3821811,0.2118772,0.3773555,0.3775263,0.3776988,0.3778777,0.3780543,0.3782287,0.3784015,0.3785801,0.3787667,0.3789434,0.3791255,0.0887856,0.3771635,0.3775035,0.3776757,0.3778525,0.1272447,
0.3772112,0.3773824,0.3777286,0.08882649,0.3773076,0.3774772,0.3778321,0.3780105,0.09722788,0.3770807,0.3772556,0.3774257,0.3775981,0.377954,0.3781295,0.3783018,0.3784769,0.3786599,0.3790265,0.3792039,0.379382,0.3795561,0.379733,0.3799084,0.3800747,0.3802336,0.3803894,0.3805414,0.3806712,0.3807946,
0.3809103,0.3810269,0.3811352,0.3812449,0.3813679,0.3814923,0.3816149,0.381732,0.3818445,0.3819634,0.3820958,0.3822268,0.3823588,0.3824685,0.3825784,0.09719689,0.3772663,0.3774406,0.3776113,0.3779602,0.378139,0.378318,0.378498,0.378677,0.3788542,0.3790313,0.3792083,0.3793889,0.2631719,0.1153914,
0.3772505,0.377416,0.3779457,0.378124,0.3782966,0.3784737,0.3788461,0.3790222,0.3792042,0.3793771,0.3795489,0.2631503,0.3772209,0.3773935,0.3775676,0.3777391,0.3779207,0.3780972,0.3782693,0.3784448,0.3786242,0.3788087,0.3789854,0.3791666,0.430305,0.3858505,0.3850967,0.3849123,0.2630913,0.3773683,
0.4304028,0.3851308,0.2630742,0.3770614,0.377233,0.3774073,0.377571,0.377928,0.378107,0.3782801,0.3784571,0.3786404,0.3788167,0.3789952,0.3791754,0.3793471,0.3795255,0.3797108,0.3798829,0.3800456,0.380206,0.380362,0.3805125,0.2632321,0.4304532,0.384962,0.4300241,0.3850866,0.3849032,0.3847255,
0.4303181,0.4308098,0.4309776,0.3848777,0.3847139,0.4303513,0.3852633,0.4302713,0.3852475,0.3849216,0.3847576,0.3845811,0.3843956,0.384239,0.3840599,0.3838913,0.4301598,0.3851224,0.3849512,0.3847726,0.3846086,0.3844306,0.3842756,0.3840962,0.3839366,0.3837486,0.3836226,0.3835169,0.3834119,0.383281,
0.4303658,0.431028,0.3848864,0.148994,0.5864271,0.5865079,0.5865884,0.5403357,0.5852274,0.5400054,0.5852194,0.5854169,0.5855813,0.5856781,0.5857511,0.5857666,0.5400352,0.5855375,0.5857283,0.5858406,0.5858923,0.5859216,0.585869,0.5857922,0.5857115,0.5400464,0.5854986,0.5856918,0.5858078,0.5858645,
0.5858946,0.5858917,0.5858843,0.5858335,0.585749,0.5857445,0.5856413,0.5856477,0.5856482,0.5856121,0.5856531,0.5856348,0.5855942,0.5855764,0.6193134,0.539643,0.5851645,0.5853966,0.585595,0.5407155,0.5853826,0.6067007,0.5399748,0.5854195,0.5855779,0.5857179,0.5858071,0.5858436,0.5858482,0.5858338,
0.6193572,0.6066221,0.5911565,0.5910279,0.5396798,0.5854723,0.585642,0.5857649,0.5407623,0.5854048,0.5856187,0.6067103,0.5914756,0.5911468,0.5910138,0.590883,0.6066272,0.6065868,0.5914922,0.5911859,0.5910304,0.5909021,0.5396518,0.5852053,0.5853804,0.600623,0.5926293,0.5922447,0.5920689,0.5918924,
0.6190248,0.6065221,0.5393748,0.6193887,0.6071604,0.5915722,0.6007006,0.5922382,0.5918832,0.5917171,0.5915542,0.6066427,0.5916185,0.5914766,0.5913167,0.5401426,0.539706,0.585186,0.585381,0.5855544,0.5857227,0.06428976,0.2636111,0.329161,0.3765706,0.3774547,0.3776266,0.3779877,0.3781617,0.3783368,
0.3412387,0.3409005,0.3774412,0.3776219,0.3778003,0.3779717,0.4312971,0.4314559,0.3849863,0.3848109,0.3418327,0.3413601,0.3766927,0.3777626,0.2734349,0.3776115,0.3779721,0.2734211,0.4303909,0.3851155,0.3849247,0.341855,0.2734326,0.3770798,0.2732266,0.3772498,0.4303515,0.2733561,0.3772931,0.4303648,
0.431344,0.4315058,0.2735754,0.3771066,0.2733729,0.3772471,0.3420218,0.3769537,0.4308048,0.3852173,0.3848823,0.2734819,0.3305645,0.3771953,0.3773709,0.3779071,0.3780852,0.3782626,0.3784384,0.430366,0.1404559,0.3772133,0.2733772,0.3301587,0.0912511,0.3773689,0.4303673,0.3848454,0.3846877,0.3845021,
0.4303963,0.4307238,0.3852064,0.3850483,0.3848706,0.3847118,0.3418652,0.3773648,0.4303834,0.3849184,0.3847458,0.3845816,0.273303,0.4304044,0.3849453,0.384775,0.1404965,0.1245468,0.3741932,0.341499,0.3413374,0.4303781,0.4310268,0.1155152,0.377263,0.3774403,0.3776081,0.3777841,0.3779592,0.3781373,
0.4303274,0.4312993,0.3853235,0.3851959,0.3409648,0.3777046,0.3419842,0.2555294,0.3770997,0.3772719,0.2732201,0.4312292,0.385285,0.3849569,0.3847814,0.3410046,0.3767912,0.4304682,0.3851325,0.3849521,0.3417393,0.3769204,0.4303313,0.385412,0.3849573,0.3847932,0.4303184,0.1756797,0.3772642,0.3774378,
0.4311777,0.4313443,0.3852459,0.3849291,0.3418749,0.3774971,0.37768,0.3778617,0.3780367,0.4304856,0.4311423,0.4314688,0.3853016,0.4304025,0.385311,0.3412962,0.3772134,0.4303702,0.3851239,0.3849313,0.4303412,0.1759007,0.3771143,0.273213,0.3772394,0.377402,0.3409984,0.3772862,0.4310172,0.3418094,
0.4303145,0.4304705,0.3411255,0.3775351,0.3777171,0.3779039,0.3780743,0.3782474,0.3420919,0.3775289,0.3777064,0.3419719,0.4304696,0.4309599,0.4311244,0.431453,0.4316122,0.3411973,0.3777258,0.4304418,0.430931,0.3417786,0.1759798,0.4304278,0.34105,0.4310334,0.3850934,0.4303597,0.3852609,0.4306042,
0.4309321,0.4311018,0.3850968,0.3849223,0.4310205,0.4311824,0.3852347,0.1358116,0.4309287,0.4312526,0.3851253,0.4304028,0.4310695,0.3852467,0.3851232,0.4303562,0.3849652,0.4305069,0.4310088,0.3850546,0.4303545,0.4308466,0.4310181,0.4311745,0.3408222,0.430371,0.3847719,0.4301645,0.3863709,0.4302839,
0.4309446,0.4311148,0.4312758,0.4314379,0.4316049,0.431764,0.3858513,0.4303577,0.4308474,0.4386527,0.3851337,0.4302404,0.4303976,0.4310609,0.3850907,0.4303465,0.3849117,0.430333,0.4308296,0.3857907,0.4303204,0.385282,0.4302437,0.4304014,0.4310669,0.4312295,0.4313967,0.3410426,0.3775517,0.4304193,
0.4384615,0.438441,0.4384536,0.3852362,0.430386,0.3849877,0.3848211,0.1190672,0.1063306,0.4311297,0.3852789,0.4304078,0.4307378,0.4309041,0.4310726,0.3848799,0.4289789,0.4303277,0.4308231,0.135835,0.4304243,0.4310662,0.431228,0.4313904,0.3851204,0.3849585,0.4303592,0.1434335,0.4311589,0.4313273,
0.4385172,0.4385082,0.4384995,0.4385542,0.3852428,0.4387557,0.4387445,0.2073895,0.5328897,0.5855142,0.5402066,0.5855061,0.5856901,0.5402291,0.1726818,0.4312356,0.09703856,0.4310242,0.4311792,0.3852301,0.4302407,0.4304013,0.4308971,0.4310653,0.4312302,0.4313962,0.3849627,0.4303813,0.4308716,0.4310375,
0.3849205,0.384748,0.4303121,0.4308035,0.4309709,0.4311397,0.4313012,0.431468,0.4384859,0.3850818,0.4303538,0.4306788,0.4385176,0.2075982,0.5862799,0.5863538,0.5407167,0.5402635,0.5343603,0.5855185,0.5857224,0.5402772,0.5400596,0.5398335,0.5852465,0.5401946,0.5853567,0.5402133,0.5852875,0.1156526,
0.3770885,0.377261,0.377786,0.3779607,0.3781381,0.4303122,0.4304693,0.385271,0.1180964,0.4303935,0.3852481,0.4387634,0.3851862,0.4303777,0.4310418,0.3849432,0.4306815,0.3851417,0.4302307,0.3850768,0.430361,0.4308557,0.4310206,0.431185,0.4313534,0.4315162,0.4316843,0.3850217,0.3848514,0.4308257,
0.4384781,0.4384615,0.4384604,0.4384027,0.3851983,0.4303893,0.3847923,0.4303324,0.4309928,0.4311598,0.4313224,0.3852312,0.4303905,0.4310546,0.4312177,0.4313831,0.4315522,0.385038,0.1397205,0.1916482,0.4304326,0.385252,0.4302445,0.4308968,0.3848819,0.3846943,0.4303316,0.3849472,0.4387025,0.1181624,
0.4386893,0.4388346,0.4388086,0.4387951,0.3849055,0.4303628,0.4306891,0.4308562,0.4310204,0.3852826,0.4302517,0.4307382,0.4309032,0.3853403,0.4383145,0.3852194,0.4387641,0.3852736,0.4302645,0.3851075,0.3849206,0.3847521,0.4303312,0.3849716,0.4303384,0.4308281,0.430996,0.4311585,0.4313204,0.2011312,
0.4387307,0.4387041,0.4387021,0.130908,0.5246576,0.532285,0.5323773,0.5856009,0.5857607,0.5858978,0.5402416,0.5400542,0.5398068,0.5341039,0.585454,0.585632,0.540512,0.5400485,0.5398518,0.4706553,0.5392817,0.5391216,0.5389772,0.5853618,0.5336909,0.5855823,0.5410101,0.5400205,0.5854332,0.5399817,
0.5852452,0.585451,0.5856317,0.1130276,0.3764243,0.4388042,0.3852559,0.3849272,0.4303392,0.4308321,0.4309993,0.4384454,0.3850819,0.3848965,0.4387099,0.4386948,0.4387001,0.3854043,0.430243,0.3852497,0.4302104,0.3853849,0.3849644,0.4303576,0.4308479,0.4384925,0.3858174,0.3852354,0.4303784,0.4307052,
0.3853033,0.3849836,0.1412018,0.3772384,0.4310041,0.4313321,0.3849488,0.4302137,0.4384581,0.4384579,0.3851968,0.4384392,0.3857423,0.3849895,0.3848535,0.3846681,0.384508,0.3843329,0.4302523,0.43091,0.4310775,0.4312404,0.4314069,0.3854663,0.4302727,0.4309365,0.4385697,0.3850712,0.3848829,0.3847334,
0.4386795,0.4388293,0.4388117,0.1865954,0.4304843,0.4384791,0.4386248,0.3849263,0.3847645,0.384589,0.3844094,0.4304397,0.3851472,0.4303839,0.4384597,0.3850326,0.4384188,0.4387177,0.3852699,0.3849429,0.4302208,0.4303784,0.3852773,0.4302325,0.4384891,0.4384774,0.4384806,0.4385434,0.4389726,0.4391259,
0.4392736,0.439419,0.4393804,0.4393193,0.3852175,0.4383126,0.3848607,0.09297128,0.4386009,0.3851267,0.4302188,0.4384798,0.4387851,0.3849891,0.4382614,0.4382471,0.4384018,0.4385441,0.1865873,0.3772425,0.119077,0.4385794,0.4385655,0.4386953,0.1016068,0.3772396,0.4303623,0.430849,0.438464,0.4386142,
0.4387677,0.4387429,0.1508566,0.4304332,0.3851265,0.4310724,0.4385037,0.4388121,0.4389589,0.4391016,0.3850237,0.3848726,0.430366,0.4308595,0.3852609,0.4387585,0.4387344,0.4388613,0.4389764,0.4389887,0.4391055,0.4392148,0.4393653,0.4395074,0.3852314,0.4386048,0.4385802,0.4387265,0.4386809,0.4388025,
0.4389107,0.4392099,0.4392018,0.3857774,0.4386833,0.4388377,0.4389789,0.4391273,0.4392713,0.4394189,0.4395579,0.4396924,0.1773931,0.4304816,0.3849953,0.4387103,0.4386922,0.4388218,0.4389432,0.4393867,0.4395269,0.4396652,0.3851803,0.3850163,0.09211476,0.4305641,0.4312064,0.4384243,0.4384076,0.4385477,
0.4389731,0.4391197,0.4392714,0.4394153,0.4395511,0.4396979,0.4398258,0.4399511,0.4399014,0.439938,0.4399821,0.4399042,0.4399272,0.4399884,0.3857419,0.4301613,0.4386002,0.4387401,0.385736,0.438376,0.43868,0.4386543,0.4387933,0.4389167,0.4389345,0.4389231,0.4389662,0.4388743,0.4388281,0.4388675,
0.438994,0.4392833,0.4394232,0.4395683,0.4397071,0.4398424,0.4397805,0.4398253,0.439884,0.4399825,0.4399014,0.4397883,0.4396258,0.4396416,0.439712,0.4398482,0.4397579,0.4398058,0.4396435,0.3848183,0.4386781,0.4386686,0.4388037,0.4387481,0.4387075,0.4386204,0.4386681,0.4385969,0.4385724,0.4386529,
0.4387999,0.4388059,0.4388146,0.4387599,0.4388248,0.4389484,0.439244,0.4393776,0.4393443,0.4394337,0.1200948,0.4388913,0.4390358,0.4390054,0.4389669,0.4388577,0.4388838,0.4390004,0.4391555,0.4391181,0.4390819,0.439004,0.4389228,0.4389739,0.4393913,0.4393438,0.3850582,0.4387293,0.4387184,0.4387197,
0.4387654,0.4388935,0.4393236,0.4392848,0.4392357,0.4391042,0.439136,0.4392357,0.4395258,0.4396568,0.4397881,0.4397296,0.4396134,0.4394735,0.4393146,0.4393406,0.4392152,0.4392913,0.4394002,0.4395525,0.4394925,0.4394181,0.439279,0.3848885,0.4303146,0.4308083,0.4384671,0.4384626,0.4385991,0.4387259,
0.4390296,0.4390376,0.4390112,0.4390379,0.4391368,0.4392885,0.4392382,0.4391879,0.4390922,0.4389938,0.4388653,0.4388976,0.438801,0.4389366,0.4390604,0.439344,0.4393263,0.43926,0.1620397,0.4304718,0.4311119,0.4312737,0.09706725,0.4304,0.438564,0.4387148,0.4386904,0.4386804,0.4386027,0.4385304,
0.4385958,0.4385403,0.4386914,0.4386177,0.4385792,0.438641,0.4386167,0.438746,0.4388682,0.4388823,0.4388855,0.4388344,0.4388855,0.4388111,0.4389361,0.4388575,0.4389731,0.4388876,0.1620544,0.4387591,0.4389033,0.4388773,0.4388543,0.4387496,0.1620215,0.438756,0.4387382,0.4387278,0.4386404,0.438689,
0.4393872,0.4395297,0.4394918,0.4395828,0.4394845,0.4395495,0.4396294,0.439583,0.4396579,0.4397504,0.4398772,0.4398225,0.4398633,0.4396977,0.4397102,0.4397643,0.4398783,0.4397963,0.4396688,0.4396801,0.439752,0.4398689,0.4399973,0.3298226,0.438784,0.438933,0.4390745,0.4392265,0.4392116,0.4391631,
0.4391903,0.4392841,0.4394341,0.4395698,0.4397055,0.4398407,0.439969,0.4399126,0.4399593,0.440022,0.4401308,0.4400514,0.4400709,0.4401229,0.4400086,0.4400294,0.4400761,0.439972,0.4398316,0.4396946,0.4397071,0.4397766,0.4399078,0.4398264,0.4398738,0.439736,0.4396079,0.4396074,0.4396749,0.1963156,
0.4387182,0.438861,0.4390075,0.4391537,0.4391387,0.4392452,0.439352,0.4395007,0.4396325,0.4395916,0.4395247,0.4395304,0.4396166,0.4397447,0.4398646,0.4399977,0.43992,0.4399652,0.440028,0.4401432,0.4402504,0.4401419,0.4400185,0.4400142,0.4400704,0.4401702,0.4403098,0.4404348,0.4405807,0.4404879,
0.4405278,0.4403204,0.4403082,0.4403354,0.4402219,0.4402232,0.4400081,0.4400106,0.4400482,0.4399761,0.4400161,0.4400873,0.4402132,0.440356,0.4402676,0.4402935,0.4403431,0.4404264,0.4405181,0.4403965,0.4404002,0.4401891,0.4401849,0.4402192,0.4401177,0.439932,0.4399191,0.4399685,0.4398513,0.4398946,
0.4399925,0.4401227,0.4400508,0.4399162,0.439912,0.4397232,0.439732,0.4398002,0.4399321,0.4398678,0.439917,0.439762,0.4397847,0.4398435,0.4399474,0.4400744,0.4401994,0.4401303,0.4401588,0.4399673,0.4399645,0.4397758,0.4396302,0.199443,0.4388297,0.4389751,0.4391187,0.4392691,0.4392487,0.4393496,
0.4394459,0.4395912,0.4397331,0.4398664,0.4398217,0.4398706,0.4399295,0.1992049,0.4304082,0.4310494,0.438468,0.4386195,0.438611,0.4387402,0.4386791,0.4388081,0.4387171,0.4386756,0.4387182,0.4388384,0.4391383,0.4392815,0.4394293,0.4395686,0.126462,0.5244772,0.532209,0.5322699,0.5323418,0.5322989,
0.5320155,0.531679,0.5312259,0.5310597,0.531251,0.53134,0.5312474,0.1295277,0.1044716,0.438757,0.4389077,0.4388745,0.4389936,0.4389091,0.4390083,0.1995188,0.430447,0.4385945,0.4387482,0.4388913,0.439036,0.4391854,0.4391711,0.4392704,0.4393704,0.4395184,0.4396579,0.439788,0.43991,0.4398704,
0.4397557,0.4397606,0.1045481,0.4310936,0.4384851,0.438469,0.4386027,0.4385779,0.4385693,0.4386139,0.4390432,0.4390416,0.439159,0.4392729,0.4394252,0.4393891,0.4394751,0.4393688,0.4392692,0.4392784,0.4393724,0.4395102,0.1992098,0.4304013,0.4385586,0.4387125,0.1990806,0.438813,0.4389572,0.4391022,
0.4392552,0.4392369,0.4393406,0.439243,0.4393153,0.4393922,0.4395387,0.4394932,0.4395653,0.4396597,0.4396186,0.4395414,0.439395,0.4394103,0.4395065,0.4394912,0.4396073,0.4397223,0.4396852,0.4395556,0.1075728,0.4386838,0.1627529,0.1895488,0.4386437,0.4387885,0.4389333,0.4390826,0.4392296,0.4393719,
0.4395112,0.4394644,0.4393991,0.1628417,0.4311024,0.4385062,0.4386567,0.4388049,0.4389484,0.4390963,0.4390913,0.4391945,0.4391092,0.4390348,0.4390517,0.4391562,0.4391468,0.2534068,0.4387126,0.4386754,0.4387994,0.09692112,0.4385629,0.4385438,0.438686,0.4386396,0.4387694,0.4388846,0.4388726,0.4389935,
0.4390998,0.4391104,0.4392322,0.4393427,0.4394938,0.4394568,0.4395329,0.4394079,0.4394571,0.1654578,0.4380596,0.4380482,0.4382141,0.4388108,0.4389616,0.4391002,0.4392464,0.1627557,0.4389051,0.4388824,0.4390011,0.0620419,0.5324141,0.5324758,0.5322033,0.532176,0.10719,0.4303561,0.4385335,0.4386872,
0.4388344,0.4388209,0.4389445,0.1072704,0.4388385,0.4389873,0.4391296,0.4392796,0.4394214,0.4393956,0.4394773,0.4393755,0.4392793,0.4391475,0.4391836,0.4390758,0.4391621,0.4392786,0.4394279,0.4393772,0.4394671,0.4393668,0.4392843,0.439143,0.4390035,0.4390324,0.09001384,0.4386681,0.4388138,0.4389612,
0.4391045,0.4392491,0.4392304,0.4393304,0.4394202,0.439568,0.439525,0.4394508,0.4394585,0.4395516,0.4395095,0.0997066,0.1611885,0.4304071,0.4307216,0.4308847,0.4313701,0.4315299,0.4316899,0.4381756,0.4384826,0.4386305,0.4386227,0.4386242,0.4386605,0.438603,0.4386077,0.4385343,0.0900083,0.430957,
0.4385391,0.4386952,0.4388359,0.4389879,0.4389653,0.1150969,0.4387529,0.4388984,0.438872,0.4389847,0.4390956,0.4395286,0.4394961,0.4394334,0.4392966,0.439125,0.4391516,0.4392634,0.1702574,0.4304272,0.431072,0.4386195,0.4386072,0.1147832,0.4304436,0.4386038,0.1702354,0.4387082,0.4388537,0.4388303,
0.4389582,0.4388911,0.4389992,0.4389029,0.438994,0.1134883,0.314907,0.4386277,0.4387774,0.4389234,0.4390679,0.4390631,0.4391735,0.4392845,0.4395673,0.4395332,0.439605,0.4394875,0.439374,0.4393846,0.4392652,0.4393162,0.4394206,0.4395605,0.4395144,0.4395821,0.4396791,0.4396379,0.4397115,0.4397961,
0.4399164,0.4400348,0.3242164,0.4387465,0.4388956,0.4388732,0.1328215,0.4386609,0.4386442,0.4387724,0.438722,0.4387105,0.4386197,0.05625718,0.5251716,0.5322979,0.5323592,0.5323582,0.5308819,0.5306937,0.5304922,0.5303413,0.5302531,0.532023,0.532114,0.5318698,0.5315362,0.5313962,0.5314884,0.5315325,
0.5313712,0.5314302,0.5311921,0.1229161,0.4386736,0.4388209,0.4389635,0.4391081,0.4390981,0.4390553,0.1632515,0.4386359,0.4386221,0.09848093,0.4387491,0.438899,0.4390449,0.4391945,0.1174765,0.4305277,0.438511,0.4384914,0.4386292,0.439054,0.4390573,0.4391571,0.4392637,0.4392603,0.4393732,0.4394839,
0.4396312,0.4395909,0.4395209,0.4395294,0.4393994,0.4394376,0.4395333,0.4396748,0.4396382,0.4397174,0.4398099,0.4399331,0.4398499,0.4398809,0.4399351,0.1230926,0.4386495,0.4387929,0.4389428,0.4389237,0.4389053,0.4389346,0.4390509,0.4394834,0.439621,0.1632632,0.4386488,0.4386316,0.4387719,0.438722,
0.438857,0.4389703,0.4389727,0.4389445,0.4388512,0.4388812,0.4389958,0.4390034,0.4391488,0.4392672,0.4394073,0.4395419,0.4396828,0.4396532,0.1632497,0.4386343,0.4387803,0.1530696,0.4385157,0.4388059,0.4389513,0.4391039,0.4390868,0.4392005,0.4393097,0.4394539,0.439411,0.4393397,0.4392187,0.4392508,
0.4393527,0.4393237,0.4392592,0.4393064,0.439432,0.4393976,0.4394805,0.4395891,0.439726,0.4398528,0.4399772,0.4399139,0.4399444,0.4399899,0.4398886,0.4397343,0.43958,0.43939,0.4392457,0.1529647,0.4381744,0.4381702,0.4383509,0.4383088,0.4384564,0.4385818,0.4390287,0.4390275,0.439131,0.4390451,
0.4391427,0.4392359,0.4395193,0.439483,0.4394311,0.4394351,0.4395284,0.2043701,0.4309005,0.431059,0.4384615,0.4384525,0.4385879,0.4385466,0.4385297,0.4385773,0.438541,0.09899358,0.5244094,0.5245758,0.5246892,0.5322937,0.5324721,0.5324506,0.5321934,0.5322419,0.5322394,0.5323274,0.1531008,0.4387788,
0.4387597,0.4388989,0.4390052,0.4390014,0.4389777,0.4390065,0.4391176,0.4394054,0.4393782,0.4394694,0.4393846,0.4392966,0.4393097,0.439206,0.4392624,0.4391628,0.4391116,0.4391335,0.4390688,0.4390194,0.4390475,0.4391744,0.4394588,0.4395973,0.4397325,0.4396928,0.4395766,0.4394254,0.4392509,0.4392751,
0.4393716,0.4393421,0.4392924,0.4391804,0.4390521,0.4390776,0.4391996,0.4393501,0.4393104,0.4394028,0.4392804,0.4392048,0.4390562,0.4389131,0.4388182,0.4386979,0.4387364,0.43866,0.4388041,0.4389323,0.4392353,0.4393809,0.4393246,0.4392661,0.4391195,0.439142,0.4389952,0.4388804,0.4387836,0.4386774,
0.4387157,0.4388655,0.4391825,0.4393265,0.4392745,0.439228,0.1709348,0.430421,0.4308999,0.4312234,0.4384383,0.3895175,0.4302787,0.4309455,0.4311073,0.4312749,0.4314332,0.438475,0.438476,0.43847,0.4384011,0.438456,0.4384163,0.4384434,0.4385411,0.4392888,0.4392461,0.4393372,0.439449,0.4395936,
0.439728,0.4398612,0.4398169,0.1033865,0.09403127,0.431107,0.4312695,0.4386331,0.4387829,0.4387715,0.4387628,0.4386562,0.4385663,0.4384705,0.4385229,0.4384485,0.4384424,0.4384258,0.4384094,0.4383679,0.4382959,0.4382285,0.4383147,0.4382733,0.4382704,0.4382617,0.4383876,0.4389963,0.4389658,0.3010992,
0.5243897,0.5319235,0.5320939,0.5322068,0.5323153,0.5323676,0.5323911,0.5323338,0.5322663,0.5322264,0.5322183,0.06525975,0.4309237,0.4385148,0.4386641,0.4386519,0.4386434,0.4386817,0.4386391,0.4386424,0.4385706,0.4385123,0.4384067,0.4383115,0.4383909,0.4392907,0.4392444,0.4392068,0.4392474,0.4391789,
0.4391205,0.4389913,0.4388784,0.4387647,0.4386123,0.4384364,0.4382951,0.4381781,0.4380634,0.4379414,0.4380295,0.4380026,0.4380102,0.438039,0.4380565,0.3745626,0.4303334,0.4311554,0.4313193,0.431484,0.4316482,0.4318148,0.4381209,0.4382815,0.4382754,0.1024263,0.4308639,0.4310266,0.4385906,0.4385858,
0.4385889,0.438514,0.4384406,0.4383582,0.4382451,0.4381526,0.4382508,0.4382109,0.4383883,0.4391176,0.4390956,0.439065,0.4389685,0.4390059,0.4389346,0.4390585,0.4389933,0.4389695,0.4388831,0.4388122,0.4386967,0.374956,0.4308247,0.4309926,0.4311569,0.4314891,0.4316573,0.4318194,0.4319805,0.3749754,
0.4387674,0.4387474,0.438748,0.4386441,0.4385405,0.4384342,0.4383002,0.438184,0.4382479,0.3745434,0.2869146,0.5325628,0.5326711,0.5327176,0.532715,0.532591,0.5325261,0.5324239,0.5315222,0.5313312,0.531528,0.5316005,0.5314819,0.5316333,0.5318105,0.1288354,0.4303964,0.05843925,0.5323825,0.5327886,
0.5329307,0.5330653,0.1475271,0.4309749,0.4311322,0.431294,0.3749706,0.1489616,0.4310079,0.4311685,0.4314951,0.4316602,0.431818,0.4381005,0.4381047,0.4381307,0.4380926,0.4380471,0.4379885,0.4379252,0.1586159,0.4380045,0.4379889,0.4380139,0.4379905,0.437952,0.4380491,0.4389723,0.4389682,0.4390967,
0.439027,0.4389668,0.4388635,0.4387484,0.4386323,0.4386765,0.4388006,0.4387965,0.438821,0.4388202,0.4389269,0.4393459,0.4393099,0.1201273,0.4304189,0.4312226,0.4315435,0.4317082,0.1074272,0.09903961,0.4387526,0.4388939,0.4388787,0.4388564,0.4387516,0.08872936,0.4387823,0.4387596,0.4387508,0.4387845,
0.4389226,0.4389094,0.4388969,0.4389378,0.4390646,0.09896652,0.4304393,0.4312505,0.4314097,0.4384266,0.4385777,0.4385748,0.4385716,0.4384958,0.4384276,0.4383431,0.4382408,0.4381376,0.4382338,0.4381776,0.4382007,0.4381928,0.1074313,0.4303931,0.4308726,0.4384778,0.4384545,0.2078494,0.4304123,0.431057,
0.4384699,0.4386195,0.4387628,0.4387579,0.1101326,0.4387349,0.4387135,0.4387039,0.4386249,0.438546,0.4384655,0.4383481,0.4382431,0.4383373,0.4383039,0.4383309,0.4384393,0.4384219,0.4385799,0.4387104,0.4387235,0.4388588,0.4387868,0.4387414,0.4387706,0.4388861,0.4388952,0.4390328,0.4389594,0.4390615,
0.4391672,0.4393227,0.4394529,0.4394313,0.4395157,0.4393855,0.4394431,0.4392877,0.43934,0.4391708,0.1320139,0.4386422,0.4387873,0.438935,0.4390761,0.4392262,0.4393673,0.4393394,0.4394265,0.4395187,0.1100882,0.4309471,0.4385328,0.4385272,0.438661,0.4386252,0.4386128,0.4385239,0.4384577,0.4383709,
0.4384452,0.4393181,0.4392567,0.4392056,0.4392357,0.1319806,0.4386614,0.4388071,0.4389533,0.4390966,0.4392506,0.4393835,0.4395289,0.4394883,0.4395651,0.439647,0.4396018,0.4395101,0.4395233,0.4394103,0.4394544,0.4393313,0.4394012,0.4392581,0.4391834,0.228162,0.4387316,0.4388804,0.4390232,0.4391741,
0.4393194,0.4392978,0.4392493,0.4392727,0.4391696,0.1004768,0.4384917,0.4384681,0.4386227,0.4390409,0.4391827,0.1332671,0.4310133,0.43859,0.43874,0.4388836,0.2282611,0.4311478,0.438519,0.4385027,0.4385085,0.4385627,0.4386963,0.4389922,0.4391412,0.3009076,0.4387469,0.4388943,0.438863,0.4389812,
0.4390994,0.4391006,0.439207,0.2146911,0.4387194,0.4388663,0.4388434,0.4389747,0.4388952,0.4388481,0.4387452,0.1333487,0.4313363,0.438519,0.4386718,0.1053565,0.4309357,0.4310972,0.4381863,0.4384902,0.4386391,0.4387886,0.4389371,0.4390813,0.3009115,0.4387246,0.1518955,0.4387579,0.4387383,0.4387295,
0.4387709,0.4387215,0.4387023,0.4387508,0.4388805,0.1333589,0.4388136,0.4389572,0.4391087,0.4390919,0.4391948,0.4391079,0.439205,0.4393018,0.4395909,0.4395436,0.4394746,0.4393303,0.4391546,0.43916,0.4390567,0.4391374,0.4390559,0.4390161,0.3007657,0.1179347,0.1265456,0.438749,0.4388898,0.4388735,
0.4389958,0.4389209,0.4388757,0.4387604,0.4387999,0.4387078,0.4388231,0.1180938,0.4313708,0.4384113,0.4385531,0.4385422,0.4386796,0.1180782,0.4308609,0.4384723,0.4386221,0.4386161,0.4387496,0.4386918,0.4388145,0.4389209,0.439073,0.4390684,0.4391733,0.2153452,0.4309919,0.4313165,0.438512,0.4386644,
0.4388106,0.4389557,0.438949,0.4390594,0.4389727,0.4389047,0.4387944,0.438693,0.4387494,0.4393201,0.1178559,0.4386924,0.4386626,0.4387958,0.4387318,0.4388587,0.4389614,0.4394008,0.4395464,0.4395004,0.4395658,0.4394344,0.4394759,0.4395509,0.10237,0.4304081,0.4312156,0.4385784,0.4385712,0.4387124,
0.4388286,0.439124,0.4391243,0.4392315,0.4393352,0.4394891,0.4394511,0.4393756,0.4392403,0.4392602,0.4393592,0.4396303,0.4397651,0.4398911,0.439831,0.4397155,0.4395564,0.4391468,0.4391679,0.4390439,0.4391128,0.4389997,0.4391017,0.4389957,0.4389355,0.4388269,0.4387158,0.4386135,0.4386546,0.4388009,
0.4393997,0.439358,0.4392834,0.439154,0.439183,0.4390637,0.4390067,0.4388918,0.4387608,0.1631494,0.4388004,0.4389433,0.4389175,0.439036,0.4389613,0.4389041,0.4389282,0.439035,0.4393271,0.4394767,0.4394354,0.4393805,0.4392487,0.4392836,0.0914617,0.4305257,0.4385086,0.4384958,0.09206125,0.4388802,
0.4390276,0.4390072,0.4389688,0.4388436,0.4388724,0.4389845,0.4389849,0.4391264,0.4390593,0.4391589,0.4392641,0.4392561,0.4392187,0.4392327,0.4393354,0.439317,0.4394344,0.4395497,0.439682,0.4396314,0.4396947,0.4397638,0.4397118,0.4395794,0.4395778,0.4394186,0.4394462,0.4392909,0.4391999,0.4390628,
0.4391053,0.4390023,0.4391103,0.438992,0.4390889,0.4391965,0.4391924,0.4391676,0.4390266,0.4389139,0.4389534,0.4388735,0.4390012,0.110685,0.4304875,0.4314568,0.4384579,0.4386078,0.4386051,0.4386061,0.4386533,0.4386145,0.4386133,0.4385494,0.4384951,0.4384104,0.0958928,0.4309873,0.4385575,0.4388599,
0.4390007,0.4389918,0.4389633,0.4389791,0.438893,0.4388432,0.4387599,0.4388058,0.4387227,0.4386723,0.4386205,0.4386981,0.4388199,0.270362,0.4304277,0.4309179,0.431077,0.4384969,0.4386404,0.4386304,0.4387656,0.4387074,0.4388382,0.4387446,0.438702,0.4386033,0.4385076,0.4384308,0.4383226,0.4383929,
0.439146,0.4391083,0.4392259,0.439346,0.4393161,0.4392585,0.4391136,0.4391414,0.4392374,0.4392112,0.4393285,0.4392304,0.4391595,0.4390234,0.1620529,0.4304418,0.4385988,0.4385878,0.4385844,0.4386328,0.438593,0.4387249,0.1431322,0.430539,0.4311856,0.4385604,0.4387109,0.4386854,0.4386678,0.4385737,
0.4386161,0.438733,0.4387355,0.4388801,0.4390044,0.4390037,0.4391298,0.4390498,0.4389986,0.4390155,0.4389291,0.4390171,0.4389215,0.4390191,0.4389323,0.4388756,0.4387731,0.438813,0.4389356,0.4393737,0.3505212,0.3638095,0.5323852,0.5324489,0.5324774,0.5324571,0.5312055,0.5310514,0.09204534,0.5325713,
0.5327137,0.5327882,0.5327671,0.5325018,0.5324545,0.5323716,0.5323667,0.5321251,0.5321673,0.5318962,0.531968,0.5316556,0.5311861,0.5310157,0.3751399,0.5244499,0.5245019,0.5245391,0.5245925,0.5320517,0.5321801,0.5322145,0.5319825,0.5316415,0.5314693,0.5314892,0.5312033,0.3751026,0.3510196,0.5323547,
0.5324098,0.5324422,0.531198,0.3753025,0.5322659,0.5323428,0.5323108,0.2262538,0.5408042,0.5341445,0.5336846,0.5335064,0.5334306,0.53361,0.5334713,0.5336812,0.5337106,0.5339294,0.5340108,0.5339734,0.5336589,0.5315372,0.5313579,0.5315668,0.5316659,0.5314642,0.5312291,0.5313237,0.5310322,0.3514917,
0.5324686,0.5324743,0.5321722,0.5317901,0.5313417,0.5311713,0.5694171,0.3754895,0.5323101,0.5323929,0.06152305,0.5253253,0.5322118,0.53231,0.5323702,0.5324057,0.5324075,0.5323741,0.5323936,0.5322827,0.5320274,0.5320184,0.5316719,0.5315423,0.5316007,0.5314216,0.210733,0.4309068,0.4384708,0.4384541,
0.2458424,0.438731,0.4387042,0.3752855,0.5322801,0.5323381,0.5323181,0.5320459,0.5320415,0.5319582,0.5312736,0.5311168,0.06616224,0.438778,0.4387701,0.2458825,0.430857,0.4310134,0.1464652,0.4387428,0.4387198,0.4387107,0.4386303,0.438675,0.4393769,0.4395146,0.4396522,0.4397901,0.4399239,0.116958,
0.5323805,0.5324212,0.1169494,0.3629504,0.5243876,0.5319672,0.5320731,0.5311299,0.5309007,0.5307454,0.5696075,0.5333975,0.5332957,0.1169543,0.5245243,0.5246237,0.5322196,0.532351,0.5323147,0.5320394,0.1180593,0.4386711,0.4386496,0.2457502,0.4387293,0.245713,0.2455704,0.4309832,0.4313063,0.4314718,
0.2458911,0.4387191,0.4388616,0.4390097,0.3752783,0.5321465,0.5321825,0.5312198,0.5309798,0.5307796,0.5306641,0.5308177,0.5306978,0.5309069,0.5306571,0.5302474,0.5300841,0.605693,0.5333083,0.5331097,0.5330507,0.5335799,0.5695034,0.5333424,0.5331551,0.5330517,0.5332114,0.5330992,0.5333409,0.5333344,
0.6057249,0.5695634,0.6077926,0.5395608,0.53375,0.5335298,0.5334395,0.5336132,0.5333475,0.5329067,0.5328261,0.5329397,0.5326948,0.6056219,0.533301,0.5332437,0.5334319,0.5332222,0.5323789,0.5322844,0.5321702,0.5323635,0.5321184,0.5316869,0.5315618,0.5313955,0.5315744,0.5314456,0.5316623,0.5313704,
0.604106,0.6059351,0.5335751,0.05643999,0.4387619,0.4389089,0.3631349,0.4386753,0.4388264,0.4389688,0.4389599,0.2458912,0.3525904,0.4387486,0.2457106,0.4387479,0.4388933,0.3629678,0.4386611,0.4388076,0.4389569,0.4391055,0.4392542,0.4393978,0.4395514,0.439682,0.4398147,0.4399336,0.4400661,0.4401896,
0.3599935,0.3599524,0.4388242,0.4389721,0.4391157,0.3630109,0.4386433,0.4387908,0.4389363,0.4390858,0.4392272,0.4393728,0.4395184,0.4396632,0.4397915,0.43991,0.2870086,0.5243581,0.5244422,0.524555,0.5246249,0.6158779,0.5333768,0.605832,0.6059723,0.5333098,0.5331552,0.5329502,0.5327948,0.5327141,
0.6157559,0.6100013,0.5341303,0.533229,0.6058172,0.5397007,0.5338714,0.533652,0.5334515,0.5332333,0.5330436,0.5328712,0.532717,0.6058143,0.5335443,0.604799,0.5336381,0.5334392,0.5331993,0.6056513,0.6058141,0.5335608,0.6157566,0.609054,0.6145135,0.533244,0.5330408,0.6157302,0.6099579,0.5332373,
0.6156569,0.6157221,0.615801,0.5335662,0.5331029,0.6048989,0.6049427,0.6050199,0.5336896,0.5334774,0.5332474,0.5330508,0.6057975,0.5335641,0.615671,0.5337639,0.6157269,0.6100069,0.6145393,0.5336674,0.5332354,0.5331709,0.5333579,0.5331796,0.5327579,0.1084857,0.4387459,0.4388923,0.4390413,0.09719335,
0.3376558,0.3378494,0.3382246,0.3537931,0.4383969,0.3599037,0.347471,0.4387226,0.4388685,0.4390139,0.3631529,0.3475734,0.3473928,0.3472038,0.3476285,0.4384615,0.3599336,0.3598692,0.3476077,0.3474528,0.4387259,0.3478945,0.4383398,0.4387914,0.3476906,0.4386231,0.4387654,0.4387453,0.09651554,0.3372414,
0.4381361,0.4384508,0.3479982,0.3474752,0.3471279,0.3465125,0.4386701,0.3599752,0.3599206,0.4383537,0.3480147,0.3485242,0.3480601,0.1276351,0.2473813,0.4387365,0.3617218,0.4387189,0.3480428,0.4386493,0.4387987,0.4389443,0.4390935,0.3479378,0.4387923,0.4389388,0.4390881,0.4392362,0.3599043,0.4388256,
0.4389723,0.4391136,0.4392665,0.4394074,0.4395517,0.359908,0.3476252,0.3480514,0.3476635,0.4387375,0.4388846,0.3480571,0.4388066,0.3478809,0.4387754,0.4389208,0.4390701,0.4392194,0.4393664,0.3479447,0.4387893,0.3478757,0.3475258,0.4384409,0.4387438,0.4388839,0.4390312,0.4391769,0.4393243,0.4394701,
0.4396093,0.4397431,0.4398614,0.4399859,0.4401146,0.4402317,0.4403465,0.3480362,0.3478639,0.4387988,0.4389461,0.4390904,0.3616103,0.4388395,0.4389893,0.4391375,0.4392823,0.34811,0.4380323,0.4388012,0.4389525,0.4390981,0.3479165,0.3477375,0.4387881,0.4389378,0.4390812,0.4392308,0.4393781,0.439525,
0.4396574,0.4397902,0.3479815,0.4387929,0.4389395,0.4390888,0.4392427,0.439383,0.4395314,0.3481078,0.3479372,0.43866,0.4388032,0.4389519,0.4390976,0.4392543,0.4393895,0.4395438,0.4396782,0.347979,0.4386403,0.3480311,0.3478413,0.2878112,0.6063899,0.5336349,0.533471,0.5332555,0.5330851,0.5328881,
0.6057311,0.5333405,0.5331368,0.5329625,0.532765,0.5325975,0.5324367,0.6157168,0.5335739,0.5333661,0.5331596,0.5329597,0.5327663,0.5325361,0.5324106,0.5322458,0.5321562,0.5320444,0.531933,0.5317715,0.5316234,0.5314509,0.6057214,0.5333084,0.5331547,0.5329596,0.5327837,0.5326247,0.5324609,0.5322984,
0.6157954,0.6100299,0.5336643,0.5334496,0.5332358,0.05392643,0.4387921,0.4389422,0.3612114,0.4386601,0.4388061,0.438955,0.4390994,0.4392512,0.4393954,0.4395427,0.4396809,0.4398103,0.4399318,0.3608301,0.438627,0.4387745,0.4389156,0.4390664,0.4392168,0.4393615,0.4395111,0.4396505,0.3598908,0.4386713,
0.3480331,0.3484713,0.438829,0.4389779,0.4391229,0.4392752,0.4394163,0.3480884,0.4386545,0.3480218,0.3484636,0.4388233,0.4389723,0.4391174,0.3029067,0.4386725,0.4388219,0.4389632,0.4391162,0.3598564,0.4386777,0.3599614,0.1161941,0.3521121,0.438849,0.4389941,0.4391377,0.4392947,0.3479231,0.438796,
0.4389472,0.4390907,0.439242,0.4393922,0.1052333,0.438489,0.4387804,0.4389287,0.2075835,0.4387675,0.3601466,0.2474656,0.438782,0.4389307,0.4390754,0.3600197,0.4385611,0.4387069,0.4388545,0.3603641,0.3476567,0.3032735,0.4386779,0.3597966,0.3596375,0.4388025,0.3612739,0.438832,0.347728,0.4386285,
0.4387763,0.4389206,0.3612497,0.4386695,0.4388105,0.3603596,0.438428,0.4387278,0.3620851,0.4387433,0.3599624,0.4385318,0.2473103,0.3371975,0.4387246,0.2472908,0.1933898,0.4386165,0.3610307,0.4387771,0.4389226,0.4390691,0.4392202,0.4393673,0.4395167,0.4396524,0.4397765,0.3612026,0.4385122,0.3480352,
0.4386494,0.4387924,0.4389411,0.4390872,0.3607174,0.4387421,0.4388898,0.3598257,0.2475437,0.4387796,0.4389247,0.4390651,0.439222,0.4393694,0.4395087,0.3480974,0.4386641,0.4388119,0.3599734,0.3474706,0.4387303,0.3597979,0.4388098,0.4389559,0.4390964,0.4392489,0.4393928,0.4395512,0.4396872,0.4398153,
0.4399454,0.4400663,0.4401976,0.4403108,0.4404105,0.4405153,0.4406173,0.4407236,0.4408348,0.4409375,0.441044,0.4411463,0.4412428,0.4413357,0.2472792,0.4387718,0.438916,0.4390589,0.4392079,0.3598641,0.4388155,0.4389631,0.4391158,0.4392607,0.4394026,0.4395477,0.4396809,0.4398088,0.4399307,0.1053173,
0.4386404,0.4387858,0.4389302,0.4390744,0.4392275,0.2473182,0.4386074,0.4389028,0.4390476,0.439198,0.4393368,0.4394762,0.4396207,0.43975,0.4398712,0.4399944,0.4401184,0.4402454,0.2472521,0.438637,0.4387876,0.4389307,0.1119635,0.4385329,0.4423572,0.4424085,0.4424734,0.4425161,0.4425399,0.4425738,
0.4426295,0.4426866,0.4427595,0.4428476,0.4429476,0.4430383,0.4431236,0.4432093,0.4432874,0.4433455,0.4434066,0.4434662,0.443535,0.4436116,0.4436848,0.4437652,0.4440786,0.4441364,0.444203,0.4442504,0.4442813,0.4443084,0.4444255,0.4444716,0.4445403,0.4445869,0.4447311,0.4447315,0.4447624,0.4447598,
0.4447468,0.4447245,0.4447205,0.4447376,0.4447671,0.4448221,0.4448704,0.4449204,0.3354489,0.5243891,0.5244749,0.5245457,0.5245785,0.5245939,0.5245948,0.5245661,0.5245395,0.5245568,0.5245379,0.5245353,0.5246502,0.5247792,0.5247762,0.5247252,0.5246183,0.5245474,0.5245762,0.5246685,0.3850792,0.524434,
0.5245429,0.5245973,0.5246297,0.5246636,0.524632,0.5246416,0.5246744,0.5247403,0.5247299,0.5246544,0.5246486,0.5246395,0.5246143,0.3850382,0.5243384,0.5244754,0.5245779,0.5246303,0.5246432,0.5246238,0.5246045,0.5245888,0.5246475,0.5246801,0.5246546,0.5245714,0.5245281,0.5245065,0.524515,0.5246085,
0.5247917,0.5249846,0.5250618,0.5250206,0.5249577,0.5249084,0.5249339,0.5249524,0.5250769,0.5251883,0.5252224,0.3848647,0.5243325,0.524446,0.5245198,0.5245722,0.1240668,0.4385833,0.4387351,0.4388788,0.4390207,0.1119325,0.4388161,0.4389643,0.4391051,0.4392583,0.4394,0.4395504,0.4396872,0.4398181,
0.4399356,0.4400561,0.4401814,0.440299,0.4404111,0.440528,0.4406411,0.4407525,0.4408635,0.4409602,0.4410556,0.441152,0.4412384,0.4413208,0.4413975,0.4414765,0.4415553,0.4416317,0.4417086,0.4417888,0.4418691,0.4419548,0.4420316,0.4421119,0.4421882,0.4422478,0.4423113,0.4423686,0.4424281,0.4424947,
0.4425552,0.4426238,0.4426999,0.4427825,0.4428694,0.4429581,0.4430321,0.4431066,0.4431833,0.4432544,0.4433247,0.4434022,0.4434689,0.4435376,0.4436086,0.4436855,0.4437625,0.4438396,0.4439182,0.4439933,0.4440623,0.4441137,0.4441717,0.4442303,0.4442849,0.4443428,0.4444151,0.4444838,0.4445449,0.4445995,
0.4446536,0.4446887,0.4447072,0.4447229,0.4447498,0.44478,0.4448046,0.4448298,0.4448632,0.4448988,0.4449416,0.4449928,0.4450303,0.4450566,0.4450745,0.4450926,0.4450972,0.4451238,0.4451372,0.4451669,0.4452061,0.4452321,0.4452564,0.4452487,0.4452475,0.4452359,0.4452308,0.4451983,0.4451654,0.4451314,
0.4450994,0.445074,0.445039,0.4450158,0.4449852,0.4449606,0.4449331,0.4449255,0.4449144,0.444925,0.4449219,0.4449325,0.4449342,0.4449372,0.4449481,0.4449464,0.4449629,0.4449728,0.4447678,0.4446752,0.4446191,0.4445775,0.4445282,0.444486,0.08981704,0.4380387,0.4388075,0.4389578,0.4391001,0.4392523,
0.4393955,0.4395333,0.4396701,0.4398052,0.4399315,0.4400673,0.4402,0.4403301,0.4404406,0.4405126,0.44059,0.440641,0.4407055,0.4408006,0.3136316,0.4389045,0.4390488,0.4392016,0.4393479,0.4394837,0.4396277,0.4397566,0.4398754,0.4400026,0.4401256,0.4402507,0.4403575,0.440467,0.4405804,0.4406882,
0.440794,0.4408979,0.4409943,0.4410885,0.4411722,0.4412111,0.4412652,0.4413488,0.441385,0.4414188,0.4414913,0.4415772,0.4416814,0.4417908,0.4418858,0.4419754,0.4420465,0.4420416,0.163788,0.4387924,0.4389375,0.4390771,0.4392319,0.4393744,0.4395163,0.4396576,0.4397835,0.4399126,0.4400378,0.4401653,
0.4402854,0.4403595,0.4404551,0.4405447,0.1012556,0.43868,0.1435887,0.4386729,0.09305253,0.1529932,0.4387728,0.4389166,0.4390172,0.4391902,0.4393198,0.4394636,0.1385793,0.4388461,0.4389911,0.4391356,0.4392832,0.4393835,0.4395332,0.439662,0.4398008,0.4399191,0.4400431,0.4401634,0.4402869,0.4403943,
0.4405001,0.4406126,0.4407291,0.4408377,0.4409033,0.4409646,0.4410461,0.1005589,0.4386581,0.4388057,0.4389504,0.4390975,0.4392422,0.4393872,0.4395252,0.439622,0.161598,0.4351619,0.4384554,0.4385628,0.4386913,0.09306247,0.09301405,0.4384494,0.4387518,0.4388992,0.4390395,0.4391912,0.4393382,0.4394793,
0.4396256,0.4397519,0.4398781,0.4399976,0.4401324,0.4402513,0.4403634,0.09528819,0.43508,0.4385314,0.438686,0.1615806,0.4387227,0.4388665,0.4390052,0.4391087,0.4392758,0.4394051,0.4395107,0.4396475,0.2123885,0.4387789,0.4389206,0.4390665,0.4392157,0.4393614,0.4395043,0.4396464,0.4397375,0.4398534,
0.4399674,0.4400951,0.4402317,0.4403471,0.4404619,0.4405802,0.4406911,0.4407937,0.4409021,0.4410016,0.441095,0.4411835,0.4412726,0.4413494,0.3069725,0.4385773,0.4388708,0.4390163,0.4391665,0.4393132,0.4394524,0.4395514,0.4396832,0.4398054,0.09674986,0.5278389,0.527913,0.5277184,0.1306297,0.5243111,
0.5244205,0.5275666,0.5276507,0.1305831,0.5244967,0.5246025,0.5275759,0.5275926,0.5273662,0.526926,0.5267686,0.5267822,0.5266369,0.5265308,0.5264502,0.5263936,0.5263086,0.06352241,0.4384015,0.4388523,0.4390024,0.4391522,0.4393009,0.4394382,0.4395851,0.439719,0.439838,0.4399626,0.4400802,0.08246382,
0.5250786,0.5251508,0.5250963,0.5253399,0.5254058,0.5254484,0.5253704,0.5252786,0.5251113,0.5250517,0.5249915,0.5249839,0.4249899,0.5329685,0.5327762,0.5325661,0.53241,0.5322933,0.1307089,0.5245872,0.5247137,0.5247772,0.5247808,0.5248591,0.5251862,0.5254117,0.5253582,0.5252262,0.5250856,0.5249638,
0.5249137,0.5248644,0.5248575,0.4264558,0.533173,0.5327766,0.532599,0.5324042,0.5322867,0.5321574,0.5320216,0.5319167,0.5319507,0.5317541,0.5316198,0.5818595,0.5335156,0.5333248,0.5331234,0.5329286,0.5327697,0.5326623,0.5327352,0.5326047,0.1307018,0.5246311,0.5247055,0.5247563,0.5247341,0.5247116,
0.5820116,0.5332945,0.5817507,0.5334241,0.5819972,0.316599,0.5243579,0.524466,0.5245417,0.5246857,0.06625664,0.4386632,0.4388098,0.4389597,0.4391067,0.4392562,0.4393968,0.4395402,0.4396841,0.4398102,0.4399406,0.2548831,0.1851058,0.4385351,0.4388216,0.4389682,0.4391148,0.4392207,0.4393804,0.43951,
0.2543657,0.2540916,0.2539664,0.4387272,0.438874,0.4390191,0.439172,0.4392673,0.2541004,0.2539674,0.4387224,0.4388637,0.439011,0.4391523,0.253982,0.2538545,0.4388403,0.1103515,0.524472,0.5247955,0.5248627,0.5249265,0.5252456,0.5254541,0.107245,0.4351078,0.2548425,0.4350777,0.438536,0.4386855,
0.4388312,0.4389815,0.2540984,0.4388772,0.4390199,0.4391736,0.4393168,0.2548869,0.4387601,0.4389054,0.4390079,0.4391844,0.4392728,0.4394269,0.4395129,0.2539836,0.4388687,0.43902,0.4391619,0.4393083,0.4394071,0.4395567,0.2542767,0.4352047,0.4385056,0.4386535,0.4388047,0.4389111,0.4390317,0.4391849,
0.4393228,0.4394296,0.4395219,0.4396339,0.4397499,0.4398809,0.2548887,0.4386267,0.4387293,0.4389017,0.4389906,0.4391562,0.4392851,0.4394267,0.4395341,0.4396747,0.4397942,0.4399185,0.4400427,0.4401737,0.4402542,0.4403546,0.4404447,0.4405166,0.4406067,0.4406728,0.4407562,0.4408605,0.440982,0.4410984,
0.44121,0.4413056,0.4414033,0.4414421,0.4414698,0.4415177,0.4415886,0.4416846,0.4417879,0.4418922,0.4419764,0.4420532,0.442126,0.4421333,0.1658839,0.4387152,0.4388619,0.4389707,0.4391395,0.4392327,0.4393955,0.4395236,0.4396722,0.4398078,0.4399359,0.4400659,0.2437262,0.4387981,0.4389471,0.4390445,
0.4391623,0.4393069,0.4394402,0.4395809,0.4397191,0.4398135,0.4399244,0.4400369,0.4401715,0.4403033,0.4404101,0.4405231,0.4405928,0.4406756,0.4407311,0.4407938,0.05642448,0.5278757,0.5279691,0.5279259,0.5278803,0.5276355,0.5272362,0.5270967,0.5269861,0.5268552,0.5267576,0.5267811,0.5266859,0.52654,
0.5263563,0.5262949,0.5263048,0.5262867,0.5263667,0.5262929,0.526149,0.5259725,0.5258973,0.5258384,0.5257496,0.5256484,0.5255446,0.5254307,0.5253587,0.5253143,0.5252637,0.5252877,0.5253721,0.5256147,0.5255959,0.1545263,0.4387897,0.09004404,0.4354115,0.4385243,0.4388263,0.4389717,0.4391178,0.09202301,
0.4387151,0.4388605,0.4390049,0.3809069,0.5273197,0.1277088,0.2069811,0.4387319,0.4388807,0.4390185,0.4391712,0.4393164,0.4394561,0.4395951,0.4396927,0.4397702,0.4398601,0.4399793,0.4401113,0.4402362,0.1135605,0.4387022,0.438852,0.4389898,0.4391402,0.4392869,0.4394267,0.4395687,0.4397071,0.4398019,
0.4398822,0.4399647,0.440075,0.440203,0.4403257,0.4404452,0.440569,0.4406899,0.4407572,0.4408329,0.4409127,0.4409648,0.21313,0.09751489,0.4348114,0.1135161,0.4385528,0.4388477,0.4389929,0.4391421,0.4392842,0.4394314,0.4395742,0.4397127,0.1544453,0.438672,0.4388223,0.4389266,0.4390971,0.4392285,
0.4393261,0.4394756,0.4396009,0.4397466,0.4398797,0.4400067,0.4401296,0.4402103,0.4403089,0.4403583,0.4404372,0.4405268,0.440645,0.2131949,0.4386619,0.438771,0.438942,0.4390724,0.4391718,0.4393353,0.4394666,0.4396081,0.4397495,0.4398685,0.4400001,0.2130588,0.4386442,0.4387513,0.4389211,0.4390526,
0.4392045,0.4393524,0.4394925,0.4396321,0.4397552,0.4398801,0.4399624,0.44008,0.2131948,0.4385047,0.4387999,0.4389446,0.4390485,0.4392205,0.439349,0.4394948,0.4396377,0.4397632,0.4398901,0.4400124,0.4401407,0.4402651,0.440378,0.4404871,0.4405991,0.4406648,0.4407323,0.4408153,0.4408854,0.4409549,
0.4410424,0.4410985,0.4411682,0.4412172,0.4412776,0.441368,0.4414187,0.4414947,0.441585,0.4416771,0.441761,0.4418424,0.4419168,0.4419405,0.4419871,0.4420499,0.4421366,0.4421593,0.442158,0.4421376,0.4421378,0.4421892,0.442274,0.4423771,0.4424692,0.4425518,0.4426317,0.4427214,0.4428084,0.4428892,
0.4429602,0.4430297,0.4431046,0.4431781,0.4431787,0.44322,0.4431413,0.4431485,0.4431657,0.443222,0.4432902,0.4433827,0.4434942,0.4436027,0.4436014,0.4436226,0.443657,0.4435516,0.4435075,0.4434925,0.1834321,0.4352529,0.1347482,0.4387203,0.4388696,0.4389702,0.4390886,0.4392002,0.4393153,0.43946,
0.4395944,0.4397328,0.1834428,0.4384833,0.0920252,0.4387084,0.4388127,0.4389752,0.439115,0.4392702,0.4394151,0.4395545,0.4396943,0.4398234,0.4399457,0.4400699,0.4401515,0.4402153,0.4402793,0.4403399,0.4404378,0.4405012,0.4406042,0.4407166,0.4408071,0.4408741,0.440938,0.4410302,0.4411348,0.4412421,
0.4413488,0.4414407,0.4415299,0.4416166,0.441664,0.4417153,0.441742,0.4417901,0.4418665,0.4419613,0.4420108,0.4420403,0.4420335,0.4420019,0.1187946,0.4353317,0.4384534,0.4385978,0.4387499,0.09517791,0.4352464,0.4385273,0.4386812,0.4388224,0.4389749,0.4391169,0.4392602,0.439407,0.4395427,0.4396374,
0.4397173,0.439783,0.439837,0.4399248,0.4400331,0.4401625,0.440291,0.4404153,0.4405389,0.440668,0.4407887,0.4409049,0.4409733,0.4410284,0.4410931,0.4411324,0.09866864,0.4351917,0.4353507,0.4384658,0.438614,0.4387643,0.4389124,0.4390126,0.4391823,0.4393125,0.4394538,0.4395911,0.4397316,0.4398171,
0.4398889,0.4399561,0.440066,0.4402022,0.4402831,0.4403897,0.4404955,0.4406208,0.4407375,0.4408641,0.4409851,0.4410921,0.4412014,0.4413029,0.4413863,0.4414218,0.4414687,0.4415062,0.09866535,0.4389099,0.4390543,0.4392018,0.439341,0.1815824,0.4385741,0.4386813,0.4389845,0.4390848,0.4392487,0.4393765,
0.4394788,0.4396164,0.4397371,0.4398602,0.4399803,0.4400637,0.4401652,0.440254,0.4403275,0.4404229,0.4405208,0.4406027,0.4406905,0.4407936,0.4409165,0.4410277,0.4411411,0.4411994,0.441265,0.4413335,0.4414075,0.4414855,0.4415771,0.4416594,0.4417397,0.4418167,0.44185,0.1816095,0.4387396,0.4388816,
0.4389856,0.4391594,0.4392926,0.4394345,0.4395713,0.439708,0.4398349,0.4399609,0.4400879,0.1594758,0.5278203,0.5279025,0.5277384,0.5272934,0.5270922,0.526937,0.5268021,0.5267054,0.5266868,0.5268089,0.5269434,0.5269097,0.5267658,0.2246419,0.5337324,0.5334876,0.5332949,0.5331061,0.5329382,0.5327582,
0.5326117,0.5324489,0.5323017,0.5321183,0.5319276,0.2245625,0.5337132,0.5334781,0.5334926,0.5333946,0.5332857,0.5330159,0.1241691,0.4386962,0.4388444,0.4389491,0.4391157,0.4392516,0.4393949,0.4394962,0.09145562,0.435143,0.438585,0.4387395,0.4388773,0.4390257,0.09492059,0.4387883,0.4389346,0.4390759,
0.4392265,0.4393311,0.4394343,0.4395264,0.4396103,0.439727,0.4398474,0.4399827,0.440112,0.4402509,0.4403639,0.4404845,0.4406069,0.1406345,0.4386017,0.4388956,0.4390369,0.4391913,0.4393361,0.4394746,0.4395769,0.1043918,0.4386139,0.4387628,0.4389071,0.4390522,0.4392051,0.4393546,0.4394496,0.4395913,
0.4397174,0.4398482,0.4399417,0.4400483,0.4401549,0.4402365,0.4402974,0.440368,0.4404691,0.4405942,0.4406711,0.4407642,0.4408711,0.4409429,0.4410105,0.441102,0.4411989,0.4412864,0.441325,0.4414003,0.4414904,0.4415807,0.4416708,0.4417289,0.2150714,0.4388702,0.4390147,0.2985608,0.438768,0.4389161,
0.4390155,0.4391873,0.4393162,0.4394604,0.4396065,0.4397467,0.2581771,0.4384561,0.4387552,0.4388972,0.4390436,0.4391924,0.4393352,0.4394774,0.4396211,0.4397176,0.43984,0.4399515,0.4400861,0.4401703,0.1598743,0.4388155,0.4389594,0.4391071,0.439259,0.4394031,0.4395457,0.4396808,0.4398095,0.4399315,
0.4400142,0.4401247,0.4402213,0.4403444,0.4404632,0.4405457,0.4406433,0.2854553,0.4386425,0.4387919,0.4389369,0.4390862,0.439187,0.4393456,0.439475,0.4396163,0.2581666,0.4387209,0.2581055,0.4387367,0.4388815,0.4390247,0.4391749,0.4393195,0.4394611,0.4395635,0.4396948,0.4398146,0.4399489,0.4400306,
0.44015,0.4402167,0.4402868,0.4403613,0.4404649,0.4405962,0.4407158,0.440798,0.4408885,0.4409815,0.4410284,0.4410855,0.4411667,0.441247,0.441329,0.4414248,0.4414824,0.4415265,0.441589,0.4416704,0.4417181,0.4418035,0.4418466,0.441922,0.4419998,0.4420898,0.2850955,0.4387671,0.09629118,0.4354321,
0.4385378,0.4386882,0.438832,0.4389759,0.4391227,0.2570626,0.4352049,0.1061706,0.4388013,0.4389506,0.4390534,0.4392219,0.4393131,0.4394734,0.439601,0.302393,0.2088472,0.4380616,0.4381796,0.4385046,0.4388071,0.1298894,0.4353186,0.4384454,0.4385866,0.4387453,0.4388889,0.439034,0.4391821,0.4392902,
0.4394324,0.4395666,0.2570822,0.4351817,0.1061774,0.4350661,0.4385288,0.4386777,0.4388257,0.4389286,0.439039,0.439192,0.4393236,0.4394701,0.4395719,0.4396998,0.4398194,0.4399355,0.4400661,0.4401881,0.4403009,0.4404056,0.4404752,0.4405613,0.440652,0.4407584,0.440838,0.4408942,0.440948,0.4410377,
0.4411412,0.4412464,0.4412903,0.2466839,0.438749,0.4388984,0.4390372,0.4391875,0.4392831,0.439436,0.4395653,0.4397115,0.4398446,0.4399701,0.4400564,0.4401658,0.4402555,0.4403742,0.440495,0.440626,0.4407436,0.4408301,0.4409087,0.4409966,0.4410947,0.4411901,0.4412883,0.4413764,0.4414075,0.4414603,
0.441537,0.4415736,0.4416468,0.4416829,0.4417553,0.44184,0.4419309,0.4420095,0.4421048,0.4421881,0.442258,0.4423198,0.4423788,0.442429,0.442498,0.4425666,0.4426436,0.4427246,0.1331049,0.4352394,0.4385195,0.4386668,0.4388156,0.4389619,0.4391071,0.4392496,0.4393613,0.4395081,0.4396389,0.4397812,
0.4399058,0.440023,0.4401429,0.4402566,0.4403619,0.4404568,0.4405605,0.4406697,0.4407696,0.4408707,0.4409664,0.4410611,0.4411567,0.4412546,0.4413475,0.4414353,0.4415227,0.4416078,0.127851,0.4385206,0.4388096,0.4389583,0.4391081,0.4392567,0.4393982,0.4395351,0.4396735,0.4397981,0.439884,0.1280412,
0.4380504,0.4386765,0.4388258,0.4389676,0.4391165,0.4392655,0.4394073,0.4395449,0.102996,0.4387259,0.4388714,0.4390182,0.4391704,0.4393122,0.4394571,0.4396016,0.439734,0.4398559,0.4399821,0.4401066,0.4402278,0.4403441,0.4404532,0.4405731,0.4406916,0.2876187,0.4381135,0.4384317,0.438876,0.4390253,
0.4391777,0.4393139,0.4394579,0.4396062,0.4397358,0.4398611,0.3127762,0.5245256,0.5246198,0.5246871,0.524666,0.5246366,0.5246511,0.5246462,0.5246538,0.5246733,0.5246714,0.5246409,0.5246233,0.5246329,0.5246491,0.5246231,0.5245931,0.5245695,0.5245598,0.5245882,0.5246682,0.5246993,0.5247205,0.5247209,
0.5247229,0.5247929,0.5248938,0.5250286,0.5251827,0.525225,0.5252279,0.5251206,0.3128047,0.1332105,0.5246457,0.5247276,0.5247387,0.5247286,0.5246915,0.5246267,0.5245516,0.5245073,0.5244768,0.5244303,0.5244157,0.5244083,0.5244105,0.5244401,0.5244707,0.5245033,0.5245199,0.5245086,0.5244901,0.5245418,
0.5245427,0.5245249,0.5245061,0.5245402,0.5245801,0.5246847,0.1541906,0.4386456,0.4387918,0.4389377,0.3127671,0.5243936,0.5244982,0.3127593,0.5242164,0.5243638,0.5244673,0.524548,0.5245913,0.5245692,0.2151737,0.1396235,0.4388404,0.4389862,0.439132,0.4392786,0.4394181,0.4395588,0.1387748,0.4386856,
0.438834,0.4389723,0.439121,0.4392688,0.4394075,0.4395589,0.4396919,0.4398217,0.4399444,0.1132221,0.4386907,0.4389851,0.4391275,0.4392757,0.1387837,0.4386798,0.4388264,0.4389689,0.4391173,0.4392629,0.4394019,0.4395445,0.4396842,0.1539248,0.4387906,0.4389339,0.4390832,0.4392279,0.4393666,0.439511,
0.4396521,0.439775,0.439899,0.4400246,0.4401526,0.4402741,0.4403877,0.4405019,0.4406215,0.4407372,0.440842,0.4409451,0.4410355,0.4411324,0.4412182,0.4413096,0.1128001,0.4388474,0.1629081,0.4384705,0.43877,0.4389144,0.4390658,0.439214,0.4393602,0.4395043,0.4396491,0.4397842,0.4399034,0.4400249,
0.4401473,0.440275,0.4403817,0.4404944,0.4406027,0.4407128,0.440818,0.4409208,0.4410282,0.4411196,0.4412151,0.4413038,0.4413864,0.4414673,0.4415414,0.4416224,0.4417,0.4417761,0.4418594,0.4419378,0.4420166,0.4420953,0.4421677,0.4422322,0.4422975,0.4423607,0.4424336,0.2101877,0.4387043,0.4388523,
0.4389935,0.4391421,0.4392881,0.4394282,0.2023744,0.4384637,0.4389046,0.4390488,0.4392,0.439342,0.4394808,0.4396265,0.4397494,0.4398687,0.4399871,0.4401033,0.4402268,0.4403426,0.2101333,0.4388592,0.2101129,0.4386926,0.4388362,0.4389862,0.4391317,0.4392762,0.4394171,0.4395618,0.4396961,0.4398332,
0.4399558,0.4400806,0.4402123,0.4403323,0.4404422,0.4405581,0.4406746,0.4407814,0.4408883,0.4409877,0.4410722,0.441162,0.4412463,0.4413326,0.4414083,0.441489,0.441571,0.4416487,0.441724,0.4418025,0.4418732,0.4419363,0.4419978,0.4420667,0.2097736,0.4387038,0.4388504,0.4389974,0.2900317,0.4388161,
0.4389634,0.4391053,0.4392494,0.4393917,0.4395365,0.4396681,0.4398039,0.4399252,0.4400636,0.4401914,0.4403111,0.4404182,0.4405229,0.4406263,0.4407299,0.4408399,0.4409417,0.4410449,0.4411401,0.4412415,0.2899972,0.438822,0.4389679,0.4391116,0.4392563,0.4394029,0.4395543,0.4396895,0.4398194,0.4399379,
0.4400705,0.4401995,0.440318,0.4404308,0.4405433,0.4406512,0.4407509,0.440861,0.4409654,0.441065,0.4411617,0.4412564,0.4413389,0.4414212,0.4415025,0.4415863,0.4416628,0.4417417,0.441818,0.4418967,0.2898637,0.438654,0.4387996,0.4389478,0.4390911,0.43924,0.4393895,0.4395305,0.4396698,0.4397997,
0.4399344,0.4400615,0.4402002,0.4403153,0.4404345,0.09038362,0.4386675,0.4388154,0.4389611,0.439108,0.4392569,0.4393916,0.439535,0.2016931,0.5244218,0.5244552,0.5244976,0.5245388,0.5245569,0.5245607,0.5245255,0.5244923,0.5244631,0.5244594,0.6197497,0.5334865,0.533278,0.5330817,0.5328954,0.5327153,
0.6196892,0.5335446,0.533338,0.05514262,0.4387014,0.09036744,0.4386753,0.4388232,0.4389656,0.4391154,0.4392647,0.4394003,0.4395477,0.4396895,0.4398107,0.2899465,0.1386777,0.4387996,0.4389515,0.4390916,0.4392423,0.4393886,0.4395303,0.4396664,0.4397894,0.4399049,0.4400309,0.4401611,0.4402901,0.4403937,
0.2897627,0.4386821,0.4388295,0.4389741,0.4391223,0.4392666,0.4394034,0.4395455,0.4396904,0.4398133,0.4399331,0.4400562,0.2899531,0.4388367,0.4389851,0.4391274,0.4392706,0.4394182,0.4395703,0.4397071,0.4398304,0.4399497,0.2899255,0.4386853,0.438834,0.438975,0.2898746,0.4388365,0.4389805,0.4391275,
0.439276,0.4394163,0.4395554,0.1472145,0.2800725,0.4387923,0.4389415,0.2898919,0.4388241,0.4389715,0.4391186,0.09019543,0.4386657,0.2898719,0.4386928,0.2898299,0.4386699,0.4388131,0.438959,0.4391064,0.4392534,0.439396,0.2899072,0.4388173,0.4389614,0.4391093,0.4392582,0.4394016,0.2899074,0.4388407,
0.4389888,0.4391343,0.2894118,0.4387938,0.2898543,0.4388151,0.4389608,0.4391043,0.4392545,0.4393956,0.4395452,0.4396887,0.4398129,0.4399346,0.4400544,0.4401764,0.4402897,0.4403966,0.4405077,0.440623,0.4407364,0.4408526,0.4409508,0.44105,0.441147,0.4412418,0.4413382,0.4414147,0.4415011,0.4415887,
0.4416561,0.4417433,0.4418166,0.4418849,0.441953,0.4420162,0.4420848,0.4421639,0.4422414,0.2898754,0.4388045,0.111669,0.4388115,0.4389617,0.4391081,0.4392543,0.4393981,0.4395441,0.387034,0.4386904,0.4388398,0.4389828,0.4391308,0.4392792,0.4394215,0.4395627,0.4396995,0.4398302,0.4399574,0.4400902,
0.4402086,0.4403087,0.4404139,0.4405236,0.4406345,0.4407479,0.4408583,0.4409654,0.4410588,0.4411603,0.4412474,0.4413213,0.4414029,0.4414782,0.4415589,0.4416384,0.441721,0.441798,0.4418718,0.4419447,0.4420168,0.4420839,0.442166,0.4422386,0.4423077,0.4423702,0.4424219,0.4424976,0.4425584,0.442637,
0.4427264,0.4428024,0.4428746,0.4429469,0.4430138,0.4430885,0.4431584,0.4432321,0.4433192,0.4434047,0.4434869,0.4435665,0.1055232,0.4386275,0.4387797,0.4389217,0.4390695,0.4392177,0.439364,0.4395027,0.4396462,0.4397769,0.4399005,0.4400247,0.4401524,0.4402775,0.4403865,0.4404907,0.4405929,0.4407039,
0.4408065,0.44091,0.4410179,0.441118,0.4412214,0.4413245,0.4414178,0.441508,0.4415877,0.4416568,0.4417226,0.4417869,0.4418555,0.4419231,0.4419978,0.442078,0.4421647,0.4422357,0.4423109,0.442381,0.442438,0.4424924,0.4425515,0.4426135,0.4426685,0.442737,0.4428202,0.4429124,0.4429965,0.4430906,
0.4431729,0.4432367,0.4433007,0.443369,0.443447,0.4435248,0.4436067,0.4436858,0.4437666,0.4438384,0.4439133,0.3575272,0.5243591,0.1308171,0.4387527,0.438892,0.4390393,0.4391865,0.43933,0.4394711,0.1707903,0.4377437,0.4388457,0.4389916,0.4391337,0.439284,0.4394231,0.4395687,0.4397048,0.4398279,
0.4399506,0.4400749,0.4402045,0.3577417,0.5244189,0.5245092,0.5245798,0.5246101,0.5245708,0.524525,0.1704182,0.4388205,0.4389666,0.439111,0.4392639,0.17078,0.4388461,0.4389893,0.4391403,0.439288,0.1555387,0.06175208,0.4387693,0.4389212,0.4390613,0.4392146,0.3576154,0.5245346,0.5245774,0.5245824,
0.5245574,0.5245649,0.358362,0.5242847,0.5244501,0.5245088,0.5245282,0.524538,0.5245306,0.5245519,0.524556,0.5245758,0.5245883,0.5246028,0.3582888,0.5244204,0.5245067,0.5245409,0.5245203,0.5244966,0.5244907,0.5244869,0.5245289,0.5245575,0.5246327,0.1557588,0.5245085,0.5246171,0.5246305,0.1705725,
0.4387987,0.4389432,0.3577873,0.524412,0.5245089,0.5245687,0.5245892,0.5245934,0.5245961,0.524572,0.5245901,0.1557429,0.5244535,0.5245228,0.5245261,0.5245591,0.5245566,0.5245208,0.5244198,0.5243979,0.5243393,0.5242968,0.5242993,0.5243284,0.5243954,0.5244262,0.35829,0.4408464,0.5242583,0.5244141,
0.5245525,0.5246724,0.5246965,0.5246652,0.5245777,0.5244677,0.5244228,0.5244614,0.5245555,0.5247007,0.5247666,0.5247588,0.524685,0.5247086,0.5247707,0.5249203,0.5250826,0.5252685,0.5254005,0.4543233,0.5245395,0.5246661,0.4546904,0.454481,0.155809,0.5244247,0.3584298,0.5244514,0.5245585,0.5247042,
0.5247481,0.524722,0.3583136,0.5244287,0.5245553,0.4546171,0.5242966,0.5245224,0.5246606,0.524713,0.5247034,0.5245994,0.5245193,0.5245183,0.5245669,0.524702,0.5248715,0.5250092,0.5251707,0.525277,0.5252711,0.5251471,0.5250021,0.5248926,0.5248633,0.5248652,0.5249884,0.5251349,0.5252882,0.5253264,
0.5252965,0.5251296,0.5249758,0.5248918,0.5248922,0.5249076,0.5249875,0.5251016,0.5252106,0.5252572,0.525206,0.5250174,0.5248843,0.5248238,0.5248082,0.4543577,0.5243146,0.5245302,0.5246667,0.5246684,0.5245777,0.524591,0.5246377,0.5247153,0.5248821,0.5249735,0.5250006,0.5249328,0.5248826,0.5107484,
0.5332273,0.5330279,0.5328313,0.5326541,0.532492,0.5323601,0.5322122,0.5320497,0.5319131,0.5318297,0.5317666,0.5316722,0.5315614,0.5313769,0.5106583,0.5334483,0.5332384,0.5330264,0.5326412,0.5324902,0.5323704,0.532248,0.5110631,0.5336341,0.5329916,0.5327945,0.532639,0.5325033,0.5323604,0.5322207,
0.5320519,0.5318934,0.5107303,0.5334388,0.5330139,0.5328431,0.5326871,0.5325263,0.5323564,0.5321787,0.5320326,0.5318992,0.5318104,0.53171,0.5315966,0.1567004,0.4387395,0.4388823,0.4390292,0.4391812,0.4393213,0.2169969,0.438793,0.4389399,0.4390842,0.4392311,0.1850564,0.4388348,0.4389804,0.439124,
0.4392732,0.4394128,0.4395643,0.4397108,0.4398389,0.4399538,0.4400839,0.4402101,0.1098154,0.4386193,0.4387648,0.4389097,0.439056,0.4392053,0.4393461,0.4394889,0.4396261,0.4397583,0.4398794,0.4399996,0.4401207,0.4402444,0.4403579,0.440467,0.4405885,0.440699,0.4408025,0.4409109,0.2169382,0.1565829,
0.4387478,0.4388946,0.43904,0.439183,0.4393329,0.4394755,0.1151592,0.4388793,0.4390258,0.4391724,0.4393181,0.4394599,0.4396042,0.4397345,0.4398544,0.4399728,0.4400895,0.217415,0.4386562,0.4388114,0.438956,0.4390976,0.4392448,0.4393887,0.4395314,0.4396679,0.4397953,0.4399163,0.4400399,0.4401641,
0.4402822,0.4403957,0.4405091,0.4406238,0.4407374,0.4408394,0.115114,0.438922,0.4390636,0.439214,0.4393537,0.4394997,0.4396399,0.4397725,0.4398983,0.4400302,0.4401565,0.1241352,0.4384244,0.4387259,0.4388739,0.4390195,0.4391675,0.4393132,0.4394561,0.4396014,0.4397358,0.4398616,0.1151744,0.4389145,
0.4390573,0.4392065,0.2986948,0.5241682,0.5243645,0.5244569,0.524511,0.5245304,0.5245111,0.5245215,0.5244845,0.5244721,0.5244472,0.5244679,0.5244735,0.5245001,0.5245416,0.5245564,0.524529,0.5244905,0.5244831,0.5245299,0.5246377,0.5246983,0.5246812,0.5246448,0.5245985,0.5245209,0.524546,0.5246353,
0.524864,0.5251034,0.5256411,0.5256144,0.5255926,0.5254245,0.5252562,0.5251893,0.525172,0.5252299,0.5252835,0.5254365,0.6034601,0.533367,0.5331522,0.5329711,0.5328152,0.532672,0.532515,0.5323646,0.5322409,0.532097,0.531967,0.5318183,0.5316196,0.5314713,0.5312876,0.5311514,0.5310239,0.53093,
0.6025851,0.5334472,0.5332565,0.5330517,0.5328825,0.5327051,0.5325422,0.532406,0.5322796,0.5321527,0.5320181,0.5318497,0.5317068,0.5315426,0.5313572,0.5312433,0.5311241,0.5309967,0.5308307,0.5306841,0.5305751,0.5304592,0.6029798,0.533425,0.5332435,0.5330334,0.532855,0.532658,0.532517,0.5323671,
0.6024686,0.6023758,0.6022745,0.5341634,0.5334916,0.5332817,0.5330749,0.6033592,0.5332119,0.533023,0.5328475,0.5326638,0.5324927,0.5323338,0.5322033,0.53205,0.5318858,0.5317363,0.1365325,0.4384751,0.4387701,0.4389145,0.3943321,0.4387056,0.4388569,0.4390042,0.4391533,0.4392971,0.2685121,0.4386756,
0.2688141,0.2686729,0.4388438,0.1362794,0.09971195,0.3866838,0.1574003,0.4384534,0.4387494,0.4388986,0.4390439,0.4391935,0.4393362,0.4394771,0.4396225,0.2685854,0.4388295,0.2692876,0.438698,0.4388464,0.3932989,0.4386933,0.4388462,0.438989,0.4391382,0.439292,0.2688199,0.4388379,0.2694323,0.2688099,
0.4386925,0.4388393,0.4389783,0.1647598,0.4386648,0.438809,0.4389527,0.4391019,0.4392528,0.4393936,0.4395433,0.4396876,0.4398157,0.4399362,0.4400579,0.4401849,0.4403004,0.4404074,0.1123808,0.2591151,0.438728,0.4388776,0.4390253,0.4391726,0.4393232,0.4394612,0.4396029,0.4397392,0.4398617,0.4399779,
0.440097,0.4402197,0.4403329,0.4404437,0.4405595,0.4406717,0.4407706,0.4408761,0.4409734,0.07939745,0.5249647,0.5250892,0.5251427,0.5250557,0.5249367,0.5248433,0.5248157,0.5247599,0.5247118,0.5246851,0.524672,0.5246207,0.5245682,0.5245288,0.5244995,0.5244936,0.5244868,0.5244781,0.5244676,0.5244886,
0.5244837,0.5245651,0.5246875,0.5247222,0.5246297,0.5245668,0.5244911,0.5244651,0.5245485,0.5246985,0.5247499,0.5247318,0.524663,0.5246323,0.5246935,0.5248213,0.5250108,0.5252035,0.5253394,0.5253481,0.5252802,0.5250943,0.5249769,0.5249596,0.5250093,0.5251766,0.5252487,0.525225,0.07799304,0.5249267,
0.5250025,0.5249776,0.5248985,0.5248474,0.5247756,0.5246907,0.524676,0.5246629,0.5245966,0.5245593,0.5244974,0.5244583,0.5244517,0.5244022,0.5244136,0.5244575,0.5244772,0.5245128,0.5245376,0.5245776,0.524567,0.5245447,0.5244979,0.5245273,0.5245714,0.5245538,0.5245193,0.5245296,0.5245733,0.5246708,
0.5247802,0.5248708,0.5249183,0.5249329,0.5248927,0.5249541,0.5251022,0.525211,0.5252766,0.5252613,0.5251731,0.5250041,0.5249115,0.524895,0.5249403,0.5250786,0.5252126,0.5253614,0.5254072,0.5253522,0.5252314,0.5582755,0.5333614,0.5331411,0.53294,0.5327865,0.5326478,0.5325106,0.5323338,0.5321957,
0.5579099,0.5331579,0.5329722,0.5328373,0.5326958,0.1309558,0.4387214,0.4388705,0.4390096,0.4391654,0.4393013,0.4394482,0.4395874,0.439724,0.4398517,0.4399763,0.4401022,0.4402359,0.4403596,0.4404765,0.4405946,0.4407077,0.2027994,0.4387693,0.2396117,0.4386417,0.4389291,0.4390798,0.439228,0.4393629,
0.2395084,0.4386384,0.4387876,0.1267665,0.5588334,0.5332177,0.533033,0.5328695,0.5326909,0.5325215,0.5323768,0.5322585,0.5321013,0.5319491,0.5318107,0.5580121,0.5333638,0.5329353,0.5327804,0.5326438,0.5325447,0.5324144,0.5322666,0.53211,0.5319361,0.5318115,0.5582112,0.5334136,0.5332409,0.5330552,
0.5583625,0.5579379,0.5334193,0.5583543,0.5333837,0.5331948,0.5329971,0.5328112,0.5584018,0.5332137,0.5330012,0.5328244,0.5326744,0.5325156,0.5323647,0.5322184,0.06740677,0.4388303,0.4389784,0.4391308,0.4392742,0.4394157,0.4395584,0.2396611,0.4386511,0.4387941,0.4389393,0.439086,0.4392297,0.2396548,
0.2395315,0.2392625,0.2391278,0.438922,0.4390655,0.4392175,0.239766,0.438822,0.4389687,0.4391167,0.4392615,0.4394071,0.4395567,0.4396919,0.4398255,0.4399521,0.4400846,0.2398082,0.2395354,0.2392771,0.4387874,0.4389401,0.4390821,0.2396286,0.4387955,0.4389365,0.4390842,0.4392351,0.4393733,0.4395136,
0.4396471,0.439775,0.439893,0.4400132,0.4401369,0.4402635,0.4403694,0.4404853,0.4406019,0.2395656,0.4386523,0.4388033,0.438947,0.4390963,0.2397536,0.4386613,0.4388066,0.438951,0.4390973,0.4392489,0.439395,0.4395353,0.4396746,0.4397999,0.4399285,0.4400571,0.4401922,0.4403124,0.4404344,0.4405464,
0.4406584,0.440763,0.4408741,0.4409682,0.4410661,0.4411602,0.1044825,0.4386172,0.09523907,0.2743546,0.06245796,0.07806436,0.4387135,0.4388616,0.4390044,0.2396299,0.4387887,0.4389375,0.4390772,0.4392244,0.3803494,0.4386813,0.4388328,0.4389754,0.4391223,0.2397974,0.4387894,0.1050953,0.4384527,0.4387507,
0.4388956,0.4390446,0.4391886,0.1939173,0.4387945,0.2743095,0.524273,0.524431,0.524506,0.5245842,0.5246487,0.5246458,0.5246102,0.5245742,0.5245723,0.5245531,0.524582,0.1734235,0.4387548,0.3798521,0.4387788,0.4389252,0.09004346,0.4386549,0.4388058,0.4389473,0.4390926,0.4392398,0.439385,0.4395368,
0.4396786,0.4398034,0.4399251,0.4400426,0.4401678,0.4402884,0.4404015,0.4405198,0.3799966,0.4383612,0.4386736,0.09003229,0.4386226,0.4387717,0.4389195,0.1937023,0.4387996,0.438945,0.4390916,0.4392348,0.4393834,0.4395293,0.439666,0.4397961,0.4399218,0.4400495,0.4401788,0.4403057,0.4404168,0.4405304,
0.4406387,0.4407443,0.4408415,0.4409424,0.4410357,0.1467509,0.4386362,0.4387878,0.4389239,0.4390742,0.4392165,0.1094114,0.4385949,0.4388916,0.09004496,0.4388003,0.4389487,0.4390935,0.439242,0.4393838,0.4395253,0.4396686,0.4398016,0.4399211,0.4400412,0.4401629,0.4402762,0.4403809,0.3803612,0.4386985,
0.4388451,0.438994,0.4391394,0.4392921,0.4394384,0.4395826,0.4397115,0.43984,0.4399599,0.4400988,0.4402159,0.4403212,0.4404284,0.4405413,0.4406499,0.4407595,0.440863,0.3804424,0.4386968,0.4388494,0.4389919,0.4391432,0.439299,0.4394401,0.4395834,0.4397239,0.4398533,0.4399787,0.4401124,0.440228,
0.4403284,0.4404359,0.4405489,0.1343347,0.4387248,0.4388648,0.439017,0.439163,0.4393106,0.4394513,0.4396003,0.4397394,0.4398694,0.4399975,0.4401198,0.4402557,0.440372,0.4404874,0.4406011,0.4407128,0.4408151,0.1129585,0.4386957,0.4388393,0.438985,0.4391307,0.4392797,0.4394186,0.4395633,0.4396959,
0.4398238,0.4399444,0.4400676,0.4401886,0.4403141,0.4404246,0.4405438,0.4406589,0.4407633,0.1131041,0.1524739,0.4387172,0.2285253,0.4387179,0.4388677,0.4390105,0.4391612,0.4393088,0.4394553,0.4395948,0.4397338,0.4398624,0.4399846,0.4401077,0.4402356,0.4403591,0.440463,0.4405809,0.4406863,0.4407893,
0.4409006,0.4410004,0.4410987,0.4411946,0.4412884,0.4413708,0.4414497,0.4415291,0.4416086,0.4416857,0.4417603,0.4418407,0.4419203,0.4419897,0.4420562,0.4421381,0.09869902,0.4384428,0.4387451,0.4388926,0.4390383,0.4391817,0.4393267,0.4394678,0.4396091,0.4397365,0.4398622,0.4399877,0.4401171,0.4402451,
0.4403621,0.4404756,0.4405924,0.4407049,0.4407945,0.4409004,0.4409978,0.4410914,0.441177,0.441264,0.4413528,0.4414381,0.1216828,0.43878,0.4389301,0.4390747,0.4392198,0.09880935,0.4387471,0.4388949,0.4390321,0.439186,0.4393239,0.4394637,0.4396033,0.4397417,0.4398657,0.4399938,0.4401213,0.4402548,
0.4403738,0.4404825,0.4405936,0.4407026,0.4407998,0.4409014,0.4409992,0.4410975,0.4411896,0.4412796,0.4413662,0.4414488,0.4415248,0.441609,0.4416795,0.4417533,0.4418253,0.4418984,0.09785422,0.115188,0.4387242,0.4388702,0.4390155,0.4391537,0.4393038,0.4394404,0.4395856,0.439717,0.4398393,0.4399653,
0.4400863,0.440214,0.4403299,0.4404436,0.4405589,0.4406738,0.4407792,0.4408871,0.440985,0.4410832,0.4411715,0.4412546,0.441332,0.4414108,0.4414942,0.4415868,0.4416624,0.4417425,0.4418251,0.4419047,0.4419752,0.141276,0.4387439,0.1193974,0.4387334,0.4388835,0.4390284,0.4391799,0.43932,0.4394679,
0.4396088,0.4397398,0.4398613,0.4399831,0.4401128,0.4402437,0.4403618,0.4404781,0.4405936,0.4407046,0.4408041,0.4409081,0.4409997,0.4410956,0.4411852,0.4412706,0.4413503,0.4414293,0.4415179,0.4416029,0.1130043,0.1572555,0.4387145,0.4388567,0.1413271,0.1283718,0.4386704,0.4388182,0.1413215,0.4386155,
0.4387673,0.4389092,0.4390548,0.4392013,0.4393487,0.4394857,0.1283712,0.4387048,0.4388505,0.4389974,0.4391458,0.4392872,0.4394307,0.4395703,0.4397021,0.4398355,0.4399548,0.4400837,0.1283059,0.438684,0.4388306,0.4389743,0.4391171,0.4392703,0.4394079,0.4395463,0.4396836,0.4398173,0.4399494,0.4400801,
0.4402111,0.4403358,0.4404487,0.440566,0.4406796,0.4407796,0.4408759,0.4409727,0.4410693,0.4411592,0.113244,0.438677,0.4388213,0.4389647,0.4391122,0.1283793,0.4387096,0.4388546,0.4389977,0.4391444,0.4392892,0.4394341,0.4395792,0.4397124,0.4398386,0.4399647,0.4400882,0.4402189,0.4403346,0.4404461,
0.4405586,0.4406662,0.4407696,0.4408757,0.4409695,0.441065,0.4411649,0.4412513,0.4413417,0.4414265,0.4415091,0.4415913,0.4416707,0.4417552,0.1283219,0.4386773,0.4388243,0.4389657,0.4391124,0.4392665,0.4394132,0.4395531,0.4397046,0.4398323,0.4399643,0.4400914,0.4402166,0.4403296,0.4404457,0.440559,
0.4406701,0.4407751,0.4408851,0.4409868,0.4410886,0.4411893,0.4412805,0.4413664,0.4414455,0.4415219,0.4416085,0.4416855,0.4417638,0.441849,0.4419247,0.4419783,0.1283231,0.4388245,0.4389706,0.4391209,0.4392679,0.4394118,0.4395495,0.4396935,0.4398138,0.4399331,0.4400534,0.4401857,0.104685,0.4387716,
0.4389201,0.4390645,0.4392157,0.4393605,0.4395005,0.4396398,0.4397831,0.4399001,0.4400274,0.4401586,0.4402817,0.4403976,0.4405116,0.4406241,0.440735,0.4408408,0.4409447,0.4410386,0.4411347,0.4412284,0.4413131,0.4413909,0.4414684,0.4415519,0.441631,0.4417095,0.4417918,0.4418689,0.4419451,0.4420094,
0.4420718,0.4421459,0.4422233,0.4422987,0.4423788,0.4424516,0.4425092,0.4425745,0.4426375,0.4427044,0.222151,0.4388022,0.4389463,0.4390945,0.4392433,0.4393863,0.4395316,0.4396852,0.4398067,0.4399318,0.4400541,0.4401841,0.4402975,0.4404061,0.4405255,0.4406436,0.4407534,0.4408604,0.4409553,0.4410497,
0.4411356,0.4412249,0.2070107,0.524474,0.1223807,0.4385158,0.438807,0.4389513,0.4390991,0.4392503,0.4393908,0.4395387,0.4396798,0.439807,0.4399329,0.4400576,0.4401834,0.4403025,0.4404169,0.4405308,0.4406426,0.4407514,0.4408476,0.4409446,0.4650546,0.5242073,0.5249375,0.5251405,0.5252969,0.5254209,
0.5254299,0.5253431,0.5252067,0.5250398,0.5249572,0.5249851,0.5250809,0.5251892,0.5252167,0.52517,0.5250277,0.5249243,0.5248789,0.5248794,0.465613,0.5244067,0.5245861,0.5246777,0.5246825,0.5246134,0.5245239,0.524559,0.5246591,0.5248388,0.5250645,0.5252102,0.5253058,0.5253007,0.5252241,0.5250495,
0.5249737,0.5249861,0.5250394,0.5251057,0.525234,0.5253286,0.5253205,0.5252622,0.6147573,0.5332394,0.4343493,0.5331454,0.5329251,0.5327497,0.5325699,0.5324316,0.1545987,0.4386515,0.4388006,0.4389445,0.4390866,0.4392354,0.09294311,0.4387164,0.4388633,0.4390037,0.439152,0.4392979,0.4394341,0.4395732,
0.2828608,0.4388182,0.1175048,0.4388118,0.4389581,0.4391059,0.4392551,0.4393943,0.4395359,0.4396767,0.4398101,0.4399333,0.4400631,0.440195,0.4403112,0.4404221,0.320425,0.4388137,0.4389634,0.1544602,0.4386774,0.4388253,0.4389697,0.2828437,0.4386768,0.4388217,0.4389689,0.2831016,0.4388305,0.4389797,
0.4391253,0.4392754,0.1084997,0.43872,0.4388748,0.4390105,0.439164,0.4393079,0.4394494,0.4395874,0.4397265,0.4398469,0.4399736,0.4400955,0.1262766,0.4386348,0.4387795,0.4389288,0.439072,0.4392225,0.4393615,0.4395074,0.4396439,0.4397766,0.4399023,0.2826972,0.4388126,0.4389545,0.4391011,0.4392526,
0.4393964,0.4395401,0.4396811,0.4398136,0.4399335,0.4400593,0.4401891,0.4403081,0.4404162,0.4405283,0.4406357,0.273603,0.3564937,0.4381425,0.4387572,0.4389071,0.4390487,0.4392011,0.4393444,0.4394895,0.4396205,0.4397501,0.439872,0.4399973,0.2408878,0.4385372,0.438684,0.4388319,0.4389708,0.439115,
0.4392635,0.4394108,0.4395537,0.4396912,0.4398193,0.4399444,0.4400718,0.2407738,0.4388383,0.4389842,0.4391293,0.2413049,0.4388645,0.4390042,0.4391475,0.4393002,0.4394449,0.4395825,0.4397213,0.2413187,0.3565618,0.2733812,0.4388531,0.439,0.439153,0.4392937,0.4394386,0.4395852,0.4397172,0.4398474,
0.439969,0.4401009,0.4402215,0.4403373,0.4404438,0.2261392,0.4386374,0.362728,0.4387805,0.4389283,0.4390719,0.4392211,0.439363,0.4395146,0.4396487,0.439777,0.4399023,0.4400335,0.2411946,0.4387165,0.4388649,0.1270159,0.1272126,0.3565736,0.4387442,0.4388842,0.4390311,0.4391815,0.4393277,0.4394701,
0.4396178,0.4397459,0.4398766,0.4400015,0.1683879,0.4387735,0.4389238,0.43906,0.4392158,0.1678778,0.4387669,0.4389168,0.4390608,0.4392103,0.4393543,0.4395069,0.4396441,0.4397788,0.4398935,0.4400168,0.4401366,0.4402574,0.4403636,0.4404771,0.4405943,0.4407074,0.4408092,0.4409188,0.4410259,0.4411255,
0.4412221,0.4413132,0.4413972,0.4414726,0.4415474,0.4416169,0.09144493,0.4388311,0.1325692,0.4387953,0.4389465,0.2306906,0.4387902,0.4389366,0.4390818,0.4392308,0.05836782,0.5252827,0.5253203,0.5252652,0.5251428,0.5250412,0.5249459,0.5249107,0.524907,0.5248815,0.5248401,0.0598462,0.05791835,0.5250282,
0.5251351,0.5251396,0.5250221,0.5249642,0.5249245,0.5248712,0.524831,0.5247767,0.5247326,0.5399021,0.5333703,0.5331626,0.5329708,0.5327939,0.5326321,0.5324942,0.5323704,0.5322115,0.5320578,0.5319002,0.5317486,0.5315799,0.5314307,0.5312893,0.5311884,0.5310662,0.5309267,0.5307937,0.530671,0.530579,
0.5398077,0.5331398,0.532972,0.5327928,0.5401883,0.5335447,0.5331082,0.5329391,0.5327836,0.5326543,0.5325177,0.5323877,0.5322387,0.5321158,0.5319549,0.5318344,0.5316812,0.5315666,0.5314593,0.5313535,0.5312638,0.5311171,0.5309908,0.5308296,0.5307109,0.5305629,0.5304316,0.5303331,0.5302703,0.5301867,
0.5403071,0.5396127,0.5394145,0.2278473,0.5340514,0.5336067,0.5334195,0.5331798,0.532999,0.5328068,0.5326943,0.5325479,0.1084149,0.5242543,0.5243747,0.5244448,0.524565,0.5246983,0.5247961,0.5248732,0.5248821,0.5248397,0.524776,0.5247108,0.4539443,0.5331782,0.5330091,0.5328146,0.1142427,0.4387226,
0.2309346,0.2308222,0.4387809,0.2310618,0.09825848,0.2203388,0.4387096,0.4388525,0.4389931,0.4391437,0.4392902,0.2304151,0.4389266,0.4390735,0.2309593,0.2304163,0.1958896,0.4387075,0.4388498,0.4389894,0.2308187,0.4388201,0.4389654,0.1195174,0.4387244,0.230918,0.4388014,0.4389457,0.1083883,0.5247211,
0.5247656,0.5247465,0.5246782,0.5399063,0.533296,0.5331106,0.532922,0.5396904,0.5333017,0.5330738,0.5398868,0.5333411,0.5331519,0.5329748,0.5327829,0.5325866,0.5401425,0.5399307,0.5397469,0.5331492,0.5327702,0.5325964,0.5324501,0.5322788,0.5321335,0.5320148,0.539695,0.5335684,0.5396933,0.5395112,
0.539331,0.5391569,0.5333819,0.5399645,0.5397596,0.5333425,0.532935,0.5327641,0.5325881,0.1569304,0.4387241,0.4388673,0.4390129,0.4391661,0.2304148,0.4387814,0.4389288,0.09724517,0.4387077,0.4388577,0.4389998,0.2309308,0.2306572,0.4387833,0.4389305,0.4390736,0.2309439,0.4388129,0.4389578,0.230891,
0.230786,0.2302747,0.2301261,0.4387565,0.438899,0.2304034,0.4384841,0.4387808,0.438932,0.4390738,0.4392262,0.2308494,0.2304265,0.230299,0.4384902,0.2310172,0.2309245,0.09730443,0.4387145,0.4388557,0.4390059,0.439153,0.2309568,0.1569313,0.4387473,0.1567284,0.4387454,0.4388911,0.4390345,0.4391842,
0.4393343,0.4394756,0.09724559,0.2204366,0.4385523,0.4388402,0.4389873,0.4391309,0.4392814,0.4394282,0.2309653,0.4386497,0.4388023,0.2309517,0.4388055,0.4389506,0.1569285,0.4387313,0.4388756,0.439017,0.4391645,0.09690426,0.4386996,0.4388475,0.4389893,0.4391392,0.439286,0.4394272,0.2308239,0.438795,
0.4389418,0.4390841,0.4392363,0.4393817,0.4395217,0.4396589,0.4397942,0.4399147,0.440047,0.4401737,0.4402946,0.09684566,0.438844,0.4389852,0.4391344,0.4392841,0.4394254,0.4395694,0.4397211,0.4398489,0.4399774,0.4400988,0.4402303,0.4403358,0.1568388,0.4384483,0.1367416,0.4387665,0.2305379,0.438786,
0.4389322,0.4390766,0.4392258,0.4393736,0.4395158,0.4396584,0.4397933,0.4399105,0.4400373,0.4401594,0.4402894,0.4403941,0.4405022,0.4406122,0.4407236,0.4408236,0.4409261,0.4410345,0.4411356,0.4412398,0.4413367,0.4414289,0.4415087,0.4415903,0.4416593,0.4417293,0.4418045,0.4418787,0.1610552,0.4386963,
0.4388395,0.4389803,0.4391336,0.4392836,0.22639,0.4388028,0.4389504,0.4390939,0.4392487,0.4393904,0.4395428,0.4396774,0.4398106,0.4399367,0.4400704,0.4402024,0.4403288,0.4404448,0.44056,0.4406689,0.4407743,0.4408775,0.4409802,0.4410875,0.4411857,0.4412866,0.1598127,0.4386872,0.4388316,0.4389707,
0.4391207,0.4392657,0.4394054,0.4395443,0.4396852,0.4398104,0.4399403,0.4400674,0.4401973,0.4403197,0.4404345,0.4405494,0.4406607,0.4407611,0.4408621,0.4409506,0.4410506,0.4411352,0.4412207,0.4413081,0.441394,0.4414768,0.4415642,0.4416513,0.4417294,0.4418009,0.331365,0.1598661,0.4386856,0.4388352,
0.4389753,0.4391232,0.4392689,0.4394081,0.4395525,0.4396902,0.3315293,0.4387062,0.4388533,0.4389993,0.4391453,0.4392942,0.4394332,0.4395802,0.4397058,0.4398316,0.4399491,0.4400706,0.440205,0.4403211,0.4404333,0.4405482,0.4406596,0.440764,0.4408786,0.4409834,0.4410826,0.4411751,0.4412626,0.4413438,
0.4414215,0.4414999,0.4415868,0.4416587,0.4417387,0.4418151,0.4418977,0.1386076,0.5246862,0.5247223,0.5247368,0.5247438,0.05477489,0.438855,0.3319782,0.4385933,0.4388862,0.06581514,0.5250688,0.5252239,0.5252071,0.5251352,0.5250972,0.5250486,0.5250153,0.1094406,0.4386081,0.4389005,0.4390463,0.4391933,
0.4393343,0.4394782,0.43962,0.439753,0.4398742,0.4399994,0.4401239,0.440247,0.4403591,0.4404681,0.4405845,0.4407012,0.4408033,0.4409059,0.4410098,0.4411114,0.4412039,0.4412933,0.4413696,0.1647659,0.524366,0.5244559,0.6235108,0.5332756,0.5330555,0.136742,0.4387209,0.4388698,0.4390104,0.4393442,
0.3318457,0.438724,0.4388725,0.4390165,0.4391689,0.4393094,0.4394457,0.4395903,0.4397229,0.09571379,0.4388262,0.4389727,0.4391213,0.4392687,0.439413,0.4395548,0.4396956,0.4398177,0.4399436,0.4400687,0.4401951,0.4403173,0.4404343,0.4405512,0.4406633,0.1648488,0.5244145,0.524516,0.1367172,0.4386019,
0.4388959,0.4390424,0.4391913,0.439337,0.1206096,0.4386044,0.4387525,0.3314379,0.4387146,0.4388608,0.4390075,0.4391579,0.4393062,0.4394427,0.4395824,0.439724,0.4398472,0.4399698,0.13649,0.4386058,0.4389032,0.4390414,0.4391941,0.331433,0.4387316,0.4388749,0.4390225,0.4391734,0.4393111,0.439453,
0.4395958,0.4397235,0.4398485,0.439961,0.1207052,0.4387736,0.4389183,0.4390657,0.4392132,0.4393581,0.4395,0.4396418,0.4397662,0.439883,0.4400041,0.4401271,0.4402574,0.4403804,0.4404922,0.3319638,0.4387472,0.4388909,0.4390374,0.4391842,0.4393452,0.4394852,0.4396324,0.4397548,0.4398862,0.440017,
0.440152,0.4402767,0.4403913,0.4405044,0.440618,0.4407278,0.4408314,0.4409293,0.4410228,0.4411167,0.4412001,0.4412897,0.441369,0.441443,0.4415254,0.4416068,0.4416919,0.3318365,0.4387403,0.4388884,0.2508261,0.4386346,0.4387824,0.4389234,0.4390712,0.4392246,0.4393632,0.3318357,0.3314866,0.4387103,
0.4388539,0.4390055,0.4391508,0.4392971,0.4394449,0.4395903,0.43973,0.4398569,0.4399818,0.4401078,0.4402311,0.4403426,0.4404526,0.4405623,0.4406684,0.4407656,0.4408766,0.4409758,0.4410776,0.4411758,0.4412722,0.4413731,0.3191513,0.524429,0.5245073,0.5245754,0.5246192,0.6235343,0.5335189,0.5333171,
0.6233279,0.5334744,0.533246,0.5330375,0.5328556,0.5326859,0.5325122,0.5323538,0.5321797,0.5320689,0.5319338,0.5317827,0.5316143,0.2829577,0.04880342,0.1136122,0.3233598,0.4386718,0.4388156,0.438963,0.4391065,0.4392566,0.4393971,0.4395427,0.439682,0.4398213,0.4399475,0.3313705,0.4388781,0.4390273,
0.3316012,0.4387382,0.2829288,0.5243253,0.5244526,0.5245003,0.05634166,0.4387325,0.1133403,0.4387175,0.4388676,0.4390058,0.4391567,0.4393058,0.4394397,0.3320456,0.4387436,0.4388898,0.4390315,0.4391817,0.4393345,0.4394771,0.3318198,0.4384263,0.4387234,0.438874,0.4390168,0.3314523,0.1061836,0.4388106,
0.4389517,0.4390969,0.4392428,0.439387,0.4395276,0.4396667,0.4397879,0.4399087,0.2828878,0.5242627,0.5244222,0.5244951,0.5245752,0.5246115,0.5246484,0.5246472,0.5246234,0.5246161,0.5245978,0.05814534,0.4388111,0.4389536,0.4391051,0.4392443,0.4393902,0.4395417,0.4396774,0.439803,0.4399244,0.4400499,
0.4401728,0.4402874,0.4403979,0.4405098,0.4406166,0.4407244,0.4408374,0.4409415,0.4410405,0.4411373,0.4412319,0.4413189,0.4414043,0.441495,0.4415743,0.4416559,0.4417328,0.4418043,0.4418719,0.4419305,0.4419926,0.4420578,0.4421234,0.4421979,0.442282,0.4423533,0.4424258,0.3349735,0.5244809,0.1186262,
0.4386895,0.4388321,0.4389771,0.4391291,0.4392767,0.4394179,0.4395617,0.4396983,0.4398344,0.4399605,0.4400919,0.4402304,0.4403545,0.4404724,0.4405943,0.4407014,0.4408036,0.4408993,0.4409879,0.4410793,0.4411585,0.4412425,0.4413189,0.4413953,0.4414745,0.4415543,0.4416309,0.4417123,0.4417938,0.4418756,
0.4419542,0.4420277,0.4464431,0.446396,0.4463617,0.4462388,0.4461533,0.4460263,0.4458997,0.4562575,0.4551547,0.4460105,0.445627,0.4454561,0.4453413,0.4452337,0.4451538,0.1377219,0.4387888,0.4389383,0.4390822,0.4392326,0.4393798,0.4395175,0.4396579,0.4397876,0.4399112,0.4400348,0.440164,0.4402816,
0.4563454,0.4552394,0.445952,0.4458198,0.4456848,0.4455498,0.4453944,0.4452771,0.4451678,0.4450472,0.4449266,0.4447983,0.444683,0.4446087,0.4445271,0.4561038,0.4550115,0.4456913,0.4453985,0.08963363,0.4565341,0.4553954,0.4458494,0.4457194,0.4455841,0.4454395,0.4453457,0.4452496,0.4451328,0.4449884,
0.4549882,0.4561088,0.4459905,0.4454204,0.4453193,0.4452243,0.4451154,0.444972,0.4557329,0.4547332,0.446622,0.4454477,0.4453385,0.4452641,0.4559098,0.4548466,0.4466077,0.4457433,0.4559483,0.4548926,0.445463,0.4453413,0.4452758,0.4452053,0.4450943,0.444948,0.4560924,0.4550084,0.4470321,0.446003,
0.4559914,0.4561197,0.4550788,0.4458702,0.1533519,0.438799,0.4389472,0.4390924,0.4392393,0.43939,0.4395315,0.4396735,0.1512479,0.4387353,0.379766,0.2189391,0.5245342,0.515262,0.5254604,0.515085,0.5251442,0.5252326,0.5155658,0.5237457,0.5239897,0.5250425,0.5251324,0.5251487,0.5250975,0.5249356,
0.5248003,0.5246888,0.5246987,0.5153481,0.515109,0.1534387,0.4387825,0.4389285,0.4390715,0.4392199,0.4393613,0.4395005,0.2694134,0.4565499,0.3797685,0.4383325,0.4562788,0.4563909,0.4552677,0.4459428,0.4458433,0.445718,0.4455384,0.4454113,0.4453077,0.4451978,0.4450773,0.4560396,0.4549943,0.4457095,
0.4455691,0.4454142,0.4556071,0.4546056,0.4548355,0.4455922,0.4454388,0.4549229,0.4559214,0.4548688,0.3621483,0.4387408,0.4388907,0.4390382,0.4553766,0.4543153,0.4458398,0.4455787,0.4561706,0.4550736,0.4553142,0.09094653,0.4388447,0.456072,0.454979,0.4551911,0.4459233,0.4458047,0.4456589,0.3798398,
0.4562967,0.4564265,0.4553069,0.4458535,0.3800143,0.4561582,0.4550884,0.4459341,0.4456707,0.3802958,0.4385788,0.3799861,0.4384908,0.4387929,0.4564506,0.455327,0.4455247,0.4559427,0.3801045,0.4386903,0.4388396,0.4389855,0.4391325,0.4563517,0.456461,0.4567168,0.1941245,0.456407,0.4552745,0.4459355,
0.4559073,0.4560289,0.4549681,0.4454999,0.09069818,0.1835124,0.3707626,0.4388067,0.4563156,0.09715304,0.1290967,0.4388107,0.4389526,0.4390998,0.4392468,0.456117,0.4550343,0.3803057,0.4561926,0.380051,0.4561867,0.4563217,0.4552048,0.4457275,0.4456137,0.4454898,0.4453701,0.4560665,0.455017,0.4458679,
0.4560219,0.4561421,0.4562793,0.4551883,0.1943124,0.4387911,0.4565389,0.4568076,0.4556649,0.4457957,0.4557061,0.1943433,0.4386613,0.4388002,0.4560496,0.4550059,0.4552262,0.4553546,0.4554933,0.4456854,0.4455529,0.4454135,0.4453005,0.4557859,0.4560462,0.456172,0.4551005,0.445626,0.4454656,0.4453556,
0.4561141,0.4562452,0.4563869,0.4552708,0.4456698,0.4550506,0.4558975,0.4548701,0.4460154,0.4457747,0.4559659,0.456091,0.4550254,0.4552575,0.4553874,0.4555218,0.4556626,0.4453648,0.4452715,0.06095961,0.5250596,0.5251536,0.5252168,0.5251313,0.5155717,0.5153429,0.5151184,0.5253841,0.5254602,0.5150722,
0.5241185,0.5251535,0.5150059,0.5147972,0.5239102,0.06096521,0.5055518,0.5056376,0.5244151,0.5151601,0.514884,0.5146583,0.5241268,0.5253625,0.5150489,0.5240969,0.5250527,0.525157,0.5252084,0.5252144,0.52508,0.5152274,0.5149836,0.5237475,0.5239523,0.5151539,0.5237755,0.5240179,0.5250562,0.5151999,
0.5239332,0.5241948,0.5152491,0.5150265,0.514785,0.5145956,0.5144243,0.514308,0.5141671,0.14104,0.4561663,0.4568098,0.4556548,0.4459178,0.4557524,0.4547431,0.4459307,0.4560776,0.454995,0.455227,0.4553501,0.445346,0.4452785,0.4550856,0.45406,0.4457921,0.4559684,0.4548961,0.4459394,0.1369009,
0.4386154,0.4389157,0.4562305,0.4564733,0.4566086,0.4457756,0.5245541,0.5247138,0.5145314,0.5143042,0.5141034,0.0650396,0.4383002,0.438752,0.4389001,0.4390442,0.4560374,0.4566755,0.4568054,0.4556642,0.4456339,0.4453851,0.1203019,0.4560671,0.45657,0.4554569,0.1087794,0.4387361,0.1002863,0.4562548,
0.4551587,0.4458604,0.09655141,0.4386937,0.4561224,0.4550457,0.4460699,0.4560135,0.4561358,0.4550622,0.4460327,0.4550323,0.4558857,0.4560162,0.4549258,0.1008922,0.5246602,0.5247588,0.5248078,0.5153525,0.5151423,0.4459601,0.5243149,0.5245114,0.5246506,0.5246563,0.5152552,0.5251677,0.5157695,0.523853,
0.5240698,0.5251239,0.5252359,0.5252703,0.5252132,0.5150511,0.6155201,0.5145642,0.5236661,0.5152026,0.5149827,0.5147502,0.5145332,0.5143728,0.5241079,0.5150355,0.5240059,0.5250786,0.5252265,0.5253209,0.525349,0.5253003,0.5152686,0.5238271,0.5241103,0.5251407,0.5150707,0.5240743,0.5155136,0.5150109,
0.6155348,0.5333799,0.6157445,0.5145372,0.6155664,0.533384,0.5331656,0.5330071,0.532837,0.5326455,0.5153648,0.5236451,0.5153363,0.6157014,0.5334069,0.5153141,0.5237325,0.5246955,0.51511,0.5251071,0.5251653,0.515254,0.5150288,0.5241534,0.1554742,0.4563764,0.2836025,0.4562226,0.4564846,0.4566022,
0.2839404,0.2834721,0.455977,0.4549252,0.4460545,0.2840469,0.4562524,0.455182,0.4460767,0.4559959,0.2839401,0.4560085,0.4549462,0.4551646,0.4460065,0.4560769,0.4561989,0.4551315,0.4553518,0.4459577,0.4559613,0.4549105,0.4551463,0.2836056,0.2834572,0.4561157,0.4563698,0.4552406,0.2834319,0.4562475,
0.4567533,0.4568777,0.4570117,0.4571357,0.4572641,0.4573902,0.4575033,0.4576204,0.2835569,0.2833957,0.4386971,0.2837207,0.2382029,0.4387468,0.4564273,0.4566729,0.4568017,0.455664,0.4558503,0.4460602,0.445822,0.4455154,0.4549372,0.4539119,0.4459538,0.4458476,0.4559934,0.4549336,0.4459513,0.4457033,
0.4549232,0.4559135,0.4548454,0.4550796,0.4552139,0.4553411,0.2834339,0.456252,0.4565032,0.4553678,0.4555649,0.4458444,0.2380501,0.4563853,0.4565111,0.4553744,0.4555789,0.4460346,0.4559706,0.4560944,0.2839279,0.4387231,0.2835826,0.4387047,0.4562564,0.2382276,0.4385861,0.4388793,0.456253,0.08880559,
0.4563853,0.4565149,0.1250255,0.5054825,0.5055386,0.5055593,0.5054986,0.5053471,0.5243875,0.5245335,0.6155761,0.5145303,0.5143136,0.5141432,0.5140054,0.5139036,0.513782,0.5136299,0.5247555,0.524826,0.5149333,0.5146837,0.5238704,0.514844,0.5146163,0.5238202,0.5151073,0.5148703,0.5239852,0.5250237,
0.6156188,0.5335932,0.615687,0.514343,0.5141414,0.5235188,0.5151133,0.5149044,0.5146789,0.5144755,0.5238349,0.5240981,0.5150155,0.5240801,0.5152119,0.5149647,0.6156428,0.5817501,0.5335189,0.5152165,0.5236784,0.5246594,0.5153696,0.5239839,0.5149369,0.5147346,0.5145321,0.514359,0.5142437,0.5248829,
0.615581,0.615502,0.5334505,0.5153579,0.6155964,0.5150747,0.5145795,0.514364,0.5758943,0.5337685,0.4798369,0.5054578,0.5055716,0.6156309,0.5334417,0.5151308,0.6156111,0.5333843,0.5156247,0.5151408,0.5236619,0.5148495,0.5146111,0.5250916,0.5252305,0.5150795,0.5148763,0.514715,0.5239117,0.5151333,
0.6155929,0.6155577,0.6154963,0.514589,0.5143941,0.523555,0.5151211,0.5148949,0.5146435,0.523975,0.5151852,0.5149861,0.5763772,0.6155791,0.5145709,0.5143562,0.5141729,0.5140415,0.5237235,0.5149677,0.5147057,0.5765893,0.1682846,0.4565333,0.456784,0.4556234,0.4558206,0.4559189,0.3955186,0.2838007,
0.283648,0.283334,0.4563581,0.4552416,0.1684711,0.2718002,0.4561753,0.4563012,0.4565531,0.4569392,0.4570663,0.2835183,0.1685216,0.4564182,0.4566652,0.4567972,0.4569238,0.4570534,0.4559166,0.4561001,0.4561929,0.4562744,0.4563812,0.4564865,0.4566095,0.2836721,0.45661,0.456867,0.3944064,0.3942232,
0.456122,0.456377,0.283627,0.4563586,0.4567379,0.2836157,0.4563979,0.3952093,0.283772,0.4564839,0.4565992,0.4567261,0.1684813,0.4563036,0.4566771,0.4569431,0.3949859,0.4563475,0.168798,0.4564334,0.187704,0.456262,0.4567714,0.2837756,0.4562325,0.1685706,0.3876634,0.2838359,0.4566166,0.4567471,
0.4570048,0.4571302,0.4572574,0.4573803,0.457489,0.1876437,0.4559992,0.456755,0.4570135,0.1683957,0.1683076,0.2724653,0.4560753,0.445834,0.5768158,0.1548363,0.4563259,0.3953877,0.4561372,0.4563997,0.4565172,0.4569142,0.1689408,0.4566834,0.4568161,0.4569437,0.2840837,0.4566358,0.4567633,0.4570286,
0.3950053,0.4560875,0.4563373,0.4565895,0.2834501,0.456766,0.3947943,0.1882733,0.4562666,0.4563937,0.4816171,0.445558,0.5041874,0.5043777,0.5045601,0.445833,0.6158286,0.5145428,0.5143548,0.5141903,0.5140336,0.5768918,0.5152322,0.5149951,0.5147805,0.6156157,0.5145386,0.5143625,0.1683278,0.4560119,
0.2837268,0.2835753,0.4562315,0.3949661,0.4565887,0.4568564,0.456992,0.4571165,0.4572408,0.4573575,0.4456605,0.6156287,0.5145823,0.576921,0.5152619,0.5150648,0.5148771,0.5147453,0.5145919,0.5762703,0.5768792,0.5150258,0.5148406,0.5768159,0.5152736,0.6155979,0.6013622,0.5819796,0.5146419,0.5144777,
0.6155313,0.6155334,0.6011989,0.600986,0.5819652,0.6020672,0.6096081,0.5145748,0.5764074,0.5151909,0.6022304,0.1110816,0.5055048,0.05434516,0.4565066,0.2836138,0.4563761,0.2834034,0.4562336,0.4564928,0.4566163,0.4567445,0.4571229,0.4572432,0.3950502,0.394875,0.2837428,0.4565141,0.3950763,0.4559723,
0.2838735,0.2834082,0.4562391,0.2831553,0.2830049,0.4564866,0.3950516,0.2837945,0.3876061,0.4558806,0.2679355,0.4562638,0.4563903,0.45677,0.4570255,0.2677175,0.456388,0.2681135,0.2676615,0.4562559,0.4565082,0.2676843,0.3873723,0.4561237,0.2676755,0.4562468,0.2840512,0.4567705,0.4568968,0.4570256,
0.4571555,0.4572819,0.2672746,0.4562381,0.2678368,0.2686654,0.2679583,0.4564954,0.4566111,0.3951147,0.3947366,0.394554,0.4561568,0.4484675,0.5051916,0.5053331,0.6155486,0.5145224,0.5768918,0.4804561,0.6081641,0.6086378,0.5146507,0.5144443,0.5142625,0.5140625,0.5139055,0.5137699,0.05786688,0.5059006,
0.6155847,0.6155335,0.5145858,0.5143766,0.2380349,0.5052304,0.5052965,0.6155967,0.4483529,0.5772463,0.5153378,0.5150903,0.4803591,0.5937855,0.5818483,0.6155642,0.6155067,0.5145169,0.5143031,0.6155237,0.5146114,0.6155904,0.2109423,0.4484238,0.6156759,0.4801609,0.5144888,0.5767167,0.5151939,0.5150014,
0.6154719,0.615427,0.5818872,0.5148673,0.6155086,0.5143504,0.1657068,0.4561052,0.4564881,0.2835907,0.2832799,0.4562443,0.2835982,0.2677687,0.4562575,0.2051501,0.2725534,0.4560799,0.3951305,0.2838055,0.4562546,0.4566346,0.4567636,0.4486255,0.5767379,0.2388064,0.1527569,0.1607041,0.5053951,0.5054186,
0.6155254,0.6154864,0.5145447,0.5143527,0.5141716,0.6154615,0.6154259,0.05668258,0.4564631,0.4565897,0.4567184,0.4569774,0.4571064,0.395019,0.3944697,0.2837616,0.4565111,0.2837704,0.4562366,0.4563664,0.1409451,0.4563901,0.2834493,0.4564953,0.4486339,0.504994,0.6155781,0.5142994,0.5141414,0.5139833,
0.615598,0.6154827,0.5145445,0.5143514,0.2755339,0.5052957,0.6156095,0.6155701,0.5145809,0.5143937,0.61553,0.5145731,0.5143666,0.6155211,0.515045,0.576902,0.515246,0.515056,0.5148743,0.6156033,0.5145097,0.6156964,0.5145426,0.514343,0.5141447,0.6155965,0.5143505,0.1412755,0.2727938,0.4562011,
0.2837384,0.2834233,0.4567614,0.4570177,0.4571482,0.2840966,0.1409733,0.4560357,0.2840402,0.4562427,0.4563691,0.2836128,0.4565136,0.4566285,0.4567585,0.3950895,0.2837564,0.2832884,0.4562214,0.283933,0.2834668,0.4560928,0.2835847,0.2834423,0.456365,0.456745,0.2836621,0.2835139,0.4562275,0.4566031,
0.4567294,0.4569917,0.2834997,0.4566381,0.4569003,0.4570315,0.4571532,0.2836811,0.283353,0.4560882,0.4562153,0.4568585,0.4569844,0.4571106,0.2834668,0.2833107,0.2831641,0.4562496,0.4563813,0.2836003,0.4563689,0.395188,0.4561314,0.4563822,0.2836147,0.4594202,0.2834903,0.2833241,0.283185,0.2830446,
0.4589926,0.4590642,0.4593301,0.2834674,0.4563811,0.2836128,0.4562555,0.3951777,0.4561067,0.4566198,0.4567491,0.283467,0.4564756,0.456725,0.2836502,0.4562732,0.2837617,0.4562519,0.4590712,0.3950213,0.2842592,0.3876297,0.4561805,0.4563118,0.4566846,0.4568123,0.4569467,0.4570742,0.4571962,0.4573171,
0.4576236,0.4589818,0.4590496,0.45914,0.4591999,0.4592679,0.4593279,0.4593953,0.4594737,0.2838253,0.3876125,0.4565485,0.4566662,0.4567981,0.3945416,0.4564236,0.4565458,0.4566727,0.4589376,0.4590117,0.2836223,0.4559809,0.4562318,0.4566166,0.4567417,0.4568698,0.4570011,0.4571283,0.457458,0.1171146,
0.4566521,0.4567797,0.4569087,0.4570311,0.4571564,0.4572765,0.2841244,0.456259,0.4563864,0.45671,0.4567988,0.4590444,0.2835506,0.4590239,0.2832757,0.4564915,0.4566192,0.4567421,0.3951325,0.4564878,0.456602,0.4567294,0.4568606,0.4569958,0.4571229,0.4572431,0.4573607,0.4574682,0.4575859,0.4577514,
0.4587083,0.458964,0.459035,0.4591311,0.4591941,0.4593188,0.4593838,0.4594553,0.342688,0.5011171,0.5012567,0.5042225,0.5043878,0.504556,0.5046313,0.5045195,0.504557,0.5046272,0.5046956,0.5047565,0.5047984,0.504837,0.5048499,0.504831,0.5048025,0.5047905,0.5048253,0.5048433,0.5049093,0.5049843,
0.5050827,0.505196,0.5053319,0.5054741,0.5054779,0.5053153,0.5052029,0.505073,0.5050725,0.5050957,0.3419493,0.5043855,0.5045794,0.5047138,0.5047454,0.5046195,0.5045725,0.5043936,0.5043862,0.5042353,0.5043742,0.5044745,0.5046236,0.5046952,0.5045933,0.504586,0.5045884,0.5046096,0.5045487,0.504398,
0.5043684,0.5042218,0.5043277,0.5044301,0.504558,0.5045057,0.5046723,0.5048085,0.504966,0.5051484,0.1068325,0.456275,0.4566014,0.4566818,0.4568009,0.3424768,0.5039574,0.504123,0.5042658,0.5044859,0.5045776,0.5045033,0.5045906,0.4315448,0.5144944,0.5142957,0.5141248,0.5139742,0.5114948,0.5113279,
0.5112304,0.5113699,0.5114385,0.5114486,0.5113113,0.5111665,0.5094889,0.5093319,0.5094659,0.5094368,0.5085975,0.1067635,0.4562737,0.4563956,0.4567187,0.4567997,0.4569307,0.4570542,0.4573826,0.3426058,0.146422,0.4562784,0.4564072,0.4566609,0.4569235,0.4570484,0.4573691,0.4588672,0.1065575,0.4594108,
0.4594761,0.4595538,0.4596025,0.459659,0.4597211,0.4597691,0.4598233,0.4598852,0.4599505,0.4600782,0.4601966,0.4602601,0.4603984,0.24008,0.4565645,0.4568822,0.4569736,0.4571075,0.4572285,0.457355,0.3426263,0.5041822,0.504292,0.504142,0.5039443,0.5037845,0.5035915,0.5035826,0.5034992,0.5037088,
0.5038546,0.5038552,0.5040478,0.5042781,0.504412,0.5042861,0.5041402,0.5040647,0.5039119,0.5040292,0.5041423,0.5043091,0.5042708,0.504498,0.5048968,0.5051255,0.5567651,0.5144614,0.51425,0.5140732,0.5139116,0.5137517,0.5134989,0.5134431,0.5133082,0.5132622,0.5131036,0.5129932,0.512868,0.5127229,
0.5571007,0.5144703,0.5142936,0.5116923,0.5144458,0.5142689,0.514082,0.5139067,0.5137493,0.5136534,0.5134992,0.5132368,0.1171483,0.4566251,0.4568837,0.4570119,0.4573402,0.457432,0.4590671,0.4591989,0.4592688,0.2388654,0.4564367,0.4567594,0.4568515,0.4590824,0.459145,0.4592271,0.4592891,0.4593457,
0.2384677,0.4565529,0.4569295,0.4570574,0.4571826,0.4575076,0.2691365,0.4560268,0.4562859,0.2389,0.4565455,0.4566569,0.4590497,0.2387075,0.4564185,0.4565379,0.2176139,0.4592156,0.4594638,0.4595404,0.4596095,0.4597343,0.4598429,0.2173317,0.4562223,0.2386154,0.2381884,0.456516,0.4566353,0.457022,
0.4573498,0.4589795,0.1217609,0.2579591,0.2395675,0.4565311,0.4568508,0.2387729,0.456023,0.4565445,0.238913,0.2385075,0.2382214,0.4562844,0.456414,0.4566563,0.4569163,0.2176131,0.4562452,0.459052,0.4591272,0.4592181,0.4592873,0.459353,0.4594737,0.4595311,0.2386115,0.4589778,0.3517581,0.5569912,
0.5566165,0.51448,0.5568031,0.352199,0.5572175,0.5144448,0.5120535,0.5119112,0.5119668,0.5144271,0.5142493,0.5140913,0.05587799,0.4562975,0.4566704,0.09861923,0.3518792,0.5013356,0.5569172,0.5144395,0.5120333,0.5118282,0.5116851,0.5117851,0.5118704,0.5119568,0.5118614,0.5567386,0.5144871,0.5123451,
0.5568888,0.556675,0.5142567,0.5140893,0.5117344,0.5121728,0.5120416,0.5120881,0.3524109,0.5013417,0.5014621,0.5015156,0.5017242,0.5044154,0.5045511,0.5046164,0.5045121,0.5044224,0.5042744,0.5042515,0.5041142,0.5042464,0.5120405,0.05632836,0.4551139,0.45617,0.4565506,0.4568104,0.4569428,0.4570765,
0.2387731,0.238637,0.2384938,0.4589599,0.4590283,0.2175726,0.2279031,0.2178629,0.4592459,0.4593647,0.4594443,0.2177123,0.3520391,0.5012003,0.5042331,0.504302,0.5042707,0.5042278,0.5041903,0.5120097,0.5120963,0.5115943,0.5120968,0.5119311,0.5117857,0.5117595,0.5116041,0.5116099,0.511538,0.556634,
0.5564439,0.5119923,0.5117749,0.5115594,0.5114204,0.5113778,0.5112206,0.5568858,0.514249,0.5140723,0.5116583,0.5118755,0.5117221,0.511805,0.5118036,0.5099796,0.5098791,0.5099329,0.5097532,0.557146,0.511155,0.5120379,0.5118962,0.5119637,0.5120451,0.5120797,0.557093,0.5142888,0.5115251,0.5144081,
0.5570365,0.5566218,0.514695,0.5115694,0.5114108,0.5461702,0.5144773,0.5118654,0.5116555,0.2180514,0.5123371,0.5122165,0.5123213,0.5123525,0.5122834,0.5120256,0.5119573,0.5118212,0.5117627,0.5116637,0.5567181,0.5144506,0.51203,0.511758,0.5120963,0.2185962,0.5013881,0.5568729,0.5120228,0.1245494,
0.2280154,0.2281588,0.4563516,0.2176246,0.458969,0.459036,0.459305,0.4594385,0.2175809,0.4562385,0.2388932,0.4562842,0.4566083,0.217636,0.456746,0.4569973,0.2386342,0.2384931,0.2382,0.4589819,0.4592406,0.4594871,0.4597327,0.4598562,0.4599768,0.460025,0.4601515,0.460243,0.4603053,0.4604224,
0.4605268,0.4605683,0.4606123,0.2387746,0.2176389,0.4562294,0.4589214,0.4589977,0.4591381,0.4592098,0.4592821,0.2175663,0.4593748,0.4062412,0.5117049,0.511906,0.5117285,0.5113049,0.5117957,0.5148682,0.5116628,0.5114419,0.5112612,0.5111861,0.5112185,0.5110263,0.5103197,0.5101431,0.5100188,0.5101328,
0.5101985,0.5101467,0.5099133,0.5090784,0.5089041,0.5089747,0.5117324,0.5118546,0.511645,0.5114406,0.5112367,0.5110854,0.5110643,0.5109069,0.5108872,0.5106322,0.5104494,0.09751564,0.5116006,0.5119292,0.5117799,0.511848,0.5119117,0.5118532,0.5098983,0.4074617,0.5042432,0.5043802,0.5043333,0.5043869,
0.5043969,0.5043454,0.5043541,0.504117,0.5039745,0.5039486,0.5040085,0.5041127,0.5039729,0.5038422,0.3332877,0.5014007,0.5015862,0.5016824,0.5018876,0.5043529,0.5044448,0.5043213,0.5041486,0.5040259,0.5039111,0.5037126,0.149682,0.4564932,0.4568183,0.4587644,0.4588378,0.4589315,0.2176752,0.4565091,
0.4568241,0.4590304,0.4591022,0.4591909,0.4592619,0.4593314,0.2176894,0.4592305,0.4593537,0.4594248,0.4594859,0.4596312,0.4596801,0.459823,0.459926,0.4601625,0.4603867,0.4604315,0.4604747,0.1494544,0.4559944,0.4562532,0.4592048,0.4592712,0.459412,0.4594701,0.4595301,0.4596511,0.4597581,0.1072369,
0.456028,0.4562822,0.458955,0.4593512,0.459413,0.2175826,0.2827509,0.4592399,0.459361,0.4594886,0.4596098,0.459676,0.459817,0.4599195,0.4600457,0.1017401,0.4592984,0.4593626,0.4594947,0.4595529,0.4596892,0.4597994,0.4598555,0.4599921,0.4600358,0.4601631,0.4602652,0.4603832,0.4604231,0.4604676,
0.4604977,0.4605412,0.4605761,0.4606181,0.4606877,0.4608081,0.217621,0.459223,0.4592937,0.4671184,0.5054156,0.505521,0.5054879,0.5045536,0.5043258,0.4366368,0.5144429,0.5142325,0.5121866,0.511952,0.5115213,0.5114087,0.5113997,0.5112154,0.5102882,0.5101209,0.5100115,0.5101423,0.5102033,0.5101396,
0.5099075,0.5098312,0.5096435,0.1316985,0.4592368,0.4670934,0.4640324,0.5116169,0.5112339,0.5110168,0.5108181,0.5106769,0.5107625,0.5108048,0.5108635,0.5107263,0.5105222,0.5092326,0.509069,0.5089638,0.5088528,0.5086819,0.5085543,0.5086684,0.4680397,0.5012671,0.5053993,0.5055056,0.5053009,0.5050836,
0.5049398,0.504667,0.5045017,0.504338,0.463994,0.5116697,0.5115179,0.5114868,0.5113258,0.5113642,0.5112962,0.5111151,0.5107096,0.5105267,0.5105115,0.5105284,0.5105183,0.5103864,0.5095247,0.509311,0.5092592,0.5090524,0.5086324,0.5084863,0.5085204,0.5083827,0.4649411,0.5120792,0.5118724,0.05890937,
0.4589628,0.4592255,0.459291,0.4593678,0.4594393,0.459516,0.4596458,0.4597017,0.1991817,0.4562853,0.4591019,0.4591645,0.4593088,0.4594282,0.4594967,0.4596397,0.4596808,0.4597298,0.459841,0.4598873,0.1993231,0.4565445,0.4568681,0.4593452,0.4594589,0.4595276,0.4596631,0.4597125,0.4598552,0.4598951,
0.4599474,0.4599895,0.4600993,0.4602043,0.466929,0.5051264,0.5053461,0.5055267,0.5056288,0.5056581,0.5055616,0.5048938,0.06458309,0.5021399,0.5022784,0.5051238,0.505188,0.5051578,0.5051125,0.5050375,0.5050568,0.5049638,0.5047187,0.5042554,0.05673121,0.1299259,0.4561726,0.4592619,0.4593863,0.4595156,
0.4595779,0.4596308,0.4596732,0.4669945,0.5011858,0.5053461,0.5054963,0.5054895,0.4679288,0.5012323,0.118717,0.4563089,0.4565547,0.4568821,0.459091,0.4593484,0.459407,0.459535,0.4595864,0.4597155,0.4597669,0.459827,0.4598712,0.4599811,0.4600897,0.4602118,0.4602672,0.4603102,0.4604362,0.4604669,
0.4605227,0.4606378,0.4607519,0.4608701,0.4609884,0.4610308,0.461079,0.4611088,0.4611806,0.4612774,0.4613886,0.4614422,0.4614924,0.4615776,0.4616242,0.4616742,0.4617649,0.4618734,0.4619949,0.4620275,0.4621268,0.4621409,0.2060297,0.4593126,0.4593779,0.4594492,0.4595934,0.459645,0.4597861,0.4598302,
0.4598903,0.46001,0.4600594,0.4601206,0.4602465,0.4603604,0.460477,0.4605907,0.4606308,0.2057649,0.4563141,0.4566361,0.2695599,0.4561718,0.459262,0.4593903,0.4594558,0.4595319,0.4596429,0.4596916,0.4598339,0.4598769,0.4599309,0.4599833,0.4600865,0.4601345,0.1698952,0.1602085,0.5018632,0.5048499,
0.5049236,0.5048798,0.504611,0.504419,0.4832777,0.5120627,0.5118508,0.5116508,0.5115138,0.5115703,0.5115596,0.5113989,0.5109997,0.5100712,0.5099725,0.5100219,0.5098079,0.509648,0.50958,0.3877713,0.501244,0.5014246,0.5044718,0.5046281,0.5047305,0.5046024,0.5045043,0.4949386,0.501067,0.5052962,
0.5053329,0.5051761,0.5044774,0.1295972,0.07553688,0.5056408,0.5056028,0.5043663,0.5042093,0.5040539,0.5041525,0.3879207,0.5011673,0.501323,0.5014595,0.5045276,0.5046346,0.5045561,0.5045954,0.5045084,0.504364,0.5042185,0.5042911,0.5044134,0.495018,0.4835616,0.5117951,0.5116588,0.5116521,0.5114642,
0.5103512,0.5101966,0.5101992,0.5100082,0.5098329,0.3877596,0.5012742,0.5014523,0.501626,0.5017849,0.5018485,0.1268566,0.4592504,0.4593675,0.1982745,0.4589916,0.4590671,0.4591548,0.4592309,0.4593771,0.4594933,0.4595662,0.4596351,0.4596931,0.4598258,0.4599425,0.4600626,0.4601783,0.47313,0.2724839,
0.5014557,0.5015976,0.5017263,0.5019186,0.5023991,0.5046229,0.5046618,0.387469,0.3873473,0.5014319,0.5042305,0.3879502,0.5011952,0.5013477,0.5044774,0.5988134,0.5121195,0.1268908,0.4587312,0.4592478,0.388062,0.5015163,0.5016893,0.3877278,0.5014475,0.5016111,0.5043578,0.504438,0.5042857,0.5041199,
0.5986512,0.5117275,0.5112549,0.5110665,0.5108793,0.5106764,0.4474725,0.5012628,0.5014316,0.501582,0.5017352,0.5018414,0.5020146,0.5023541,0.387821,0.5043296,0.5044093,0.5043271,0.5042874,0.5040416,0.598668,0.5144422,0.5118217,0.3876663,0.3875369,0.5013622,0.3883224,0.5043816,0.5044969,0.5045366,
0.5986386,0.5981368,0.5145053,0.511834,0.3876069,0.5014822,0.5016326,0.5017462,0.5042872,0.3878935,0.5014817,0.3880583,0.501313,0.08928235,0.5053853,0.5054845,0.5054339,0.5051848,0.5047171,0.5044818,0.5981755,0.5980729,0.5119061,0.5988581,0.5121092,0.5118776,0.5114416,0.3877737,0.5989363,0.5121449,
0.5987086,0.5981918,0.5121899,0.3876377,0.5011599,0.5013771,0.5015762,0.5987212,0.5144325,0.511986,0.05537988,0.4589889,0.4592534,0.3877842,0.139726,0.459053,0.1520441,0.4588066,0.4593241,0.4594437,0.4598205,0.4598724,0.4600032,0.2547247,0.5984528,0.5121527,0.5119447,0.5988516,0.5119245,0.5981295,
0.5980442,0.5979369,0.5119429,0.5117576,0.5115546,0.5113361,0.5111198,0.5109149,0.5107129,0.5106094,0.51063,0.5415261,0.5123698,0.5121619,0.05542602,0.4592476,0.2646313,0.4592201,0.4594701,0.4595858,0.4597147,0.1265495,0.1437755,0.4594865,0.4596062,0.2644712,0.4588078,0.4591985,0.4593207,0.459569,
0.2645701,0.2644267,0.4593413,0.4597159,0.4598336,0.4599552,0.2644824,0.2643453,0.4587741,0.2648714,0.4592294,0.459599,0.4296535,0.2643849,0.4591859,0.4594322,0.4595596,0.4596832,0.4598036,0.4599206,0.4600446,0.4601599,0.460388,0.2645248,0.4590784,0.4594586,0.4595849,0.4597113,0.4598295,0.264478,
0.4594544,0.4595772,0.4597073,0.4598204,0.4599475,0.4600644,0.4601798,0.4602925,0.4604052,0.4605117,0.265292,0.458981,0.4592413,0.2645814,0.4593264,0.4594487,0.4595737,0.2644512,0.4588027,0.459065,0.2645738,0.459237,0.4593587,0.1212743,0.4587284,0.4592563,0.4593785,0.4597584,0.4598748,0.26434,
0.459336,0.4594603,0.4597077,0.459825,0.459953,0.4600668,0.4601824,0.4602932,0.4604047,0.4605115,0.460625,0.4607388,0.4608395,0.4609526,0.4610477,0.4611329,0.4612154,0.2645301,0.4589655,0.459473,0.4595997,0.4597204,0.4598404,0.4599586,0.4600734,0.3026612,0.459417,0.4596649,0.4597819,0.4598985,
0.4600239,0.4601408,0.4602574,0.4603646,0.4604805,0.4605833,0.4606967,0.4607961,0.4608997,0.4610004,0.4610895,0.461165,0.09858999,0.4589948,0.4593859,0.4596287,0.459754,0.4598731,0.264473,0.4592133,0.4593366,0.4594613,0.4595774,0.4597103,0.4598239,0.4599441,0.4600628,0.4601781,0.4602919,0.4604011,
0.4605108,0.4606173,0.1937531,0.4592704,0.4593964,0.4597622,0.459888,0.4600082,0.4601175,0.4602378,0.460349,0.4604603,0.4605732,0.4606782,0.4607809,0.4608859,0.460988,0.4610754,0.4611508,0.4612335,0.4613171,0.4614049,0.1149385,0.4592285,0.4593465,0.4594747,0.1038188,0.2536416,0.4590122,0.4591511,
0.4592732,0.4593947,0.4596495,0.4597718,0.4598935,0.4600151,0.4601268,0.4602448,0.4603544,0.4604674,0.4605766,0.4606855,0.4607913,0.4609013,0.4610083,0.4610957,0.4611728,0.4612497,0.4613287,0.4614149,0.461498,0.4615846,0.461663,0.4176837,0.1150084,0.458988,0.4592472,0.4596295,0.4597558,0.1326039,
0.4587406,0.4592598,0.4593893,0.459507,0.4597531,0.4598728,0.4599928,0.4601105,0.4602278,0.4604509,0.09775554,0.4592202,0.459466,0.4595954,0.4598354,0.1326034,0.4589993,0.4592569,0.4593806,0.4595091,0.4596325,0.4597535,0.4598765,0.4599954,0.4601105,0.4602278,0.4603424,0.4604513,0.4605646,0.4606734,
0.4607826,0.4608871,0.46099,0.4610818,0.4611701,0.4612472,0.2856215,0.459226,0.4593515,0.4596045,0.4597236,0.4598462,0.4599665,0.132617,0.4589867,0.459375,0.4595002,0.4596252,0.4597458,0.4598687,0.4599864,0.4601066,0.4602147,0.4603312,0.46044,0.4605505,0.4606586,0.4607643,0.4608605,0.4609694,
0.4610655,0.461147,0.4612255,0.4613023,0.4613836,0.461469,0.4615578,0.4616395,0.09131513,0.4591957,0.4594428,0.4595676,0.4596927,0.4598083,0.4599275,0.460048,0.4601598,0.4602824,0.4603895,0.460496,0.4606065,0.4607168,0.4608177,0.4609209,0.4610252,0.4611194,0.4611916,0.4612657,0.4613422,0.4614273,
0.461509,0.4615833,0.4616664,0.46176,0.46186,0.4619538,0.4620511,0.4621452,0.4622345,0.4623329,0.4624353,0.4625259,0.4626216,0.4627083,0.4628036,0.4629021,0.4629979,0.4631055,0.4632073,0.4633077,0.463389,0.4634684,0.4635446,0.4636264,0.4637077,0.4637825,0.4638596,0.4639352,0.4640023,0.4640712,
0.4641383,0.4641948,0.4642501,0.4643038,0.1275425,0.4592665,0.459388,0.4595114,0.4596383,0.4597594,0.4598767,0.4599978,0.4601104,0.4602337,0.4604548,0.4605597,0.4606691,0.460771,0.4608735,0.460973,0.3028851,0.45903,0.4592901,0.4594171,0.4595421,0.4597846,0.4599083,0.4600271,0.4601439,0.4602629,
0.4603736,0.4604863,0.4605951,0.4607089,0.4608056,0.4609164,0.4610178,0.4611023,0.4611828,0.4612587,0.4613375,0.461419,0.4615068,0.4615875,0.4616716,0.4617651,0.4618575,0.4619511,0.4620447,0.4621381,0.4622387,0.4623249,0.462426,0.4625161,0.462615,0.4627029,0.4627939,0.4628933,0.4629909,0.4630954,
0.4631921,0.4632885,0.4633777,0.4634717,0.4635505,0.4636368,0.463707,0.4637724,0.4638405,0.4639053,0.4639784,0.4640439,0.4641107,0.4641746,0.4642303,0.08870952,0.4587443,0.4589973,0.4592659,0.4595139,0.4596343,0.4597607,0.4598751,0.459997,0.4601148,0.4602295,0.2858751,0.4592363,0.4593567,0.4596043,
0.4597256,0.4598474,0.4599717,0.4600888,0.4602054,0.4603158,0.4604245,0.4605385,0.4606487,0.09453478,0.4592752,0.4594002,0.4595273,0.4596481,0.4597709,0.4598915,0.4600102,0.4601274,0.4602446,0.1279412,0.4587418,0.4592671,0.2279114,0.4592063,0.4593273,0.459458,0.4595776,0.4597043,0.4598177,0.459944,
0.4600631,0.4601742,0.2279486,0.4586971,0.4590873,0.4593376,0.4594651,0.4595875,0.4598308,0.4599537,0.4600735,0.4601867,0.4603029,0.4604143,0.4605256,0.4606351,0.4607393,0.460844,0.4609505,0.4610456,0.4611252,0.4612032,0.4612752,0.09801963,0.5020388,0.5021604,0.5022812,0.5024085,0.5024624,0.5024426,
0.5023183,0.5021687,0.5020449,0.5019522,0.5018557,0.5017707,0.5017133,0.50161,0.5015483,0.5015082,0.5015065,0.5015209,0.5015608,0.5016827,0.501799,0.5019,0.5019463,0.5018685,0.5017492,0.501631,0.5015557,0.5014814,0.5014303,0.5014125,0.5014669,0.5015233,0.5015766,0.5015857,0.5015885,0.501583,
0.5015894,0.5015858,0.5015758,0.5015398,0.5015061,0.5015264,0.5015386,0.5015744,0.5015867,0.5015613,0.5014915,0.5014485,0.5014307,0.5014444,0.5014992,0.5015868,0.5016528,0.5016282,0.5015135,0.5014229,0.5013474,0.5012814,0.5012849,0.5013564,0.5013977,0.501408,0.5014111,0.5013834,0.5013112,0.5012526,
0.5011951,0.5012341,0.501313,0.5014045,0.5014725,0.5014651,0.5014185,0.5013512,0.501272,0.5012077,0.5012296,0.5012941,0.5013619,0.5014676,0.5015278,0.501529,0.5015042,0.5014424,0.5013065,0.501206,0.5011716,0.5011947,0.5012454,0.501339,0.5014507,0.501525,0.5015754,0.5015489,0.5014809,0.5013803,
0.5012915,0.5012478,0.5012389,0.5012583,0.5012757,0.5013097,0.5013698,0.5014139,0.5014309,0.5014062,0.5014313,0.5014731,0.5014929,0.5015007,0.5014845,0.5014791,0.5014944,0.5014773,0.5014987,0.5015539,0.5015721,0.5015694,0.5014971,0.5014059,0.5013328,0.5012653,0.5012575,0.5012616,0.5013081,0.5013991,
0.5014491,0.5014384,0.5014556,0.5015012,0.5015,0.5014942,0.5014593,0.5014161,0.5014207,0.5014544,0.5015054,0.5331525,0.512,0.51178,0.5115768,0.5113941,0.5111765,0.5109501,0.5105421,0.510398,0.5102474,0.5100905,0.5099789,0.5098476,0.5096659,0.5095289,0.509406,0.5092964,0.5091939,0.5090228,
0.5329204,0.5117276,0.5115322,0.5108374,0.5106851,0.5105126,0.5103676,0.5101823,0.5100144,0.5728464,0.532788,0.5119888,0.5117927,0.511587,0.5111451,0.1220913,0.5019808,0.5020782,0.5021822,0.5022791,0.5023031,0.5022657,0.5021855,0.5020738,0.5329681,0.5120213,0.5330446,0.06708383,0.4591933,0.4593163,
0.3976717,0.227736,0.4594679,0.45972,0.4598362,0.1219556,0.5330632,0.51221,0.5120158,0.5115766,0.5113939,0.5111706,0.5109504,0.5105367,0.5103751,0.5102293,0.5328196,0.5120228,0.5313675,0.5120206,0.5113766,0.1061722,0.2165722,0.4593139,0.4594424,0.4596912,0.2279997,0.4592426,0.4593597,0.2280113,
0.2276435,0.2275157,0.4592186,0.4594708,0.2277508,0.2273651,0.2272319,0.2271184,0.2269928,0.2268577,0.459346,0.2273466,0.4593356,0.4594628,0.4595824,0.4597122,0.4598256,0.4599456,0.4600621,0.4601792,0.4602978,0.2280256,0.1219506,0.5330666,0.5322662,0.5117871,0.5113178,0.5109056,0.5339966,0.512159,
0.5327641,0.5325754,0.5119801,0.5117964,0.5330297,0.5120605,0.5339175,0.5115312,0.511319,0.5110985,0.5108731,0.5106606,0.5328101,0.5119805,0.5327888,0.5119793,0.5117825,0.1151666,0.2172958,0.4592013,0.2279978,0.2278767,0.4589491,0.4592112,0.4594597,0.2278542,0.4594508,0.4595809,0.2272396,0.4590635,
0.2279791,0.2277374,0.4589623,0.2279869,0.4589747,0.4592376,0.4593607,0.227367,0.4587058,0.1149843,0.4589578,0.4593453,0.459471,0.2278955,0.4589741,0.4592313,0.459355,0.4596061,0.4597346,0.2278861,0.1555712,0.4592722,0.1080995,0.2170689,0.2174936,0.4593175,0.4594422,0.4596919,0.4598132,0.4599327,
0.4600505,0.4601651,0.4603903,0.4605022,0.4606094,0.4607236,0.4608254,0.227807,0.227685,0.4592328,0.2280026,0.2278908,0.4586825,0.1080964,0.2175345,0.4588031,0.4590615,0.2272513,0.4590839,0.4593387,0.4595885,0.4598312,0.2278873,0.4593519,0.09037793,0.5019369,0.5020365,0.5021222,0.5022019,0.5022267,
0.5022479,0.502246,0.5021738,0.5021084,0.5020363,0.5019556,0.5018329,0.5017366,0.5016555,0.5328953,0.5327107,0.511971,0.5117546,0.5327212,0.5120315,0.5118274,0.5116284,0.5114225,0.5107523,0.5105748,0.5104154,0.09042054,0.5018251,0.5019488,0.502054,0.5329728,0.5119827,0.5117905,0.5115618,0.5113859,
0.5325714,0.5323809,0.5120189,0.5115836,0.5327964,0.5121936,0.5327738,0.5115395,0.5113337,0.6267519,0.5122004,0.5115511,0.5113325,0.5327835,0.5121731,0.5117882,0.5113432,0.511119,0.5326292,0.5121999,0.5120009,0.5117964,0.5111199,0.5328205,0.5326067,0.5117832,0.5330532,0.5119629,0.5117429,0.5113012,
0.6267341,0.532202,0.5117258,0.5115336,0.5327738,0.5117726,0.5115445,0.5327465,0.5119432,0.5327743,0.5121816,0.5119963,0.5117792,0.532768,0.5325785,0.5119729,0.511758,0.5115467,0.5327622,0.5119944,0.5117972,0.5115931,0.5327587,0.5121569,0.5117292,0.6267116,0.5115201,0.5113103,0.5328208,0.511698,
0.6267015,0.6266943,0.5112974,0.6267264,0.05712434,0.4592864,0.2279593,0.4592117,0.2280043,0.4592158,0.4594661,0.4595849,0.4597171,0.3124284,0.459243,0.4593677,0.100292,0.2170326,0.4593267,0.459451,0.2278825,0.4593361,0.4595881,0.2279127,0.227792,0.2273996,0.4592053,0.4593277,0.4594556,0.2276432,
0.3007055,0.3008817,0.3010534,0.4591994,0.2277439,0.4593343,0.4594586,0.1352606,0.4591866,0.3120447,0.4589537,0.4592249,0.3120439,0.3118674,0.2278185,0.2274146,0.3008052,0.4590244,0.4592879,0.4594064,0.2277411,0.2276181,0.4588436,0.2278616,0.3003751,0.4594376,0.3124138,0.2279733,0.2275892,0.4590626,
0.4593213,0.4594398,0.4595624,0.4598081,0.3122575,0.311891,0.3117363,0.4586748,0.4593215,0.2274851,0.3003307,0.4590203,0.4592847,0.4594041,0.3125588,0.4589671,0.459236,0.4593608,0.4596117,0.3120649,0.3118956,0.2280925,0.3008804,0.4594482,0.3120351,0.4589507,0.4592204,0.4593425,0.3123805,0.1352678,
0.4594366,0.4595566,0.312555,0.3120355,0.4587162,0.4592437,0.3120143,0.4589634,0.4593553,0.3123784,0.3120343,0.4591964,0.3123606,0.4589723,0.3125338,0.4589634,0.3123047,0.4587286,0.4589845,0.4593693,0.4594939,0.37591,0.4591981,0.3132246,0.4587475,0.4590061,0.3252301,0.05355811,0.3003041,0.4588959,
0.4594111,0.4596611,0.4597761,0.3611422,0.4589001,0.4592961,0.325183,0.5012822,0.618434,0.5116884,0.5114526,0.5112436,0.5110642,0.5108945,0.05563705,0.4593629,0.4596067,0.4597292,0.1199355,0.5020468,0.5021393,0.5022492,0.5023288,0.5023427,0.6269317,0.6269354,0.5117441,0.5115258,0.5113547,0.6267488,
0.6267675,0.626703,0.6266013,0.325448,0.5012945,0.5014986,0.5016593,0.501799,0.5019319,0.1243723,0.4593098,0.4594411,0.4595651,0.4596883,0.4598123,0.4599303,0.3120641,0.4591283,0.4593719,0.4594969,0.4597428,0.4598644,0.287799,0.4592956,0.3120437,0.4592326,0.4440937,0.4588089,0.3122193,0.4589794,
0.3123674,0.3120074,0.4589736,0.3122012,0.4593285,0.3125493,0.4589679,0.4593646,0.4596122,0.3123854,0.09114825,0.4591962,0.4593213,0.4594481,0.444072,0.4589269,0.3123856,0.4589808,0.459243,0.4593653,0.3122525,0.4589928,0.4592556,0.4593743,0.4595046,0.4596274,0.4597464,0.4598687,0.4599907,0.3120899,
0.4589612,0.4592268,0.4593481,0.4594741,0.4595976,0.4597206,0.3120438,0.3118754,0.4589514,0.2070071,0.3009257,0.4592903,0.4594172,0.3120486,0.458712,0.3123457,0.4589729,0.4592355,0.4593636,0.4594846,0.3123993,0.4589892,0.4592524,0.3120488,0.4592376,0.3123518,0.4590199,0.4440112,0.4587478,0.4588857,
0.4590177,0.4591427,0.4592698,0.3124174,0.3120815,0.31174,0.3115886,0.459452,0.4595729,0.4596966,0.4422678,0.3126468,0.2073795,0.4592331,0.3122074,0.4589722,0.3120082,0.4590846,0.4592141,0.4593354,0.4594612,0.4595845,0.4597094,0.4598344,0.442604,0.09663054,0.300602,0.3007691,0.4594175,0.4595496,
0.4597877,0.4599095,0.460031,0.4601413,0.4439414,0.4423293,0.3119732,0.435271,0.4354347,0.08997376,0.3002975,0.4593084,0.3123866,0.3120525,0.4594662,0.4595915,0.4597167,0.4598326,0.3120665,0.311904,0.4359153,0.3125796,0.3124094,0.3122387,0.4592518,0.459373,0.3120586,0.3118953,0.3117278,0.4587069,
0.4593543,0.4594769,0.4597243,0.4598416,0.1050388,0.3010229,0.4590562,0.3121921,0.4586944,0.4441675,0.4587045,0.4588422,0.4589815,0.4591065,0.4425707,0.4423346,0.4587737,0.4589148,0.2373474,0.435108,0.3121512,0.3119852,0.3118157,0.4586863,0.4425067,0.3121711,0.3120111,0.4594576,0.3132428,0.4353801,
0.4576004,0.4590636,0.4591939,0.4593196,0.1399278,0.3007534,0.3012711,0.4593047,0.4423334,0.4587528,0.4590222,0.4591485,0.4592706,0.442485,0.3123388,0.4593248,0.3120488,0.4588149,0.4423931,0.4587698,0.4589084,0.4425354,0.4588613,0.4589954,0.4438935,0.442183,0.3126214,0.4351202,0.45925,0.31253,
0.4589913,0.4592564,0.4422552,0.4422024,0.4421723,0.4420493,0.1426309,0.4352578,0.1399151,0.4353529,0.4591673,0.4594115,0.4595341,0.312412,0.4589719,0.4592384,0.4593616,0.4423668,0.4587702,0.4589094,0.459043,0.4591642,0.4592894,0.4594122,0.4595418,0.44231,0.3124482,0.4593681,0.4594899,0.4597318,
0.4598552,0.4599738,0.1399254,0.4353594,0.4590346,0.459289,0.4594082,0.4595284,0.4425404,0.4423155,0.4589006,0.4590378,0.4421926,0.4587268,0.4423366,0.4422583,0.4422051,0.4587019,0.4588402,0.4589691,0.3120679,0.4592154,0.4593394,0.4594675,0.4597203,0.4598413,0.4599626,0.4600762,0.4423024,0.4588972,
0.4591588,0.4592832,0.4594034,0.4595298,0.4596522,0.3614153,0.4352443,0.4592934,0.4422859,0.4588819,0.4590132,0.4591387,0.4592605,0.4593806,0.459507,0.4422427,0.4587472,0.4422484,0.4422312,0.4587281,0.1346077,0.4590295,0.4592959,0.459417,0.4597893,0.4439228,0.442329,0.4587622,0.4589047,0.4590316,
0.4591612,0.4592808,0.4431383,0.4588941,0.4590314,0.4591545,0.4592785,0.4594016,0.4595256,0.4596561,0.4422673,0.4421755,0.4588369,0.4589671,0.4425454,0.4427568,0.4587132,0.4588464,0.4589826,0.4438094,0.4424486,0.1493153,0.402867,0.4358339,0.4588862,0.4591491,0.4592775,0.4594005,0.4595203,0.4422809,
0.4587382,0.4588842,0.4590161,0.4421945,0.458711,0.4588442,0.458981,0.4591098,0.4592364,0.4593578,0.4594824,0.4423656,0.4588039,0.4590682,0.4591998,0.459317,0.4594454,0.4422666,0.4587531,0.175181,0.4594654,0.4597195,0.4598347,0.459956,0.4600749,0.4601913,0.4604173,0.4605234,0.4606312,0.4437232,
0.458767,0.4589089,0.4590419,0.4591633,0.4592856,0.0697892,0.5018643,0.5270906,0.51185,0.5116594,0.5114896,0.511323,0.5111583,0.5272505,0.5123873,0.157101,0.5017205,0.5018492,0.5019908,0.5021338,0.1434517,0.4588315,0.4593493,0.4440211,0.09984922,0.4592625,0.4593869,0.4595058,0.4596315,0.4597484,
0.4422853,0.4422088,0.4588417,0.4589783,0.4592315,0.4593536,0.1566457,0.0625237,0.4351414,0.4586113,0.4592661,0.4593826,0.4595036,0.4596333,0.4423408,0.4587688,0.458905,0.4590424,0.4591644,0.4592893,0.3917421,0.5012382,0.5014084,0.5268738,0.1570419,0.5015479,0.5017081,0.5018089,0.5019238,0.5020726,
0.5269424,0.5120422,0.5118638,0.1570309,0.5019622,0.391509,0.5014032,0.5015926,0.5017552,0.527019,0.5122386,0.5120152,0.5118271,0.5116661,0.5114661,0.511253,0.511065,0.5109237,0.06244458,0.4589428,0.4592096,0.4593332,0.459456,0.4595804,0.4597049,0.4598237,0.4599461,0.4600612,0.4422455,0.4422208,
0.4421304,0.4419128,0.441734,0.4587545,0.4438788,0.4588536,0.4422545,0.4588819,0.4590138,0.4423095,0.4587734,0.4589083,0.4438598,0.3916584,0.06359788,0.4593753,0.4596273,0.4598688,0.4439518,0.4587774,0.4589078,0.4590462,0.4591654,0.4592899,0.4594116,0.4425362,0.3646019,0.4592527,0.459374,0.4594953,
0.4596278,0.4597451,0.4598712,0.4601083,0.4425968,0.4424638,0.4588243,0.4589673,0.4590956,0.4592211,0.2886571,0.4351632,0.4592518,0.442595,0.4590195,0.4423058,0.4422482,0.458718,0.4588512,0.4437158,0.4587739,0.4589114,0.459049,0.4421844,0.4587132,0.4588517,0.4423056,0.44228,0.4587429,0.458876,
0.4590114,0.459136,0.4592613,0.4593816,0.4595115,0.4596294,0.2882099,0.4587613,0.4590161,0.459282,0.4594052,0.4422553,0.458853,0.4438237,0.458693,0.4589736,0.4434645,0.4422759,0.442194,0.4587183,0.4588565,0.4589875,0.4438682,0.2881779,0.4590099,0.4592727,0.4423159,0.4587405,0.4439307,0.4422685,
0.4587281,0.458868,0.4589986,0.45913,0.4592528,0.4593757,0.4594968,0.4596265,0.459751,0.4598743,0.4437997,0.4425878,0.4421891,0.4587233,0.4589979,0.4430419,0.4425488,0.45872,0.4588541,0.4589898,0.4591194,0.442481,0.4423742,0.144006,0.4354856,0.4591915,0.4594395,0.4439651,0.458897,0.4422588,
0.4588753,0.45901,0.4591342,0.4592538,0.4593843,0.09427606,0.459035,0.4441307,0.4422741,0.4589952,0.4591195,0.4592421,0.4593578,0.4594866,0.4596147,0.4597468,0.4598649,0.4599862,0.4437284,0.4587857,0.458923,0.4590528,0.4439453,0.4589058,0.4590417,0.4591672,0.4438531,0.4588502,0.458986,0.4591135,
0.4592412,0.4593675,0.4594907,0.4596184,0.4425001,0.4570652,0.4587178,0.4588522,0.4422301,0.09955377,0.459012,0.459273,0.4593959,0.4438269,0.458818,0.4589516,0.4590831,0.4592063,0.4439925,0.1281575,0.4591638,0.4594149,0.4596639,0.4597864,0.4423653,0.4587686,0.4423684,0.4587897,0.4589291,0.4590647,
0.4591832,0.4593084,0.4594315,0.4595583,0.4596884,0.4598081,0.4599301,0.1719241,0.4352285,0.4358832,0.4586391,0.4423556,0.4587563,0.443827,0.4588311,0.4589718,0.4590991,0.4592183,0.4594719,0.4422056,0.4421472,0.1635266,0.459046,0.4593053,0.442279,0.4585887,0.4587254,0.4436452,0.4587138,0.4588537,
0.4589843,0.4591153,0.4592358,0.3065189,0.4592744,0.4593975,0.4422034,0.4588269,0.4589618,0.459096,0.4592182,0.4593368,0.4594595,0.4595914,0.4597163,0.4598413,0.4599686,0.4600749,0.1720506,0.4596384,0.4597556,0.4422863,0.4587397,0.4588724,0.459013,0.4591403,0.4592611,0.4421528,0.458826,0.4438671,
0.4587128,0.4588592,0.4589856,0.4591129,0.4592356,0.4593607,0.4594876,0.4596111,0.4597449,0.4598633,0.4599791,0.4600951,0.4602145,0.4603221,0.4604477,0.4605565,0.4425748,0.458755,0.458892,0.4590324,0.4591534,0.4436939,0.4587518,0.4588904,0.459023,0.4591458,0.4592664,0.459391,0.4430693,0.4588593,
0.4590015,0.4591249,0.4592473,0.4593693,0.459498,0.459618,0.1779071,0.4351026,0.4592589,0.45938,0.4594993,0.4596193,0.4597422,0.4598613,0.4599869,0.4422812,0.4587547,0.4588878,0.4438625,0.4587234,0.4588618,0.4589993,0.4591264,0.4592552,0.4593778,0.4595044,0.4596273,0.4597601,0.4598821,0.4600033,
0.4601177,0.4602314,0.4603482,0.442227,0.4587286,0.4588676,0.4590046,0.4591319,0.4592558,0.4593795,0.4594996,0.4596301,0.4597562,0.4598816,0.459997,0.4601167,0.4602344,0.4603482,0.1412891,0.4593378,0.4594551,0.4597123,0.4598233,0.4599468,0.4600602,0.4601801,0.4602923,0.4604045,0.4605162,0.4606183,
0.4607262,0.4608272,0.4609348,0.4610325,0.4611157,0.4611917,0.4612623,0.4613405,0.4614287,0.461516,0.461595,0.4616841,0.4617774,0.4618653,0.4619637,0.462057,0.4621478,0.4622393,0.4623272,0.4624179,0.4625114,0.4626085,0.462702,0.4627975,0.4628983,0.4629929,0.463098,0.4631943,0.4632832,0.4633671,
0.4634541,0.4635245,0.463611,0.4636876,0.463764,0.4638417,0.4639176,0.4639873,0.464054,0.4641143,0.4641809,0.4642407,0.4642984,0.4643541,0.4644194,0.4644882,0.4645506,0.4645983,0.4646598,0.4647217,0.4647777,0.2589998,0.4592932,0.4594129,0.4596618,0.4597876,0.4599016,0.4601402,0.4602534,0.460367,
0.4604762,0.4605865,0.4606969,0.4608002,0.4609047,0.4610006,0.4610945,0.4611722,0.4612502,0.461336,0.4614175,0.4614981,0.4615754,0.4616615,0.4617514,0.3924495,0.4593523,0.4594736,0.4595968,0.4597209,0.4598429,0.4599604,0.4600816,0.4601917,0.4603085,0.4604178,0.4605281,0.4606324,0.4607347,0.4608473,
0.4609538,0.4610481,0.4611275,0.4612,0.4612803,0.4613601,0.4614481,0.46153,0.4616197,0.3780687,0.6122748,0.5123456,0.5121554,0.5119416,0.5112264,0.5110272,0.5772901,0.5120265,0.5118483,0.5116857,0.5115221,0.5113847,0.5112368,0.5110508,0.5108356,0.5106026,0.5104336,0.5102999,0.5102301,0.5100846,
0.6125711,0.5823426,0.5122979,0.5120686,0.5118317,0.5116264,0.5114512,0.5112867,0.511117,0.5109423,0.5107535,0.5105751,0.5104185,0.5102712,0.5101449,0.5099867,0.5098184,0.5096337,0.5095272,0.5094227,0.5092584,0.5775687,0.1421999,0.3858946,0.4589273,0.4591923,0.1076682,0.4590529,0.459435,0.4598038,
0.2786992,0.3862458,0.4587177,0.4592447,0.1076195,0.3863207,0.458973,0.4592401,0.4593632,0.2796331,0.4592916,0.4594076,0.4595357,0.4596617,0.4597813,0.4598996,0.460023,0.4601398,0.4602523,0.4603641,0.4604747,0.460586,0.4606893,0.4607996,0.3933039,0.4592212,0.2791687,0.459276,0.4593977,0.4596503,
0.4597678,0.4598862,0.4600049,0.1498366,0.4592748,0.10768,0.4594648,0.10761,0.3861499,0.4593478,0.136619,0.4593422,0.4594598,0.4595824,0.4597121,0.3932669,0.4592265,0.4593479,0.4596011,0.2784181,0.458988,0.459372,0.4594995,0.4596195,0.4597517,0.4598654,0.459991,0.3931695,0.4593112,0.2786812,
0.4587521,0.4593973,0.3932294,0.4589247,0.4593121,0.1076149,0.3859878,0.458947,0.1030799,0.4592182,0.4593436,0.3931908,0.4592057,0.4593246,0.1499419,0.4592645,0.459381,0.4595048,0.4596276,0.4598787,0.4599955,0.1164742,0.4587716,0.4594131,0.4595374,0.4596586,0.459776,0.4598948,0.4600171,0.4601334,
0.4602521,0.4603631,0.4604735,0.4605847,0.4606944,0.3927857,0.4591492,0.4592723,0.3928383,0.3923507,0.4589561,0.4592296,0.4593483,0.4594741,0.4596007,0.4597265,0.4598431,0.4599611,0.4600852,0.4601974,0.4603139,0.4604217,0.460535,0.4606467,0.4607509,0.4608615,0.3928069,0.4593942,0.09042957,0.4593224,
0.4595671,0.4596961,0.4598101,0.459935,0.3929887,0.4589041,0.4591755,0.4592991,0.3939125,0.4592763,0.4593976,0.4595169,0.4596427,0.4597608,0.4598842,0.4600046,0.4601209,0.4602386,0.3926983,0.4591286,0.4592551,0.4593826,0.4596254,0.459754,0.2443517,0.4592896,0.1503774,0.3860702,0.4589554,0.4592223,
0.4593473,0.4594721,0.4595945,0.4597176,0.4598351,0.4599584,0.4600783,0.4601961,0.4603097,0.460419,0.4605282,0.4606346,0.4607426,0.4608517,0.460959,0.4610534,0.4611334,0.4612163,0.4612898,0.3925078,0.4591273,0.4592581,0.1294167,0.4590499,0.4593121,0.4595598,0.4596847,0.4597948,0.4599161,0.4600398,
0.4601531,0.4602682,0.4603802,0.4604908,0.4605996,0.4607127,0.4608163,0.4609255,0.4610294,0.4611123,0.4611905,0.4612637,0.1294495,0.4589359,0.4594519,0.4595729,0.2644817,0.5015963,0.5017492,0.5779414,0.5118552,0.5116885,0.5115488,0.5114264,0.5112652,0.5110407,0.5105932,0.5104347,0.1294516,0.4590685,
0.3924611,0.4592284,0.4593563,0.4594754,0.459603,0.4597268,0.4598473,0.4599645,0.4600854,0.4601974,0.4603124,0.07362593,0.501896,0.5020233,0.5021351,0.5022758,0.5023875,0.5024705,0.5025219,0.5024894,0.5023973,0.5780013,0.5781695,0.5118759,0.5116989,0.06209905,0.4586847,0.4592105,0.4593301,0.4595823,
0.392411,0.3922708,0.4586837,0.1957362,0.4593458,0.4594696,0.2995564,0.5012579,0.1416254,0.4594403,0.4598063,0.4599318,0.460045,0.4601652,0.4602763,0.4603861,0.4604957,0.3925565,0.4591241,0.4592525,0.4593744,0.4596246,0.4597457,0.4598722,0.4599829,0.4601041,0.4602168,0.3932097,0.4591818,0.4593091,
0.4594347,0.4595566,0.4596807,0.4597979,0.459922,0.3934997,0.4593509,0.4594775,0.4596041,0.4597262,0.1158993,0.4589962,0.4593845,0.4595124,0.4596308,0.4598766,0.4601116,0.4602257,0.4604506,0.1426092,0.3861164,0.09859321,0.185236,0.45905,0.4593053,0.3931742,0.459206,0.4593257,0.3932493,0.4592983,
0.4594241,0.4595458,0.4596629,0.1577526,0.459058,0.4591946,0.4594446,0.459567,0.4596921,0.4598143,0.4599338,0.4600509,0.4601624,0.4602807,0.3932163,0.4586528,0.4590444,0.3931552,0.3927851,0.4592705,0.392857,0.4588824,0.4591529,0.4592792,0.4595327,0.4597748,0.4598967,0.4600176,0.4601303,0.4602486,
0.4603584,0.4604678,0.460578,0.4606879,0.4607944,0.4609028,0.461002,0.4610831,0.4611678,0.4612461,0.4613312,0.4614173,0.1655247,0.1220887,0.459013,0.459401,0.1784513,0.4590465,0.4593067,0.3931812,0.4591902,0.4593123,0.4595597,0.3932651,0.4592095,0.4593304,0.4595805,0.4597072,0.4598231,0.4599431,
0.4600676,0.4601863,0.4603,0.4604094,0.4605239,0.3925657,0.459258,0.4593822,0.4595079,0.4596381,0.4597544,0.0912971,0.4590494,0.4594362,0.4596875,0.4598058,0.4599258,0.4600492,0.4601588,0.4602755,0.4603847,0.4604922,0.4606024,0.4607097,0.4608081,0.460916,0.4610139,0.4611081,0.4611909,0.4612682,
0.4613481,0.4614319,0.4615171,0.3932542,0.4589241,0.4591911,0.4593186,0.4595686,0.4596906,0.4598046,0.4599272,0.4600464,0.4601605,0.4602748,0.4603806,0.4604958,0.4606082,0.4607137,0.4608164,0.4144538,0.5012727,0.5014446,0.5015969,0.5016942,0.5017775,0.501799,0.5017964,0.5017877,0.5017459,0.5016851,
0.5016326,0.5016385,0.5016689,0.5016841,0.5016598,0.5016386,0.5016008,0.5015578,0.5015253,0.5014708,0.5014669,0.5014305,0.5014388,0.2583787,0.5013605,0.137771,0.5019832,0.5020599,0.5021944,0.5022785,0.5022604,0.5021688,0.5020528,0.5019409,0.5018346,0.50174,0.5016695,0.1171281,0.4590186,0.4596583,
0.4597851,0.4599024,0.1173314,0.4590152,0.1174557,0.4594342,0.1437879,0.4589923,0.4592578,0.4593856,0.4596295,0.4597545,0.4598753,0.4599957,0.4601105,0.460226,0.4603358,0.4604487,0.1136144,0.4587933,0.459314,0.4594298,0.4596843,0.284743,0.5013341,0.5014936,0.5016792,0.501818,0.5019187,0.5020283,
0.502066,0.5020443,0.5019449,0.5018074,0.5017141,0.5016694,0.5016614,0.5016972,0.501761,0.5018499,0.5018847,0.2842352,0.5013508,0.5014949,0.5016335,0.5017799,0.501902,0.5020338,0.5021325,0.1643048,0.5017432,0.5018071,0.5018569,0.5019246,0.5019765,0.05435922,0.4592366,0.4594838,0.4596056,0.4597259,
0.4598467,0.4599721,0.4600838,0.4602058,0.46032,0.4604277,0.4605427,0.4606492,0.1240711,0.4593075,0.4594294,0.4595493,0.459679,0.4597942,0.4599141,0.4600318,0.4601477,0.4602678,0.4603799,0.4604941,0.4606028,0.460714,0.4608106,0.4609216,0.4610176,0.4611111,0.4611863,0.461266,0.4613397,0.4614275,
0.4615147,0.461595,0.4616809,0.4617668,0.1295894,0.4590209,0.459407,0.459658,0.1239903,0.4593168,0.4594379,0.4595651,0.4598125,0.4599346,0.4600477,0.4601643,0.4602801,0.4603918,0.4605007,0.4606093,0.4607249,0.4608243,0.4609271,0.4610245,0.4611143,0.4611953,0.4612659,0.4613385,0.4614217,0.4614981,
0.4615782,0.4616654,0.4617601,0.4618547,0.4619526,0.4620496,0.462144,0.4622446,0.462332,0.4624276,0.4625224,0.4626241,0.4627106,0.4628058,0.4629039,0.4629989,0.4630971,0.4631962,0.4632922,0.4633785,0.4634719,0.4635465,0.4636287,0.4637011,0.118166,0.5019805,0.5020725,0.1383875,0.4589927,0.4595033,
0.4596237,0.4597486,0.1181289,0.5017982,0.05417736,0.4592042,0.4593318,0.4594549,0.4595776,0.4597021,0.4598221,0.4599445,0.4600639,0.1181197,0.5019422,0.5020635,0.5022188,0.5023804,0.5024168,0.5023536,0.5022243,0.5020878,0.5019621,0.5018417,0.5017467,0.5016588,0.5016252,0.5707575,0.5117519,0.5115501,
0.5703227,0.5121823,0.5120068,0.5118128,0.5116188,0.5114107,0.5109912,0.5107551,0.5103508,0.5101947,0.5100644,0.509957,0.05423947,0.4590852,0.459212,0.4593358,0.4594625,0.4598296,0.4599524,0.4600643,0.46018,0.4602992,0.4604095,0.1200695,0.2347066,0.4589945,0.4592579,0.4593791,0.4595077,0.4597553,
0.2460154,0.4586847,0.4594561,0.4597098,0.4598254,0.4599504,0.4600647,0.4601836,0.4602971,0.4604073,0.4605196,0.4606279,0.4607387,0.4608405,0.3288775,0.458744,0.4590026,0.4592635,0.4593844,0.4596374,0.4597622,0.4598779,0.459998,0.4601181,0.4602318,0.09550323,0.4594111,0.4596631,0.127768,0.4592697,
0.4593894,0.4596372,0.4597631,0.4598791,0.4600005,0.3284723,0.4587291,0.4589942,0.4592558,0.4593755,0.4595018,0.2458614,0.4593281,0.1029211,0.4593415,0.4594687,0.1201635,0.4592415,0.1621657,0.4594013,0.4595275,0.4596456,0.1117309,0.4592954,0.4594163,0.4595405,0.2461441,0.4593112,0.4594316,0.4595514,
0.4596803,0.459794,0.4599159,0.460031,0.4601443,0.4602618,0.4603729,0.460481,0.4605949,0.2459026,0.4590664,0.4591964,0.4594462,0.4598121,0.4599363,0.4600563,0.3288111,0.4590092,0.4591462,0.2461322,0.4592384,0.4593607,0.4596069,0.4598442,0.4599671,0.4600832,0.4602004,0.4603098,0.4604244,0.4605335,
0.4606443,0.4607493,0.460851,0.4609619,0.4610572,0.1815661,0.4590939,0.4592178,0.459469,0.4595882,0.4597194,0.2464348,0.4590514,0.4593123,0.459433,0.4596867,0.2460278,0.4589374,0.4592034,0.4595781,0.4597028,0.4598218,0.4599428,0.4600557,0.4601763,0.4687469,0.501213,0.5014089,0.5015867,0.5017001,
0.5017297,0.5017138,0.501615,0.4690956,0.501169,0.5013998,0.5015923,0.5017527,0.5018021,0.5017624,0.5017013,0.5016025,0.5014977,0.4693385,0.5012177,0.05383926,0.458939,0.4592048,0.4593318,0.4594606,0.4595866,0.4598314,0.4599542,0.4600706,0.4601805,0.4602998,0.4604108,0.4605232,0.4606273,0.460736,
0.4608436,0.4609494,0.461048,0.4611274,0.4612039,0.4612847,0.4613663,0.4614472,0.4615287,0.4616106,0.4616952,0.4617873,0.4618827,0.4619775,0.4620778,0.4621746,0.4622655,0.462352,0.4624523,0.4625419,0.4626383,0.4627282,0.4690507,0.5012507,0.5014187,0.5016105,0.5017774,0.5018449,0.5018278,0.5017418,
0.5015944,0.501454,0.5013737,0.5013627,0.5013959,0.5014417,0.5014523,0.5014436,0.5013626,0.1471631,0.4593166,0.4594356,0.4596868,0.1180411,0.4587959,0.4590492,0.4594351,0.3331419,0.5012209,0.5013612,0.501562,0.5017141,0.50181,0.5019185,0.5019806,0.502001,0.5020249,0.5020028,0.5019672,0.6269184,
0.6269424,0.511857,0.5112143,0.5110405,0.5108663,0.5107012,0.5105398,0.5103763,0.6268308,0.511925,0.5116809,0.6268223,0.5112228,0.5110701,0.5108913,0.5107147,0.5105553,0.5103936,0.5102549,0.5100905,0.509925,0.509753,0.5096124,0.5095232,0.5094051,0.5092485,0.5090761,0.5088855,0.3335387,0.5012673,
0.626934,0.6268995,0.5119607,0.5113236,0.6268351,0.6268121,0.5119189,0.511476,0.5112584,0.05720573,0.5018649,0.5020037,0.5021451,0.5022375,0.5023438,0.5023233,0.5022567,0.5021742,0.5020499,0.5019305,0.4871436,0.501159,0.501326,0.501498,0.5016305,0.5016952,0.5016073,0.50147,0.5013682,0.5012938,
0.6268932,0.6268814,0.6268943,0.5121423,0.5119292,0.6267784,0.6268077,0.5116695,0.5112464,0.5110814,0.5108976,0.5107169,0.626808,0.5118827,0.4862866,0.5011981,0.5013928,0.5015487,0.5016002,0.5015491,0.5014421,0.5013351,0.5012673,0.5012547,0.5012783,0.626871,0.5113716,0.5111941,0.5110467,0.5108721,
0.6268129,0.6267887,0.511689,0.5112814,0.4858083,0.5011801,0.6269309,0.5119222,0.5116928,0.1327466,0.4589931,0.3154016,0.4586929,0.3153816,0.4592306,0.4593538,0.4597321,0.3152648,0.4589775,0.3152159,0.31488,0.3145563,0.4593103,0.09054225,0.4594603,0.4595826,0.4598316,0.3152547,0.4592267,0.4593493,
0.3152157,0.31489,0.4587827,0.4594215,0.3152525,0.3147551,0.3146001,0.3144463,0.459164,0.459288,0.4595353,0.4597835,0.4599063,0.4600244,0.315306,0.3148107,0.4592114,0.459331,0.314903,0.170409,0.6273147,0.6273381,0.0590736,0.458975,0.4593592,0.4594841,0.3149036,0.3147357,0.4593148,0.4594419,
0.3152582,0.3149271,0.3145965,0.3144423,0.4588045,0.3148606,0.3146889,0.4592019,0.3154011,0.4589905,0.4593804,0.4595076,0.3153893,0.4587078,0.3148437,0.4593632,0.3152362,0.3145722,0.4591988,0.3153929,0.4590019,0.3151922,0.4593418,0.459469,0.4595909,0.3147442,0.3145826,0.3144516,0.4589416,0.3155697,
0.4590888,0.4595901,0.3149148,0.4590635,0.4593165,0.3154093,0.3150631,0.3147311,0.314572,0.3144356,0.3143044,0.3141549,0.4593106,0.3149021,0.4590655,0.3148805,0.4592218,0.4593452,0.3152578,0.3147686,0.3146084,0.4586778,0.3148492,0.3143713,0.3142218,0.3140885,0.1486086,0.4591106,0.3153942,0.315215,
0.4587055,0.4593485,0.3148921,0.3145742,0.3144154,0.4594226,0.3156048,0.3149332,0.3146113,0.3144619,0.3143176,0.3141872,0.4592928,0.3154115,0.314913,0.4590747,0.3153662,0.4587206,0.4593597,0.1221839,0.3020713,0.3029125,0.4589926,0.3150399,0.459243,0.3154103,0.3149171,0.3145928,0.3144445,0.314318,
0.4591984,0.459443,0.3149067,0.3147455,0.3144369,0.3143164,0.3141743,0.3140066,0.3138558,0.4594131,0.4596609,0.4597889,0.09898933,0.30251,0.4589726,0.4593616,0.3153931,0.458698,0.3151937,0.3148659,0.3145454,0.3144028,0.3142675,0.4591814,0.3152331,0.3148977,0.4589383,0.3151838,0.1230713,0.3027789,
0.4592493,0.4593687,0.31524,0.3148981,0.4593386,0.4594642,0.4595862,0.31527,0.459344,0.4595929,0.1626004,0.2843231,0.6271311,0.5114451,0.6268218,0.6268045,0.6267715,0.6267636,0.1230971,0.3021384,0.3031381,0.4587439,0.3148776,0.3147047,0.314542,0.3144172,0.4589476,0.4592188,0.3148952,0.3145708,
0.3144375,0.3143017,0.4594179,0.314736,0.459203,0.4593314,0.315226,0.314898,0.4592211,0.4593468,0.3153998,0.3152284,0.4589474,0.4592112,0.162508,0.4590773,0.3152274,0.4594558,0.315075,0.3147339,0.4589511,0.315366,0.3148661,0.3145419,0.3143992,0.4590394,0.4594286,0.3153897,0.3148843,0.3144172,
0.4587688,0.4590377,0.4594183,0.4595403,0.3154071,0.315064,0.3147276,0.3145774,0.07147192,0.6273991,0.5118257,0.6268108,0.626815,0.6267885,0.5119303,0.05359692,0.303018,0.4590092,0.4592711,0.4593956,0.3147642,0.4589534,0.06370527,0.5021166,0.502233,0.5251448,0.6227773,0.6229017,0.6229381,0.6229703,
0.6230271,0.6230848,0.6231362,0.5122585,0.6268057,0.5114425,0.6268045,0.5118756,0.6268148,0.5119373,0.5115054,0.511297,0.511071,0.6268111,0.5114382,0.5112276,0.6268255,0.5114368,0.6268131,0.6268045,0.5117095,0.6267964,0.6268044,0.6267851,0.6267746,0.6267536,0.511745,0.5115345,0.5113494,0.5111885,
0.6268046,0.6267919,0.6267797,0.5114409,0.05677175,0.459268,0.314736,0.3144266,0.4591963,0.4594468,0.4595662,0.4596952,0.4598129,0.3152741,0.4592205,0.3151999,0.4593244,0.3148642,0.4592253,0.4594786,0.3152464,0.09435191,0.3031041,0.4593922,0.45952,0.3149071,0.314594,0.4589279,0.3153756,0.3148657,
0.3147005,0.3145458,0.4590579,0.4593183,0.3147387,0.314579,0.4589456,0.45921,0.3145749,0.4592193,0.3153844,0.109358,0.3029625,0.3032983,0.4587446,0.4589943,0.315385,0.3148789,0.4593264,0.4594471,0.4596965,0.4598164,0.4599381,0.4600575,0.4601711,0.460286,0.3153065,0.3149489,0.4592339,0.3148801,
0.4594543,0.4597045,0.4598183,0.3152627,0.4593453,0.4595949,0.4597208,0.4598404,0.4599669,0.3147738,0.458682,0.4593351,0.3153752,0.3148739,0.4593341,0.3154025,0.3147315,0.3145745,0.314418,0.09605945,0.4593325,0.3154019,0.4592079,0.4593336,0.4594635,0.459584,0.3152563,0.3188533,0.5012542,0.5013819,
0.5015315,0.5016361,0.6269318,0.6199282,0.5119528,0.5117128,0.5112337,0.5110452,0.5108598,0.6268308,0.6268067,0.6267837,0.5116732,0.5114542,0.5112813,0.6268173,0.5118821,0.5116549,0.626821,0.5116777,0.5114491,0.5112566,0.5110943,0.6268467,0.5114143,0.511209,0.6268313,0.5114377,0.6268212,0.5114197,
0.6268207,0.6268086,0.626777,0.5118994,0.5112249,0.6268292,0.5114346,0.6268225,0.6268151,0.5119229,0.5114937,0.626788,0.5112072,0.5110115,0.5108109,0.6268303,0.6267878,0.5121327,0.6268038,0.6267934,0.6267588,0.6267409,0.6267009,0.6266786,0.5117496,0.5110945,0.5109206,0.510725,0.5105639,0.6268345,
0.6268472,0.6267943,0.6267548,0.6267347,0.6267296,0.5114586,0.6268162,0.5116561,0.5114307,0.6268242,0.5119459,0.5114778,0.5112833,0.5111093,0.5109218,0.510731,0.6268257,0.5121232,0.6268547,0.5116763,0.06451964,0.4588718,0.4590009,0.3146939,0.4593273,0.4594519,0.3148963,0.4593285,0.3149075,0.3145872,
0.3144456,0.314307,0.3141667,0.4589288,0.4591891,0.4594396,0.3150773,0.3149295,0.3145933,0.4592062,0.3152199,0.4589919,0.4592554,0.09197415,0.1593196,0.3021202,0.3031282,0.4589858,0.4592505,0.4593684,0.4595006,0.4596196,0.4598654,0.4599831,0.4600964,0.3146459,0.3144951,0.4592961,0.314772,0.4591752,
0.4593055,0.4595533,0.3152357,0.3148973,0.3147233,0.459191,0.1699534,0.4589689,0.459233,0.4593557,0.4596048,0.459734,0.3145882,0.4591897,0.4594408,0.4595599,0.3152478,0.3147462,0.4593136,0.4594399,0.4596913,0.4598099,0.3149251,0.4593525,0.459482,0.3152473,0.4593683,0.1683379,0.4594375,0.3145848,
0.4594387,0.4595532,0.4597987,0.4599229,0.4600388,0.4601531,0.4602727,0.3153049,0.4593545,0.3147492,0.4591959,0.4594402,0.4595666,0.4596892,0.4598057,0.4599284,0.3152848,0.4592236,0.3150444,0.3148856,0.4589422,0.3154154,0.459226,0.4593479,0.2005493,0.459305,0.4594281,0.4596795,0.4597985,0.4599207,
0.4600409,0.4601586,0.3147818,0.4591866,0.3148876,0.4593287,0.4594489,0.4595716,0.4596954,0.4598181,0.4599391,0.4600573,0.4601709,0.4602841,0.3153375,0.4592084,0.4593356,0.4595857,0.4597111,0.09435576,0.4590032,0.459267,0.4593895,0.4595191,0.4597675,0.4598867,0.4600129,0.4601239,0.2007959,0.4591914,
0.4593129,0.4594369,0.4595636,0.4596899,0.4598127,0.4599303,0.3152587,0.4589677,0.4593613,0.3147194,0.4588064,0.4593202,0.459443,0.4595641,0.4598041,0.4599282,0.4600427,0.4601591,0.4602774,0.4603892,0.4604983,0.460607,0.4607162,0.4608217,0.4609224,0.4610241,0.4611125,0.09433444,0.4587565,0.459014,
0.4592823,0.4593974,0.4596447,0.4597673,0.459888,0.4600095,0.4601201,0.4602407,0.4603498,0.4604551,0.4605708,0.4606769,0.4607841,0.4608853,0.4609947,0.4610831,0.4611613,0.461243,0.4613209,0.4614075,0.4614945,0.4615738,0.4616599,0.09012428,0.4590297,0.45929,0.459418,0.4595405,0.4596666,0.4597845,
0.4599036,0.4600221,0.4601365,0.4602582,0.460364,0.4604788,0.4605899,0.4606999,0.4607978,0.4609034,0.4610042,0.4610932,0.4611709,0.4612477,0.461329,0.4614126,0.4614954,0.4615783,0.4616691,0.4617625,0.4618584,0.4619512,0.4620453,0.4621424,0.4622398,0.4623292,0.4624269,0.4625176,0.4626144,0.4627072,
0.4627973,0.4628958,0.4629903,0.4630961,0.4631918,0.4632922,0.4633824,0.4634719,0.4635458,0.4636326,0.4637061,0.4637812,0.4638466,0.4639193,0.4639912,0.4640619,0.4641243,0.4641947,0.4642501,0.4642974,0.4643498,0.4644205,0.4644943,0.4645621,0.4646129,0.4646628,0.4647168,0.464772,0.4648322,0.4648893,
0.4649417,0.4649817,0.4650404,0.4650897,0.4651371,0.465203,0.4652709,0.4653391,0.4653971,0.4654548,0.4655007,0.4655423,0.4655778,0.4655995,0.4656239,0.4656422,0.4656498,0.4656633,0.4656616,0.4656669,0.4656678,0.4656547,0.2606301,0.459337,0.4594649,0.4595858,0.4598329,0.4599536,0.4600754,0.4601867,
0.4602998,0.4604088,0.4605204,0.08929604,0.4587532,0.45901,0.4593927,0.4595199,0.4596442,0.4597662,0.4598837,0.4600041,0.4601156,0.4602354,0.4603454,0.4604561,0.460569,0.4606737,0.4607836,0.4608806,0.460987,0.4610779,0.4611643,0.4612446,0.4613216,0.4614049,0.4614929,0.4615785,0.4616624,0.4617512,
0.4618377,0.4619336,0.4620257,0.4621197,0.46221,0.4623029,0.08815802,0.4589834,0.4593701,0.4594956,0.4597433,0.4598636,0.4601004,0.4602171,0.46033,0.4604388,0.4605558,0.4606616,0.4607686,0.4608746,0.08932086,0.4587875,0.459048,0.4594276,0.4598014,0.4599224,0.4600405,0.4601541,0.460271,0.4603821,
0.4604909,0.460599,0.4607058,0.460816,0.460923,0.4610226,0.4611056,0.4611876,0.4612646,0.4613452,0.4614362,0.4615233,0.4616001,0.4616843,0.461773,0.4618666,0.4619638,0.4620529,0.4621498,0.4622419,0.4623272,0.4624143,0.4625086,0.4626069,0.09562415,0.4588026,0.4593159,0.2019345,0.4363717,0.4591417,
0.4592647,0.4593891,0.4595128,0.4596339,0.4597527,0.4598748,0.4599882,0.4601057,0.4602214,0.4603279,0.4604434,0.46055,0.4606631,0.4607679,0.4608755,0.4609636,0.4610536,0.4611311,0.461212,0.4612984,0.4613827,0.4614667,0.4445062,0.4587687,0.4589139,0.4590438,0.4591616,0.4592836,0.4594106,0.4596741,
0.4597969,0.4599235,0.4600391,0.4601578,0.4602776,0.4604011,0.4605089,0.4606186,0.4607151,0.4608029,0.460896,0.4609877,0.4610766,0.4611707,0.4612578,0.4613506,0.4614379,0.461539,0.1230313,0.4591454,0.4593989,0.4595189,0.4597641,0.4598866,0.09058036,0.4594334,0.4595615,0.4596823,0.4598051,0.4599233,
0.4600465,0.46016,0.460277,0.460386,0.4605006,0.4606113,0.4607148,0.4608219,0.4609286,0.4610256,0.4611167,0.4611987,0.4612738,0.4613471,0.4614303,0.4615211,0.4616002,0.4616873,0.4617749,0.4618684,0.4619626,0.4620541,0.4621466,0.4622401,0.4623305,0.462424,0.4625213,0.462615,0.4627083,0.4628051,
0.4629066,0.4630033,0.463105,0.4631985,0.2429029,0.5014499,0.5015786,0.5017539,0.5018418,0.5019677,0.5020049,0.5020654,0.5020853,0.5020332,0.5019822,0.5019462,0.5019284,0.5018705,0.5017881,0.5017547,0.501728,0.5017553,0.5017639,0.5017712,0.5017419,0.5017303,0.5017178,0.5017315,0.1215257,0.45939,
0.4595167,0.4597606,0.4598815,0.4600047,0.4601185,0.4602355,0.4604619,0.4605695,0.4606793,0.4607789,0.4608851,0.4609933,0.4610881,0.4611625,0.461239,0.4613117,0.4613882,0.4614719,0.4615518,0.4616351,0.4617221,0.4618162,0.4619064,0.4619996,0.4620927,0.4621923,0.4622841,0.4623745,0.4624726,0.4625646,
0.462665,0.4627538,0.4628454,0.4629521,0.4630558,0.463159,0.4632527,0.4633456,0.463431,0.4635077,0.4635774,0.4636583,0.4637371,0.4638161,0.463892,0.4639702,0.09211059,0.4592265,0.4593524,0.4594763,0.1479704,0.4589691,0.4592271,0.4593505,0.4594784,0.459601,0.4597314,0.4598424,0.4599696,0.460085,
0.4602041,0.4604272,0.4605375,0.4606406,0.4607534,0.2391422,0.4592451,0.3626687,0.4593923,0.1616812,0.4587764,0.4590282,0.4594147,0.4596533,0.05652551,0.4591391,0.4592668,0.459385,0.4596362,0.4597552,0.4598814,0.4599982,0.4601114,0.4602281,0.4603381,0.4604512,0.4605623,0.4606698,0.4607761,0.4608809,
0.4609795,0.4610674,0.3613105,0.4591745,0.4592949,0.4595458,0.4596733,0.4597908,0.4599164,0.4600318,0.1358994,0.4592192,0.4593411,0.4594649,0.2402592,0.4592779,0.4595272,0.1170774,0.3538836,0.4589773,0.4592468,0.4593673,0.4594909,0.4596108,0.4597327,0.1616906,0.4594195,0.4596767,0.1211115,0.459118,
0.4592498,0.4593723,0.4594984,0.4596273,0.1407606,0.5019259,0.50201,0.1622793,0.4587681,0.4592836,0.3610469,0.4592981,0.45942,0.4596692,0.4597898,0.4599057,0.4600305,0.3613355,0.2395723,0.4587135,0.4592369,0.1617732,0.4593092,0.4594335,0.4595557,0.4596825,0.4597989,0.4599154,0.4600365,0.3333764,
0.4586855,0.4593317,0.4595834,0.4597079,0.3330459,0.4593335,0.1004597,0.4590212,0.4594003,0.4597679,0.4598838,0.4600054,0.4601195,0.46024,0.4603454,0.4604562,0.4605648,0.4606748,0.4607755,0.4608866,0.4609839,0.09644719,0.4594338,0.4595624,0.3345145,0.2460969,0.4590686,0.4591994,0.4594486,0.4595722,
0.4598151,0.4599401,0.460054,0.4601681,0.460284,0.4603995,0.09713487,0.4592229,0.4593479,0.4594733,0.4595945,0.4597229,0.1735395,0.4590457,0.4594292,0.3344985,0.4592893,0.4594121,0.4595311,0.4597759,0.09639747,0.4590694,0.4591955,0.4594463,0.4595684,0.4597018,0.4598187,0.4599361,0.4600537,0.2364987,
0.4593062,0.4594318,0.4595529,0.4596813,0.4597953,0.4599186,0.4600337,0.4601474,0.4602673,0.460374,0.3430277,0.5011831,0.501341,0.5015092,0.5016182,0.501707,0.5018073,0.5019279,0.501992,0.1728478,0.4593856,0.4597661,0.4598839,0.4599998,0.4601133,0.4602274,0.4603385,0.4604511,0.4605615,0.4606707,
0.4607733,0.4608762,0.4609729,0.4610612,0.4611466,0.4612206,0.4612988,0.4613836,0.4614766,0.4615637,0.3428174,0.1727277,0.3426946,0.5013753,0.5015463,0.5017291,0.5018543,0.1727319,0.4587349,0.4592543,0.4593817,0.4595027,0.4597517,0.4598704,0.459992,0.4601097,0.4602272,0.4603357,0.297265,0.4592084,
0.4593302,0.4594561,0.4597076,0.459822,0.459947,0.4600648,0.4601814,0.4604084,0.4605209,0.4606298,0.4607365,0.4608407,0.4609475,0.4610399,0.4611287,0.1005893,0.4590292,0.4592927,0.4594129,0.4595392,0.4597861,0.4599022,0.225688,0.4594157,0.4596698,0.4597926,0.4599131,0.4600308,0.1733511,0.4593005,
0.4594151,0.4595403,0.4597888,0.2257206,0.4589157,0.4593078,0.4594264,0.4596757,0.4598004,0.459918,0.4601476,0.4602703,0.460381,0.4604938,0.4606049,0.4607121,0.4608211,0.4609272,0.4610283,0.4611214,0.4612011,0.4612749,0.4613487,0.4614311,0.4615162,0.4615929,0.4616758,0.461765,0.461855,0.4619482,
0.4620419,0.4621401,0.4622346,0.4623247,0.4624209,0.4625198,0.4626092,0.4626935,0.4627835,0.462878,0.4629765,0.4630838,0.4631847,0.4632787,0.4633694,0.4634597,0.4635396,0.4636199,0.2047269,0.5014235,0.5015424,0.5017112,0.5018407,0.5019361,0.5019916,0.5020514,0.5020637,0.5020029,0.5019234,0.5018746,
0.5017855,0.5017247,0.1102639,0.4589807,0.4592464,0.4594994,0.4597526,0.4598739,0.4599911,0.4601042,0.4602265,0.4603375,0.4604515,0.4605637,0.460673,0.4607769,0.4608864,0.4609873,0.4610811,0.4611613,0.4612449,0.4613242,0.4614061,0.4614879,0.4615711,0.4616584,0.4617439,0.461837,0.461929,0.462025,
0.4621124,0.4622122,0.4623021,0.4623994,0.4624896,0.4625759,0.4626702,0.4627605,0.4628597,0.1101078,0.4588699,0.2675302,0.4590348,0.4592948,0.4594148,0.4595443,0.4596706,0.1309517,0.4593468,0.4595957,0.4597243,0.4598354,0.4599539,0.4600763,0.4601926,0.4603091,0.4604221,0.46053,0.4606383,0.4607472,
0.4608503,0.4609497,0.4610504,0.4611313,0.2105609,0.5015378,0.5016456,0.601194,0.5122657,0.5115801,0.5111451,0.510985,0.510801,0.5106114,0.5104291,0.5102644,0.5101045,0.1313095,0.45906,0.4594421,0.1252151,0.4590755,0.4593299,0.4594597,0.4595805,0.0903311,0.459289,0.4594126,0.4596559,0.1101269,
0.2570769,0.4589714,0.4593599,0.4594887,0.4596083,0.4597358,0.1309626,0.4588151,0.4590663,0.2673971,0.4592939,0.4594111,0.4596644,0.1716446,0.2106156,0.5015449,0.5016633,0.5017759,0.5018929,0.5020001,0.5020693,0.5020546,0.5019662,0.5018514,0.5017423,0.5016026,0.5015047,0.6013085,0.5120691,0.5118574,
0.6011373,0.5120267,0.601204,0.5123206,0.5121362,0.5119272,0.601118,0.5120438,0.5118335,0.5116251,0.5111921,0.6012158,0.512283,0.512096,0.05891077,0.4589309,0.2105795,0.5013698,0.5014893,0.5015706,0.5016822,0.6013211,0.5122362,0.5118071,0.5115774,0.5113447,0.601193,0.5120546,0.5111098,0.5109161,
0.6012511,0.6011187,0.5122579,0.05894534,0.4589528,0.4592208,0.4593435,0.4595952,0.2673812,0.45929,0.2674072,0.4592918,0.267056,0.4587779,0.4594172,0.4596659,0.4599082,0.2673877,0.4590465,0.4594337,0.4595602,0.2673861,0.4590245,0.4592885,0.4594076,0.459787,0.4599065,0.4600271,0.08997767,0.4587905,
0.267362,0.2670396,0.4590212,0.2675107,0.4592814,0.2675338,0.4591905,0.4594414,0.4596901,0.2674079,0.4590297,0.2674817,0.4590304,0.08840628,0.4587351,0.4593844,0.4596299,0.4597515,0.4598708,0.1408566,0.4594298,0.4596815,0.4598036,0.2669038,0.2667759,0.4590082,0.4593914,0.45952,0.4596386,0.4597619,
0.4598819,0.4600053,0.4601195,0.4602438,0.2674249,0.4590247,0.4591542,0.4594101,0.4596602,0.2673891,0.4590329,0.4592855,0.4594162,0.4596705,0.4597827,0.459913,0.4600254,0.4601473,0.2673802,0.4592823,0.4594005,0.2673572,0.4545847,0.4590395,0.4592995,0.4594238,0.4596807,0.2675555,0.4591821,0.2675339,
0.4587848,0.4590428,0.4593046,0.459424,0.4596782,0.2673729,0.4592889,0.459415,0.2674084,0.4593137,0.4594373,0.459554,0.4596819,0.4597996,0.2675453,0.4592881,0.4594103,0.4596564,0.4597767,0.2674148,0.4587744,0.4592914,0.4593397,0.4594703,0.4595717,0.459823,0.4599537,0.4600645,0.4601861,0.4604094,
0.4605205,0.4606273,0.4607346,0.4608427,0.4609515,0.4610507,0.2674488,0.4590096,0.4593971,0.4596528,0.4597751,0.4598952,0.4600131,0.4601268,0.4602422,0.4602541,0.4602784,0.4603202,0.1070909,0.459038,0.4592987,0.4594238,0.459548,0.4597984,0.4599182,0.4600393,0.4601493,0.4602678,0.4603773,0.4604894,
0.4606029,0.4607098,0.4608128,0.4609194,0.461027,0.4611062,0.1294534,0.4590344,0.4592977,0.4595508,0.4596757,0.4597979,0.4599161,0.4600349,0.4601543,0.4602663,0.1403933,0.4590412,0.1174209,0.4587777,0.459295,0.4594193,0.233059,0.4590871,0.4591459,0.4591945,0.4593171,0.459424,0.4596711,0.4597999,
0.4599141,0.4600398,0.4601522,0.4602723,0.4603826,0.4604939,0.4605993,0.4607134,0.1132226,0.4593392,0.4594572,0.4595865,0.4598306,0.1403966,0.4588018,0.4590642,0.4593198,0.4594391,0.4598086,0.4599267,0.4600458,0.3568958,0.5011475,0.5013059,0.5014986,0.5016459,0.5017523,0.5018507,0.5019032,0.5019174,
0.5018863,0.5018048,0.5017331,0.5016717,0.5016593,0.5016716,0.5017097,0.5017439,0.5017508,0.5017088,0.5016448,0.5016222,0.5016475,0.5016609,0.501692,0.5016583,0.3573796,0.5013746,0.5015487,0.5016791,0.5017641,0.1582725,0.5017463,0.5018688,0.5020465,0.5021823,0.1297753,0.4594568,0.4597062,0.4598272,
0.4599501,0.4600627,0.1314667,0.4592118,0.4593326,0.4594554,0.4596983,0.4598194,0.4599423,0.4600562,0.4601761,0.4602883,0.4603986,0.4605025,0.4606119,0.4607194,0.4608248,0.4609343,0.4610307,0.4611144,0.4611981,0.4612743,0.461351,0.461436,0.4615259,0.4616087,0.3568987,0.5013584,0.1583692,0.5015593,
0.5017225,0.5019258,0.5020335,0.5021821,0.5022886,0.1583073,0.5019528,0.5020772,0.5021682,0.5022061,0.5021797,0.5020924,0.5019726,0.5018171,0.5017173,0.5016213,0.5015348,0.5014869,0.5014414,0.5014095,0.5014315,0.5014785,0.5015491,0.5016297,0.501712,0.5017779,0.5018405,0.5018294,0.501803,0.5017806,
0.5017229,0.5016826,0.5016412,0.5016298,0.5016019,0.5016003,0.5015669,0.5015888,0.5015738,0.5016004,0.5016367,0.5016497,0.5016812,0.5017104,0.5017157,0.5016362,0.5015664,0.5015409,0.5015329,0.5015651,0.1582869,0.5016432,0.5018901,0.5020202,0.5021083,0.5021932,0.5022292,0.5021933,0.5021312,0.1353941,
0.459321,0.4594361,0.4595616,0.4597978,0.4599215,0.4600429,0.4601499,0.4602709,0.4603802,0.4604904,0.4606038,0.4607099,0.4608116,0.4609225,0.4610251,0.461113,0.135463,0.4593175,0.459441,0.1355166,0.4594439,0.4596989,0.4598209,0.4599372,0.4600534,0.4601679,0.4602871,0.4603964,0.4605076,0.4606137,
0.4607187,0.4608236,0.4609256,0.1479715,0.4592135,0.4593419,0.4594588,0.4598295,0.459956,0.4600674,0.4601829,0.4603022,0.4604136,0.4605249,0.4606309,0.4607386,0.4608372,0.460942,0.4610401,0.4611266,0.4612091,0.1355467,0.4593175,0.45944,0.4595657,0.4598117,0.4599332,0.4600472,0.4601647,0.4602808,
0.4603912,0.4605047,0.4606128,0.4607192,0.4608261,0.4609328,0.461041,0.4611303,0.4612162,0.461294,0.4613724,0.4614542,0.4615357,0.4616159,0.461703,0.3466193,0.5013136,0.5014879,0.5016416,0.5017433,0.501848,0.1589974,0.4593395,0.4594597,0.4597134,0.4598302,0.4599527,0.4600696,0.4601818,0.4602971,
0.4604041,0.4605156,0.4606234,0.346667,0.5012687,0.5014485,0.1502228,0.4592628,0.459383,0.4595106,0.4596328,0.4597594,0.4598738,0.4599948,0.4601106,0.4602306,0.4603363,0.4604448,0.4605559,0.4606624,0.4607686,0.4608684,0.4609716,0.346683,0.5012873,0.501443,0.5015426,0.5015746,0.5016263,0.5017226,
0.5018137,0.5019272,0.5019941,0.501986,0.5018954,0.5018793,0.5018243,0.5017754,0.5017077,0.5016831,0.50164,0.5015998,0.4937912,0.5119061,0.5112305,0.5108173,0.5106504,0.5104893,0.5103362,0.5101442,0.5100111,0.5099022,0.5098018,0.3463459,0.5013117,0.5014731,0.5016719,0.3465025,0.5011665,0.5013232,
0.5014795,0.5015974,0.5017034,0.5018027,0.5018274,0.5017969,0.5017518,0.5016949,0.5016583,0.5016583,0.5016245,0.50162,0.5016399,0.5016389,0.1090457,0.5020222,0.502117,0.5022119,0.5022944,0.502308,0.5021979,0.5020529,0.3466612,0.493704,0.5118994,0.3466648,0.5012992,0.501457,0.501586,0.4906378,
0.5117492,0.5113131,0.4906496,0.5119483,0.5117521,0.5115861,0.5113735,0.5111636,0.5109749,0.1206843,0.458963,0.4593506,0.4594757,0.4595979,0.4598403,0.4599639,0.4600777,0.4601928,0.4603103,0.1089758,0.5020512,0.5021653,0.5780571,0.1546254,0.4592393,0.4593656,0.4596189,0.4597444,0.4598605,0.4599812,
0.3930177,0.4589169,0.4591922,0.4593139,0.4594379,0.4596852,0.2936008,0.4592267,0.4594727,0.4595993,0.142775,0.5018415,0.5019554,0.5020429,0.5021695,0.5022342,0.5022563,0.5021906,0.5020648,0.5019366,0.5018451,0.5017616,0.5016989,0.5016723,0.1545729,0.4592561,0.4597489,0.4598721,0.4599891,0.4601035,
0.4602186,0.4603342,0.4604413,0.4605544,0.4606593,0.4607695,0.4608684,0.4609775,0.4610747,0.4611573,0.4612318,0.1002755,0.4590072,0.4593897,0.4596435,0.4597595,0.4598796,0.459999,0.121206,0.4593613,0.4596053,0.4597373,0.4598522,0.4599752,0.460206,0.4603223,0.4604299,0.4605391,0.1119347,0.4592724,
0.459392,0.4596388,0.1216845,0.4587596,0.4590157,0.4592811,0.4595332,0.4597842,0.4599018,0.4601279,0.4602543,0.4603564,0.4604691,0.4605764,0.4606789,0.4607832,0.180402,0.5016124,0.1119815,0.4590157,0.4592784,0.4596525,0.4598995,0.4600224,0.4601336,0.09805516,0.458708,0.4592348,0.459359,0.4594813,
0.4596013,0.45985,0.1119166,0.4590165,0.4592853,0.4594051,0.4595312,0.4596542,0.4597765,0.4598958,0.4601289,0.4602464,0.4603525,0.4604623,0.4605751,0.4606781,0.4607868,0.4608907,0.4610012,0.4610932,0.4611722,0.1628928,0.4593199,0.459449,0.4595695,0.459695,0.4598092,0.4599329,0.46005,0.4601654,
0.4602846,0.4603945,0.4605053,0.4606116,0.460719,0.1119941,0.4587562,0.4590097,0.4592736,0.4593961,0.4596463,0.4597706,0.4598889,0.4600124,0.4601215,0.1382887,0.4587578,0.459401,0.4597763,0.459894,0.4600118,0.4601271,0.460243,0.4603563,0.1628723,0.4592862,0.4594085,0.4595305,0.4596587,0.459776,
0.4598976,0.4600203,0.4601332,0.4602486,0.4603594,0.460467,0.4605784,0.1382188,0.4590096,0.4593956,0.4596457,0.4597619,0.45988,0.4600029,0.4601179,0.2489504,0.1130535,0.4590707,0.4594484,0.4595721,0.4596988,0.45981,0.459931,0.4600489,0.4601652,0.4602773,0.4603865,0.1628806,0.4589503,0.4594629,
0.4595875,0.4597122,0.4598282,0.4599546,0.4600686,0.1115459,0.4590077,0.459388,0.4595155,0.4596393,0.4597585,0.2489413,0.5014648,0.5016311,0.06795322,0.4589697,0.4592352,0.459359,0.4594875,0.2489647,0.5013932,0.5015437,0.5016601,0.5017341,0.5018079,0.5018663,0.5018933,0.1635512,0.4589193,0.4591811,
0.4593086,0.4594261,0.459553,0.4596792,0.4599192,0.4600424,0.4601588,0.1628779,0.4593246,0.4594455,0.4595703,0.4596924,0.4598084,0.4599295,0.4600483,0.4601607,0.4603876,0.4604955,0.4606111,0.4607173,0.4608222,0.4609293,0.461033,0.4611282,0.4612098,0.4612869,0.4613648,0.4614515,0.4615366,0.4616109,
0.4616919,0.46178,0.4618742,0.4619689,0.4620633,0.1581348,0.4592116,0.4593377,0.4594592,0.4595888,0.4597163,0.4598374,0.4599567,0.4600682,0.460186,0.2329674,0.5014094,0.5015311,0.5017198,0.5018378,0.5019089,0.5019794,0.5020196,0.5020054,0.5019522,0.5018283,0.5017325,0.5016451,0.5015711,0.5015374,
0.5015518,0.5016172,0.501663,0.5016918,0.5016676,0.5016688,0.5016155,0.5015618,0.5014914,0.5014532,0.5014663,0.5014905,0.5015543,0.5016224,0.5016863,0.1582744,0.4590425,0.4593038,0.4594279,0.4595534,0.4597975,0.4599212,0.4600401,0.4601551,0.4602747,0.4603835,0.4604984,0.4606071,0.4607123,0.4608181,
0.4609218,0.4610207,0.4611073,0.4611879,0.4612624,0.4613419,0.4614275,0.4615114,0.4615944,0.4616822,0.4617736,0.4618672,0.4619706,0.4620647,0.4621486,0.4622452,0.4623345,0.4624357,0.4625267,0.4626229,0.4627118,0.4627983,0.4628979,0.4629945,0.4631002,0.4632004,0.4633029,0.4633939,0.4634863,0.09189056,
0.4593433,0.4594676,0.4595915,0.4597205,0.4598383,0.4599614,0.4600746,0.4601905,0.4603016,0.4604108,0.4605223,0.4606333,0.4607426,0.4608439,0.4609528,0.4610473,0.4611325,0.4612119,0.4612921,0.4613735,0.4614552,0.4615351,0.461616,0.4617092,0.4618053,0.4618975,0.4619906,0.4620906,0.4621843,0.4622723,
0.4623604,0.4624532,0.4625487,0.462646,0.4627412,0.4628335,0.4629344,0.4630273,0.3530709,0.5014017,0.5015788,0.5017037,0.5018404,0.5019337,0.5020249,0.5020543,0.5020994,0.4436453,0.5119337,0.5114945,0.5110461,0.5108282,0.5106659,0.5105198,0.5104004,0.5102897,0.5101135,0.5099294,0.5097688,0.5096211,
0.5095188,0.5094337,0.509302,0.5091438,0.5089856,0.5088256,0.5086927,0.5085771,0.5084158,0.5082385,0.3540826,0.5011717,0.5013572,0.5015224,0.5016348,0.5017645,0.501842,0.1705797,0.0651501,0.2214786,0.4590356,0.4592957,0.4594131,0.4595347,0.4596608,0.4597793,0.4599006,0.460024,0.4601389,0.460255,
0.4603643,0.460472,0.4605843,0.460695,0.4607934,0.460899,0.460999,0.4610942,0.4611685,0.1703976,0.353381,0.5012018,0.5013641,0.5015494,0.5016506,0.5449346,0.5117976,0.511569,0.5113744,0.5111849,0.5109826,0.5107661,0.510585,0.5104046,0.5102515,0.5101082,0.5099703,0.5098288,0.5096745,0.5095479,
0.5448357,0.5119668,0.5112752,0.5110603,0.5108877,0.5107169,0.5105451,0.510382,0.5102211,0.5100689,0.5099286,0.5097759,0.5096285,0.2511365,0.5013807,0.501547,0.5075917,0.5076328,0.5062727,0.5060939,0.5059234,0.5057734,0.5055943,0.5054457,0.5052757,0.505146,0.5049887,0.5048481,0.5047217,0.5045847,
0.5449653,0.5120284,0.5118213,0.5113727,0.5109488,0.5107555,0.6245308,0.5118403,0.5116279,0.511425,0.06173902,0.5019261,0.5020361,0.5021557,0.5022689,0.5023384,0.5023492,0.5023209,0.502275,0.5021833,0.502054,0.5019481,0.5018395,0.5449077,0.512062,0.5118507,0.5116649,0.5114326,0.5112044,0.5109907,
0.6244723,0.5444912,0.5119648,0.5117692,0.5115657,0.5448492,0.5119771,0.5117628,0.51155,0.5113369,0.5111507,0.5109597,0.5454937,0.5120381,0.5118207,0.5111227,0.5109139,0.1877394,0.6249412,0.5122089,0.5446473,0.5118036,0.5113978,0.5111801,0.5109823,0.510796,0.6244057,0.110281,0.4592587,0.3282159,
0.3279082,0.3277804,0.4593368,0.4594654,0.4595868,0.4597081,0.4598323,0.328563,0.108336,0.4590726,0.4593281,0.2321615,0.4593309,0.4595796,0.3285354,0.4589732,0.1879034,0.5015422,0.5448838,0.5110565,0.5106423,0.510494,0.51038,0.1877759,0.5019481,0.5020921,0.544863,0.5118131,0.5454825,0.06221876,
0.2214344,0.2215798,0.3190091,0.2325013,0.4589607,0.3286745,0.4592592,0.4593786,0.4595078,0.4596308,0.1879953,0.06248905,0.4589317,0.4591955,0.4594449,0.3285783,0.4592612,0.2324098,0.1082781,0.3191975,0.458697,0.4593383,0.4594659,0.09190176,0.4592035,0.4594577,0.2322952,0.3191322,0.2322288,0.4592223,
0.4593433,0.4595955,0.459843,0.4599593,0.460075,0.2322074,0.4593135,0.4594365,0.3285422,0.1433123,0.221978,0.3176147,0.2505524,0.4590678,0.3291947,0.1082878,0.2209247,0.2219724,0.4590399,0.2324447,0.4592306,0.09947742,0.4592396,0.3292201,0.3285557,0.458989,0.4592578,0.4593768,0.4595032,0.459625,
0.4597482,0.4598649,0.4599912,0.4601068,0.4602242,0.4603342,0.328578,0.4592516,0.4595045,0.4596247,0.4598701,0.09948667,0.2387106,0.4589728,0.3283306,0.4589992,0.2322939,0.3192893,0.4587113,0.4593494,0.3286707,0.3285491,0.4590002,0.4592653,0.4593899,0.4595119,0.1949709,0.4594467,0.09943511,0.2209708,
0.4592861,0.459405,0.4595348,0.4597802,0.1910487,0.6249914,0.51199,0.05831093,0.459235,0.4593573,0.4594807,0.4596029,0.4597294,0.4598508,0.3285877,0.4587449,0.4590043,0.4593841,0.4595148,0.4596401,0.4597607,0.4598789,0.4599981,0.09943244,0.4592872,0.3286583,0.4587228,0.4592431,0.1950858,0.4592792,
0.3286935,0.4593814,0.4595104,0.3292397,0.459002,0.4591366,0.3291821,0.4592792,0.4594002,0.4596522,0.3285968,0.4590142,0.3291866,0.4593965,0.4595251,0.4596448,0.4597683,0.4598842,0.4600019,0.4601205,0.4602332,0.4603492,0.4604597,0.3287829,0.4589948,0.459377,0.459624,0.3291951,0.4592843,0.459405,
0.4595317,0.4596551,0.3292524,0.4594032,0.4596463,0.459765,0.4598842,0.4600034,0.328761,0.4590023,0.4592623,0.4593869,0.3280579,0.4589768,0.459243,0.4593624,0.4594862,0.4596169,0.4597328,0.3292652,0.4589077,0.4592996,0.08685017,0.5019817,0.5021076,0.502215,0.5023372,0.5024043,0.5024592,0.5024441,
0.5023311,0.5022031,0.6246263,0.5115445,0.5113713,0.5112193,0.5110241,0.5108175,0.5106564,0.4457991,0.5013175,0.501523,0.5016964,0.5018533,0.06440745,0.4592752,0.4593941,0.3286908,0.4587343,0.4589918,0.4592566,0.459383,0.4596309,0.4597541,0.4598696,0.4599951,0.4601119,0.460229,0.4603423,0.4604553,
0.328652,0.458737,0.4589933,0.4592559,0.459378,0.4596303,0.4597519,0.2596922,0.4589506,0.459208,0.4593364,0.4595857,0.4597099,0.4598291,0.4599504,0.4600663,0.4601787,0.2178995,0.4594808,0.459608,0.4598512,0.4599726,0.4600844,0.4601988,0.4603105,0.09525496,0.4587761,0.4462014,0.5011429,0.5014206,
0.5018627,0.501977,0.5019873,0.5019231,0.5018326,0.1317207,0.4590692,0.4591993,0.459448,0.459573,0.4597002,0.4598154,0.2362977,0.4460251,0.5010563,0.5012966,0.5015224,0.5016975,0.501826,0.501898,0.5019053,0.5018377,0.05878248,0.4592045,0.1586038,0.4589603,0.4592211,0.4594695,0.4595921,0.4597203,
