0.02079588,0.01167465,0.01750617,0.02490829,0.04325488,0.01808235,0.011557,0.03447789,0.03610322,0.02256844,0.03879989,0.02493592,0.03638301,0.01173611,0.04810236,0.03447473,0.04893553,0.03222154,0.02649204,0.03515928,0.01194464,0.007131827,0.04161115,0.0236925,0.04869226,0.02481092,0.02910258,0.004080433,0.007473696,0.02504469,
0.011557,0.03447789,0.03610322,0.011557,0.01173611,0.02079588,0.02649204,0.01173611,0.007473696,0.02638212,0.01167465,0.011557,0.03187238,0.04893553,0.02079588,0.02649204,0.011557,0.02504469,0.01808235,0.02504469,0.004080433,0.004080433,0.02493592,0.004080433,0.01167465,0.02079588,0.011557,0.04869226,0.02079588,0.03447473,
0.011557,0.011557,0.011557,0.011557,0.02079588,0.007473696,0.02504469,0.03187238,0.01173611,0.01167465,0.04869226,0.02504469,0.011557,0.011557,0.011557,0.011557,0.03447789,0.011557,0.011557,0.011557,0.02079588,0.011557,0.04869226,0.011557,0.03447473,0.03447473,0.02079588,0.02079588,0.01167465,0.02649204,
0.011557,0.011557,0.011557,0.011557,0.011557,0.011557,0.04869226,0.02079588,0.011557,0.01167465,0.04869226,0.04869226,0.011557,0.02504469,0.02079588,0.04869226,0.04869226,0.011557,0.01173611,0.011557,0.01167465,0.011557,0.011557,0.03447789,0.01167465,0.04729053,0.011557,0.011557,0.011557,0.011557,
0.011557,0.011557,0.011557,0.011557,0.04869226,0.04729053,0.011557,0.04869226,0.04729053,0.04729053,0.011557,0.011557,0.011557,0.01167465,0.011557,0.02079588,0.011557,0.04869226,0.011557,0.01091223,0.01138249,0.011557,0.04869226,0.011557,0.03447789,0.011557,0.04869226,0.03447789,0.02504469,0.01173611,
0.011557,0.03447789,0.011557,0.011557,0.011557,0.04729053,0.011557,0.02504469,0.011557,0.011557,0.04869226,0.011557,0.04729053,0.01632641,0.01138249,0.04729053,0.03447789,0.04729053,0.04869226,0.011557,0.003358507,0.02079588,0.011557,0.04869226,0.02079588,0.01138249,0.04729053,0.04869226,0.04869226,0.011557,
0.03447789,0.011557,0.04729053,0.011557,0.01138249,0.03447789,0.04869226,0.01632641,0.02079588,0.011557,0.02079588,0.04729053,0.04729053,0.04869226,0.01138249,0.04869226,0.011557,0.04729053,0.04869226,0.011557,0.01138249,0.04869226,0.04729053,0.011557,0.02079588,0.011557,0.011557,0.03447789,0.03447789,0.011557,
0.011557,0.011557,0.011557,0.01632641,0.04729053,0.011557,0.04869226,0.01138249,0.04869226,0.04869226,0.04729053,0.01138249,0.04869226,0.04869226,0.01138249,0.04729053,0.03447789,0.011557,0.011557,0.011557,0.03447789,0.011557,0.04729053,0.01632641,0.04729053,0.03447789,0.01138249,0.04729053,0.01138249,0.03447789,
0.01138249,0.04869226,0.03447789,0.01632641,0.04729053,0.04729053,0.04729053,0.01138249,0.04729053,0.03447789,0.04869226,0.04869226,0.01632641,0.04869226,0.011557,0.04869226,0.04729053,0.011557,0.03447789,0.04729053,0.03333031,0.04869226,0.011557,0.01138249,0.011557,0.01138249,0.01138249,0.011557,0.011557,0.03447789,
0.01138249,0.04869226,0.04869226,0.01138249,0.04729053,0.011557,0.03447789,0.01632641,0.04869226,0.011557,0.04869226,0.03447789,0.01138249,0.03447789,0.04729053,0.01274786,0.03447789,0.011557,0.04869226,0.04729053,0.011557,0.011557,0.01138249,0.01138249,0.04729053,0.01632641,0.011557,0.011557,0.03447789,0.011557,
0.01632641,0.01138249,0.04729053,0.01138249,0.011557,0.011557,0.01138249,0.04729053,0.04729053,0.01138249,0.03447789,0.04729053,0.011557,0.011557,0.03447789,0.01274786,0.03185255,0.011557,0.04869226,0.03447789,0.03447789,0.03447789,0.011557,0.03447789,0.04729053,0.04729053,0.04869226,0.01274786,0.03447789,0.011557,
0.01138249,0.011557,0.04729053,0.03447789,0.01274786,0.04869226,0.03185255,0.011557,0.03447789,0.03447789,0.03185255,0.011557,0.03447789,0.04729053,0.03447789,0.011557,0.03447789,0.01274786,0.011557,0.04909167,0.011557,0.011557,0.03447789,0.011557,0.011557,0.01138249,0.03447789,0.011557,0.011557,0.01274786,
0.011557,0.03185255,0.008299673,0.01274786,0.01138249,0.04729053,0.03447789,0.011557,0.04909167,0.01274786,0.03447789,0.01274786,0.01138249,0.011557,0.01138249,0.011557,0.011557,0.04909167,0.011557,0.03447789,0.03447789,0.01138249,0.01138249,0.011557,0.03447789,0.011557,0.011557,0.011557,0.011557,0.03185255,
0.011557,0.01138249,0.03185255,0.03447789,0.03447789,0.03447789,0.01138249,0.011557,0.011557,0.011557,0.01144364,0.01274786,0.03185255,0.03447789,0.03447789,0.01138249,0.03447789,0.03447789,0.03447789,0.003605229,0.01274786,0.011557,0.04373486,0.01138249,0.01274786,0.011557,0.011557,0.01138249,0.011557,0.04909167,
0.03185255,0.01138249,0.03447789,0.03447789,0.01318516,0.04909167,0.01274786,0.011557,0.01138249,0.03447789,0.01138249,0.011557,0.01138249,0.011557,0.03447789,0.011557,0.01274786,0.04373486,0.03447789,0.011557,0.03447789,0.01274786,0.011557,0.01274786,0.01138249,0.011557,0.01274786,0.01138249,0.01144364,0.011557,
0.011557,0.01274786,0.011557,0.03768607,0.01138249,0.04909167,0.01274786,0.04909167,0.01144364,0.011557,0.011557,0.011557,0.011557,0.04373486,0.04909167,0.03447789,0.011557,0.011557,0.011557,0.03185255,0.01274786,0.03185255,0.011557,0.01138249,0.011557,0.011557,0.03185255,0.03447789,0.011557,0.011557,
0.03185255,0.011557,0.011557,0.01274786,0.01274786,0.03185255,0.011557,0.03185255,0.011557,0.011557,0.03185255,0.011557,0.03185255,0.01144364,0.03185255,0.011557,0.01274786,0.01274786,0.011557,0.011557,0.011557,0.011557,0.04909167,0.03185255,0.03185255,0.011557,0.04373486,0.01138249,0.01723623,0.011557,
0.03185255,0.01274786,0.01274786,0.03185255,0.011557,0.011557,0.001020902,0.011557,0.03185255,0.03185255,0.04373486,0.011557,0.03185255,0.03185255,0.011557,0.01274786,0.011557,0.03185255,0.01274786,0.011557,0.011557,0.04132237,0.011557,0.04909167,0.01274786,0.03185255,0.03185255,0.01274786,0.01274786,0.011557,
0.011557,0.011557,0.03185255,0.011557,0.011557,0.011557,0.004470944,0.011557,0.03185255,0.008889186,0.04909167,0.011557,0.011557,0.011557,0.03185255,0.011557,0.04373486,0.01274786,0.02715791,0.03185255,0.01274786,0.04132237,0.01274786,0.011557,0.01274786,0.01274786,0.03770847,0.03185255,0.03185255,0.04373486,
0.03185255,0.04373486,0.011557,0.03770847,0.04618432,0.011557,0.03185255,0.011557,0.011557,0.03185255,0.03770847,0.011557,0.03185255,0.011557,0.011557,0.01274786,0.02565385,0.04132237,0.04373486,0.03185255,0.03185255,0.03770847,0.04132237,0.04373486,0.02715791,0.03864456,0.03185255,0.02715791,0.01274786,0.011557,
0.011557,0.03185255,0.01274786,0.04373486,0.011557,0.011557,0.03770847,0.011557,0.011557,0.02715791,0.04402954,0.03770847,0.011557,0.011557,0.011557,0.011557,0.03770847,0.04618432,0.011557,0.03770847,0.03185255,0.011557,0.03185255,0.011557,0.03185255,0.02715791,0.04373486,0.03185255,0.02565385,0.03185255,
0.011557,0.03770847,0.03185255,0.011557,0.03185255,0.04402954,0.03770847,0.011557,0.011557,0.011557,0.01274786,0.011557,0.03770847,0.011557,0.03185255,0.04373486,0.011557,0.02715791,0.011557,0.011557,0.04373486,0.03770847,0.01274786,0.04373486,0.03185255,0.011557,0.04618432,0.03770847,0.011557,0.011557,
0.03770847,0.04618432,0.01274786,0.011557,0.011557,0.011557,0.04373486,0.04373486,0.04402954,0.011557,0.03770847,0.03770847,0.03770847,0.03185255,0.03770847,0.011557,0.011557,0.03770847,0.03770847,0.04373486,0.03770847,0.01274786,0.03770847,0.011557,0.03185255,0.03185255,0.02715791,0.011557,0.011557,0.011557,
0.03770847,0.011557,0.03969719,0.03770847,0.04618432,0.011557,0.04373486,0.03770847,0.011557,0.0416802,0.011557,0.04373486,0.03185255,0.03770847,0.04373486,0.011557,0.03770847,0.011557,0.011557,0.02715791,0.03185255,0.02368684,0.011557,0.011557,0.01274786,0.03185255,0.03770847,0.03770847,0.01274786,0.03185255,
0.03969719,0.03185255,0.03185255,0.011557,0.03185255,0.03770847,0.011557,0.03770847,0.011557,0.01274786,0.03185255,0.03770847,0.03770847,0.04618432,0.01274786,0.02368684,0.03770847,0.01274786,0.01274786,0.011557,0.04373486,0.03185255,0.03770847,0.011557,0.04373486,0.03185255,0.011557,0.04618432,0.011557,0.03770847,
0.03770847,0.011557,0.04618432,0.01274786,0.04618432,0.01274786,0.03969719,0.011557,0.04373486,0.03185255,0.01274786,0.03185255,0.03185255,0.04618432,0.01274786,0.011557,0.03770847,0.02368684,0.011557,0.0217623,0.03185255,0.011557,0.011557,0.03185255,0.03185255,0.011557,0.03185255,0.02368684,0.01274786,0.04373486,
0.03770847,0.011557,0.011557,0.01274786,0.02368684,0.02368684,0.01274786,0.011557,0.01274786,0.011557,0.03185255,0.011557,0.03770847,0.01274786,0.0217623,0.03770847,0.03969719,0.011557,0.03969719,0.03185255,0.03969719,0.04402916,0.01274786,0.03969719,0.011557,0.03185255,0.03185255,0.011557,0.04618432,0.03185255,
0.03969719,0.01274786,0.03770847,0.0217623,0.03185255,0.02368684,0.03185255,0.01274786,0.011557,0.0217623,0.03185255,0.01274786,0.03185255,0.03969719,0.02368684,0.03969719,0.011557,0.011557,0.03969719,0.03770847,0.01274786,0.03969719,0.03969719,0.0217623,0.03185255,0.011557,0.01274786,0.04402916,0.03185255,0.03770847,
0.0217623,0.03969719,0.03969719,0.03969719,0.03185255,0.011557,0.03185255,0.0217623,0.03770847,0.04402916,0.02368684,0.0217623,0.02368684,0.03969719,0.03670244,0.01274786,0.03969719,0.03969719,0.03770847,0.01274786,0.01410759,0.011557,0.02368684,0.011557,0.03969719,0.02368684,0.03969719,0.011557,0.03185255,0.03185255,
0.02368684,0.011557,0.04402916,0.0217623,0.03969719,0.02368684,0.0217623,0.0217623,0.02368684,0.02368684,0.0217623,0.03969719,0.011557,0.009281737,0.03185255,0.01274786,0.03185255,0.02368684,0.02368684,0.011557,0.0217623,0.03969719,0.011557,0.03969719,0.03969719,0.03185255,0.011557,0.02368684,0.0217623,0.02368684,
0.03969719,0.02368684,0.009281737,0.02368684,0.03969719,0.01274786,0.01274786,0.02368684,0.02368684,0.04402916,0.011557,0.02368684,0.02368684,0.0217623,0.03185255,0.011557,0.0217623,0.01274786,0.011557,0.011557,0.011557,0.02368684,0.03969719,0.03969719,0.02368684,0.009281737,0.03185255,0.02368684,0.0217623,0.04936968,
0.02368684,0.011557,0.02368684,0.02368684,0.02368684,0.0217623,0.03185255,0.011557,0.03969719,0.02368684,0.01274786,0.02641927,0.011557,0.02368684,0.02368684,0.01274786,0.01274786,0.03969719,0.01274786,0.02368684,0.02368684,0.03969719,0.011557,0.01274786,0.0179542,0.02368684,0.011557,0.0217623,0.02368684,0.02368684,
0.02368684,0.02368684,0.02368684,0.02641927,0.02368684,0.02368684,0.0217623,0.02368684,0.0217623,0.03969719,0.02368684,0.02368684,0.03290334,0.01274786,0.01274786,0.03969719,0.01274786,0.03185255,0.02368684,0.01274786,0.011557,0.02368684,0.02368684,0.011557,0.02368684,0.011557,0.02368684,0.011557,0.02368684,0.02368684,
0.01274786,0.01274786,0.02368684,0.011557,0.02368684,0.02368684,0.02368684,0.02368684,0.02368684,0.03969719,0.02368684,0.01274786,0.02368684,0.011557,0.02368684,0.02368684,0.02368684,0.02368684,0.02368684,0.02368684,0.02368684,0.01274786,0.02641927,0.02368684,0.011557,0.03185255,0.01274786,0.02368684,0.011557,0.011557,
0.011557,0.03185255,0.011557,0.02368684,0.01274786,0.011557,0.02368684,0.02368684,0.02368684,0.02368684,0.02368684,0.02368684,0.02368684,0.03185255,0.02368684,0.03969719,0.01274786,0.02368684,0.02368684,0.007035667,0.02368684,0.02368684,0.02368684,0.02368684,0.011557,0.011557,0.02368684,0.02368684,0.011557,0.011557,
0.011557,0.011557,0.009744525,0.01274786,0.02988226,0.02368684,0.02368684,0.02368684,0.02368684,0.003719205,0.011557,0.02368684,0.011557,0.011557,0.02368684,0.03185255,0.011557,0.02368684,0.02368684,0.03185255,0.01274786,0.011557,0.02368684,0.02368684,0.011557,0.03185255,0.03073827,0.02997028,0.02368684,0.02368684,
0.009744525,0.011557,0.011557,0.01274786,0.011557,0.003719205,0.02368684,0.011557,0.02368684,0.011557,0.02368684,0.02368684,0.011557,0.02368684,0.02368684,0.02368684,0.02368684,0.02997028,0.011557,0.02997028,0.011557,0.02988226,0.04614034,0.03185255,0.01030819,0.011557,0.01274786,0.01274786,0.011557,0.003719205,
0.02368684,0.003719205,0.02988226,0.02997028,0.01274786,0.02368684,0.011557,0.02997028,0.02368684,0.02368684,0.011557,0.003719205,0.02368684,0.01274786,0.009744525,0.011557,0.02988226,0.02997028,0.03185255,0.011557,0.02368684,0.02368684,0.011557,0.011557,0.011557,0.02988226,0.011557,0.011557,0.03940229,0.011557,
0.009744525,0.02368684,0.011557,0.03989848,0.011557,0.02368684,0.02988226,0.009744525,0.011557,0.02368684,0.003719205,0.02368684,0.0374472,0.02997028,0.011557,0.003719205,0.02368684,0.011557,0.03940229,0.02997028,0.02368684,0.011557,0.02988226,0.02368684,0.02368684,0.011557,0.02997028,0.011557,0.02368684,0.02997028,
0.009744525,0.02368684,0.011557,0.009744525,0.009744525,0.02368684,0.011557,0.011557,0.02368684,0.011557,0.003719205,0.011557,0.02997028,0.02368684,0.02368684,0.02988226,0.011557,0.003719205,0.02368684,0.02368684,0.02368684,0.02997028,0.02368684,0.009744525,0.011557,0.011557,0.02368684,0.011557,0.02368684,0.02988226,
0.009744525,0.009744525,0.003719205,0.011557,0.02368684,0.02368684,0.02368684,0.03921992,0.02997028,0.011557,0.011557,0.02368684,0.02997028,0.011557,0.02368684,0.011557,0.02368684,0.02988226,0.011557,0.009744525,0.02997028,0.009744525,0.011557,0.02997028,0.011557,0.02368684,0.009744525,0.02368684,0.003719205,0.011557,
0.03921992,0.02368684,0.02997028,0.02997028,0.011557,0.011557,0.009744525,0.02997028,0.011557,0.011557,0.02368684,0.011557,0.009744525,0.02368684,0.02997028,0.009744525,0.003719205,0.001428097,0.011557,0.02997028,0.011557,0.02997028,0.005822766,0.003719205,0.003719205,0.011557,0.02368684,0.011557,0.011557,0.02997028,
0.02368684,0.03921992,0.011557,0.02997028,0.02997028,0.02997028,0.001092899,0.011557,0.02368684,0.02368684,0.009744525,0.02997028,0.011557,0.011557,0.011557,0.04068815,0.011557,0.011557,0.003719205,0.003719205,0.011557,0.011557,0.02516468,0.02997028,0.02997028,0.01549309,0.009744525,0.003719205,0.02368684,0.03921992,
0.02516468,0.03921992,0.02997028,0.01478836,0.011557,0.04068815,0.011557,0.02516468,0.01549309,0.003719205,0.011557,0.011557,0.03921992,0.011557,0.02368684,0.011557,0.009744525,0.02368684,0.011557,0.003719205,0.011557,0.009744525,0.03921992,0.02368684,0.009744525,0.03921992,0.02516468,0.03921992,0.003719205,0.01549309,
0.03921992,0.011557,0.011557,0.003719205,0.011557,0.009744525,0.02516468,0.02368684,0.009744525,0.02516468,0.003719205,0.02368684,0.03514461,0.02516468,0.009744525,0.011557,0.02516468,0.02368684,0.011557,0.003719205,0.03921992,0.03921992,0.03921992,0.011557,0.003719205,0.011557,0.011557,0.01549309,0.02368684,0.003719205,
0.02368684,0.011557,0.03921992,0.009744525,0.011557,0.01549309,0.003719205,0.011557,0.011557,0.011557,0.03514461,0.011557,0.003719205,0.003719205,0.02368684,0.011557,0.011557,0.011557,0.02516468,0.02368684,0.009744525,0.011557,0.011557,0.02368684,0.02368684,0.003719205,0.03921992,0.003719205,0.02368684,0.02368684,
0.011557,0.011557,0.03921992,0.02368684,0.02368684,0.011557,0.011557,0.003719205,0.03514461,0.003719205,0.005467677,0.011557,0.02368684,0.03514461,0.02368684,0.011557,0.011557,0.011557,0.003719205,0.02368684,0.003719205,0.003719205,0.003719205,0.011557,0.03514461,0.003719205,0.03921992,0.03514461,0.011557,0.02368684,
0.003719205,0.011557,0.02368684,0.003719205,0.011557,0.03514461,0.011557,0.02368684,0.01802025,0.011557,0.011557,0.02368684,0.003719205,0.02368684,0.02368684,0.011557,0.011557,0.003719205,0.03514461,0.02366702,0.003719205,0.011557,0.011557,0.011557,0.003719205,0.02441126,0.011557,0.03514461,0.03514461,0.003719205,
0.011557,0.03514461,0.003719205,0.011557,0.011557,0.02368684,0.02441126,0.011557,0.003719205,0.011557,0.02366702,0.003719205,0.003719205,0.03514461,0.02368684,0.003719205,0.03514461,0.03514461,0.02366702,0.02368684,0.03514461,0.02368684,0.011557,0.03514461,0.003719205,0.011557,0.003719205,0.011557,0.003719205,0.02368684,
0.011557,0.003719205,0.02368684,0.011557,0.002269506,0.003719205,0.003719205,0.011557,0.02368684,0.003719205,0.03514461,0.02802439,0.011557,0.003719205,0.011557,0.03514461,0.011557,0.02368684,0.03172396,0.003719205,0.03514461,0.02368684,0.03514461,0.003719205,0.003719205,0.003719205,0.02366702,0.011557,0.003719205,0.02368684,
0.011557,0.003719205,0.011557,0.02368684,0.003719205,0.003719205,0.011557,0.02368684,0.011557,0.02802439,0.003719205,0.02368684,0.003719205,0.003719205,0.011557,0.002269506,0.02802439,0.02802439,0.011557,0.02802439,0.003719205,0.003719205,0.03172396,0.02368684,0.003719205,0.003719205,0.02368684,0.01178063,0.011557,0.003719205,
0.002269506,0.011557,0.003719205,0.02368684,0.003719205,0.02368684,0.02802439,0.003719205,0.003719205,0.011557,0.003719205,0.003719205,0.02368684,0.02802439,0.02368684,0.003719205,0.03172396,0.003719205,0.03043439,0.02802439,0.02802439,0.011557,0.03172396,0.02368684,0.02802439,0.02802439,0.02368684,0.02802439,0.04057896,0.011557,
0.003719205,0.02368684,0.011557,0.02802439,0.011557,0.011557,0.02368684,0.02802439,0.02368684,0.003719205,0.001320642,0.002269506,0.011557,0.011557,0.011557,0.02802439,0.003719205,0.011557,0.003719205,0.03043439,0.02802439,0.003719205,0.02802439,0.011557,0.04057896,0.03172396,0.003719205,0.02802439,0.003719205,0.02802439,
0.003719205,0.003719205,0.02802439,0.011557,0.003719205,0.02802439,0.02802439,0.02802439,0.011557,0.02802439,0.02368684,0.011557,0.011557,0.011557,0.02802439,0.011557,0.011557,0.03172396,0.003719205,0.04057896,0.04057896,0.02802439,0.003719205,0.02802439,0.003719205,0.003719205,0.02368684,0.02802439,0.003719205,0.002269506,
0.003719205,0.02802439,0.003719205,0.02368684,0.02802439,0.011557,0.02802439,0.02368684,0.04057896,0.02802439,0.04057896,0.003719205,0.02368684,0.003719205,0.011557,0.011557,0.011557,0.011557,0.02368684,0.04057896,0.04057896,0.04057896,0.003719205,0.036457,0.011557,0.011557,0.011557,0.003719205,0.04057896,0.003719205,
0.02802439,0.04057896,0.02802439,0.02368684,0.04057896,0.011557,0.01102878,0.003719205,0.011557,0.011557,0.02887392,0.011557,0.04057896,0.011557,0.003719205,0.04057896,0.003719205,0.04057896,0.04057896,0.02802439,0.003719205,0.011557,0.04057896,0.011557,0.011557,0.04057896,0.011557,0.011557,0.003719205,0.02802439,
0.02802439,0.04057896,0.011557,0.04057896,0.02802439,0.04057896,0.04057896,0.04057896,0.01500862,0.04057896,0.01102878,0.04057896,0.04057896,0.02802439,0.011557,0.02802439,0.04057896,0.003719205,0.003719205,0.02802439,0.011557,0.04057896,0.04057896,0.011557,0.003719205,0.011557,0.011557,0.011557,0.02802439,0.011557,
0.011557,0.01500862,0.04057896,0.04057896,0.011557,0.01500862,0.01500862,0.02802439,0.02802439,0.04057896,0.02802439,0.003719205,0.04057896,0.02802439,0.04057896,0.04057896,0.01387097,0.01102878,0.04057896,0.02802439,0.04057896,0.01102878,0.04057896,0.04057896,0.02802439,0.02802439,0.02802439,0.02802439,0.011557,0.011557,
0.011557,0.011557,0.04129058,0.02802439,0.04057896,0.02802439,0.04057896,0.003719205,0.04057896,0.02802439,0.01102878,0.01500862,0.04057896,0.02886127,0.04057896,0.04057896,0.011557,0.02802439,0.02802439,0.04057896,0.011557,0.011557,0.011557,0.04057896,0.01102878,0.04057896,0.04057896,0.011557,0.011557,0.01500862,
0.011557,0.04129058,0.04057896,0.04129058,0.02886127,0.04057896,0.04057896,0.02802439,0.011557,0.011557,0.04057896,0.011557,0.011557,0.04057896,0.011557,0.0221358,0.011557,0.011557,0.011557,0.011557,0.02802439,0.011557,0.011557,0.02802439,0.04057896,0.01500862,0.011557,0.011557,0.04057896,0.04057896,
0.02802439,0.011557,0.04057896,0.02802439,0.011557,0.011557,0.011557,0.02802439,0.011557,0.011557,0.04057896,0.01500862,0.01500862,0.02802439,0.011557,0.04057896,0.011557,0.011557,0.02802439,0.011557,0.04057896,0.011557,0.011557,0.04057896,0.011557,0.0059129,0.011557,0.011557,0.04129058,0.011557,
0.01500862,0.011557,0.04057896,0.04129058,0.011557,0.02802439,0.011557,0.011557,0.011557,0.011557,0.011557,0.04057896,0.011557,0.011557,0.011557,0.011557,0.04028728,0.011557,0.02718383,0.04129058,0.011557,0.0059129,0.011557,0.011557,0.01500862,0.02802439,0.04737733,0.011557,0.011557,0.011557,
0.011557,0.011557,0.011557,0.01984461,0.011557,0.011557,0.011557,0.011557,0.04028728,0.011557,0.011557,0.011557,0.02802439,0.011557,0.011557,0.011557,0.01500862,0.011557,0.03588713,0.0059129,0.011557,0.04057896,0.02718383,0.011557,0.011557,0.011557,0.011557,0.0059129,0.011557,0.04129058,
0.011557,0.011557,0.011557,0.0059129,0.02802439,0.0059129,0.011557,0.011557,0.011557,0.03588713,0.0059129,0.02718383,0.011557,0.011557,0.011557,0.01500862,0.011557,0.011557,0.011557,0.011557,0.02718383,0.011557,0.03588713,0.04129058,0.011557,0.011557,0.0059129,0.04028728,0.01984461,0.011557,
0.03588713,0.011557,0.02718383,0.011557,0.01500862,0.011557,0.011557,0.0059129,0.02802439,0.011557,0.03588713,0.03588713,0.011557,0.011557,0.011557,0.011557,0.011557,0.04209291,0.03588713,0.011557,0.03588713,0.011557,0.0059129,0.0059129,0.011557,0.011557,0.011557,0.011557,0.01500862,0.011557,
0.03588713,0.03588713,0.011557,0.02802439,0.01500862,0.04209291,0.011557,0.04209291,0.011557,0.03588713,0.011557,0.0059129,0.011557,0.011557,0.03588713,0.011557,0.011557,0.011557,0.011557,0.0299623,0.011557,0.01500862,0.011557,0.011557,0.011557,0.01500862,0.011557,0.011557,0.03588713,0.011557,
0.011557,0.011557,0.011557,0.011557,0.011557,0.01500862,0.011557,0.011557,0.04209291,0.011557,0.011557,0.011557,0.03588713,0.011557,0.01500862,0.011557,0.011557,0.0162611,0.011557,0.011557,0.03588713,0.011557,0.01500862,0.03588713,0.03588713,0.011557,0.01500862,0.03588713,0.006604618,0.03588713,
0.011557,0.01500862,0.01500862,0.011557,0.011557,0.04209291,0.011557,0.02126645,0.03588713,0.011557,0.03588713,0.0162611,0.03588713,0.011557,0.03588713,0.011557,0.011557,0.004234016,0.03588713,0.006604618,0.011557,0.011557,0.011557,0.011557,0.04209291,0.02368533,0.04209291,0.011557,0.011557,0.011557,
0.011557,0.011557,0.011557,0.02368533,0.02368533,0.03588713,0.02368533,0.011557,0.011557,0.0162611,0.02126645,0.004234016,0.01500862,0.02126645,0.011557,0.011557,0.011557,0.011557,0.011557,0.04209291,0.011557,0.03588713,0.011557,0.011557,0.01500862,0.011557,0.03588713,0.006604618,0.011557,0.011557,
0.02126645,0.02126645,0.02126645,0.0207034,0.0162611,0.011557,0.01500862,0.011557,0.011557,0.011557,0.004234016,0.01500862,0.011557,0.011557,0.02126645,0.011557,0.0162611,0.03588713,0.011557,0.011557,0.011557,0.011557,0.011557,0.011557,0.006604618,0.03272514,0.01500862,0.011557,0.011557,0.03588713,
0.011557,0.03588713,0.01500862,0.01500862,0.011557,0.011557,0.011557,0.03272514,0.011557,0.0162611,0.006604618,0.011557,0.011557,0.011557,0.011557,0.006604618,0.02126645,0.02126645,0.011557,0.011557,0.011557,0.0162611,0.0207034,0.011557,0.011557,0.0162611,0.011557,0.011557,0.0162611,0.006604618,
0.011557,0.011557,0.0162611,0.03588713,0.0207034,0.02463762,0.011557,0.02126645,0.006604618,0.0008246839,0.011557,0.011557,0.01500862,0.011557,0.011557,0.011557,0.011557,0.011557,0.011557,0.0162611,0.006604618,0.0162611,0.011557,0.0207034,0.01500862,0.006604618,0.011557,0.011557,0.0207034,0.01500862,
0.011557,0.011557,0.0207034,0.011557,0.011557,0.01500862,0.0008246839,0.011557,0.011557,0.0207034,0.011557,0.011557,0.0162611,0.02463762,0.03588713,0.01500862,0.02463762,0.0162611,0.011557,0.011557,0.011557,0.011557,0.011557,0.011557,0.0008246839,0.03524749,0.03588713,0.02463762,0.0187053,0.011557,
0.0187053,0.011557,0.011557,0.02463762,0.03588713,0.03524749,0.011557,0.011557,0.0187053,0.011557,0.03588713,0.011557,0.011557,0.03588713,0.0008246839,0.011557,0.0162611,0.03588713,0.0008246839,0.011557,0.02463762,0.011557,0.03588713,0.0008246839,0.011557,0.01500862,0.03524749,0.011557,0.0162611,0.009362096,
0.0187053,0.011557,0.03524749,0.03588713,0.03588713,0.011557,0.03524749,0.011557,0.011557,0.03524749,0.02463762,0.0187053,0.03588713,0.03524749,0.0162611,0.011557,0.011557,0.0187053,0.0008246839,0.03524749,0.03524749,0.011557,0.011557,0.0008246839,0.011557,0.03524749,0.011557,0.0187053,0.0187053,0.03588713,
0.011557,0.0187053,0.0162611,0.0187053,0.0008246839,0.0187053,0.03524749,0.0187053,0.011557,0.02463762,0.011557,0.011557,0.011557,0.03524749,0.0008246839,0.011557,0.03588713,0.03588713,0.0187053,0.0187053,0.0008246839,0.01402218,0.03524749,0.011557,0.03524749,0.03588713,0.03524749,0.0187053,0.03524749,0.03524749,
0.03588713,0.0187053,0.011557,0.03524749,0.0187053,0.008497411,0.0187053,0.0187053,0.03524749,0.03524749,0.0187053,0.011557,0.011557,0.0162611,0.01072817,0.0187053,0.011557,0.03524749,0.0187053,0.03588713,0.01155586,0.011557,0.03588713,0.03588713,0.01402218,0.0187053,0.03588713,0.0162611,0.0187053,0.03588713,
0.03588713,0.0187053,0.01402218,0.0162611,0.011557,0.011557,0.0187053,0.03588713,0.03588713,0.011557,0.03588713,0.03588713,0.03588713,0.0187053,0.03524749,0.01402218,0.03524749,0.0187053,0.03524749,0.0187053,0.03588713,0.0187053,0.011557,0.03524749,0.01072817,0.03588713,0.03588713,0.011557,0.03588713,0.03588713,
0.03524749,0.011557,0.03524749,0.03588713,0.03524749,0.03588713,0.03588713,0.03524749,0.01402218,0.011557,0.03524749,0.0322776,0.011557,0.011557,0.0187053,0.03524749,0.03588713,0.03588713,0.03588713,0.0187053,0.03524749,0.011557,0.03588713,0.0187053,0.03588713,0.03588713,0.0187053,0.03588713,0.0162611,0.03588713,
0.03524749,0.03524749,0.03588713,0.03588713,0.011557,0.03524749,0.0322776,0.011557,0.03524749,0.03588713,0.03588713,0.011557,0.011557,0.03588713,0.002423787,0.03588713,0.03588713,0.0187053,0.0187053,0.03588713,0.0187053,0.03524749,0.011557,0.011557,0.03524749,0.0187053,0.03588713,0.011557,0.03588713,0.011557,
0.03524749,0.03588713,0.03524749,0.03524749,0.0395728,0.03588713,0.03524749,0.03524749,0.011557,0.03588713,0.03588713,0.03588713,0.011557,0.0187053,0.03588713,0.03588713,0.03588713,0.011557,0.011557,0.03588713,0.03588713,0.03588713,0.03588713,0.011557,0.0187053,0.03588713,0.011557,0.011557,0.03588713,0.03524749,
0.03588713,0.011557,0.03588713,0.0187053,0.03588713,0.011557,0.03588713,0.03588713,0.0395728,0.03524749,0.03524749,0.03588713,0.03588713,0.03588713,0.03588713,0.03588713,0.03588713,0.0395728,0.011557,0.03588713,0.03588713,0.03588713,0.03588713,0.0003178656,0.03588713,0.03588713,0.011557,0.011557,0.03524749,0.03524749,
0.03524749,0.03524749,0.03588713,0.03588713,0.03524749,0.011557,0.03588713,0.0395728,0.0006231726,0.0395728,0.0395728,0.03588713,0.011557,0.03588713,0.03588713,0.03588713,0.03588713,0.03588713,0.03588713,0.03588713,0.0395728,0.03588713,0.011557,0.03588713,0.03588713,0.03588713,0.011557,0.0003178656,0.011557,0.02257282,
0.03588713,0.03588713,0.011557,0.011557,0.03524749,0.03588713,0.0395728,0.011557,0.03588713,0.011557,0.03588713,0.03588713,0.011557,0.03588713,0.03588713,0.011557,0.03588713,0.011557,0.03588713,0.03588713,0.03588713,0.03588713,0.0395728,0.00378347,0.03588713,0.03588713,0.03588713,0.03588713,0.03588713,0.02257282,
0.03588713,0.03588713,0.03588713,0.03627093,0.03588713,0.0395728,0.03588713,0.03588713,0.03588713,0.011557,0.011557,0.011557,0.03524749,0.00378347,0.03588713,0.011557,0.011557,0.0395728,0.03588713,0.03588713,0.03588713,0.03588713,0.03588713,0.011557,0.011557,0.03588713,0.011557,0.011557,0.03588713,0.03588713,
0.03588713,0.011557,0.03588713,0.02437021,0.03588713,0.03588713,0.011557,0.03588713,0.00378347,0.011557,0.03588713,0.03627093,0.005866742,0.03588713,0.03588713,0.03588713,0.03627093,0.03588713,0.0395728,0.03627093,0.011557,0.03627093,0.03588713,0.0395728,0.03588713,0.02570182,0.03588713,0.011557,0.03588713,0.03588713,
0.005866742,0.03588713,0.03588713,0.03588713,0.005866742,0.03588713,0.03627093,0.02637962,0.011557,0.03588713,0.011557,0.03588713,0.03588713,0.03588713,0.03588713,0.03588713,0.03588713,0.00258404,0.03588713,0.03627093,0.03588713,0.03627093,0.009874803,0.03588713,0.011557,0.03627093,0.03588713,0.0395728,0.03588713,0.03588713,
0.03588713,0.011557,0.03588713,0.03588713,0.00258404,0.011557,0.01796885,0.03588713,0.03588713,0.03588713,0.02637962,0.00258404,0.03588713,0.03588713,0.011557,0.03588713,0.011557,0.03588713,0.005866742,0.011557,0.011557,0.011557,0.03588713,0.011557,0.03588713,0.009874803,0.03588713,0.03588713,0.005866742,0.011557,
0.03588713,0.011557,0.011557,0.011557,0.011557,0.009874803,0.03588713,0.011557,0.02637962,0.03588713,0.03588713,0.03588713,0.03588713,0.03588713,0.011557,0.03588713,0.011557,0.011557,0.03588713,0.011557,0.011557,0.03588713,0.02637962,0.03588713,0.03588713,0.02637962,0.011557,0.011557,0.011557,0.005866742,
0.03588713,0.02637962,0.03588713,0.02637962,0.03588713,0.03588713,0.03588713,0.011557,0.011557,0.011557,0.011557,0.03588713,0.03588713,0.03588713,0.03588713,0.03588713,0.011557,0.011557,0.011557,0.03588713,0.03588713,0.03588713,0.03588713,0.02637962,0.03588713,0.011557,0.03588713,0.011557,0.011557,0.02637962,
0.011557,0.03588713,0.03588713,0.02637962,0.03588713,0.03588713,0.011557,0.03588713,0.03588713,0.03588713,0.03588713,0.03588713,0.011557,0.03588713,0.011557,0.03588713,0.03588713,0.03588713,0.02637962,0.03588713,0.02637962,0.011557,0.011557,0.03588713,0.011557,0.03588713,0.011557,0.03588713,0.011557,0.011557,
0.011557,0.011557,0.011557,0.011557,0.03588713,0.02637962,0.011557,0.03588713,0.011557,0.03588713,0.03588713,0.03588713,0.03588713,0.02637962,0.03588713,0.03588713,0.03588713,0.011557,0.02637962,0.03588713,0.03588713,0.03588713,0.03588713,0.03588713,0.03588713,0.03588713,0.011557,0.02637962,0.03588713,0.011557,
0.011557,0.011557,0.04754633,0.03588713,0.02637962,0.011557,0.011557,0.03588713,0.03588713,0.011557,0.03588713,0.011557,0.011557,0.03588713,0.03588713,0.03588713,0.03588713,0.011557,0.03588713,0.02637962,0.03588713,0.02909612,0.011557,0.03588713,0.03588713,0.011557,0.03588713,0.02637962,0.03588713,0.03588713,
0.011557,0.011557,0.02482571,0.03588713,0.011557,0.03588713,0.03588713,0.03588713,0.011557,0.03588713,0.03588713,0.011557,0.011557,0.03588713,0.03588713,0.03588713,0.03588713,0.04838797,0.03588713,0.011557,0.03588713,0.03588713,0.03588713,0.03588713,0.011557,0.011557,0.011557,0.011557,0.011557,0.011557,
0.011557,0.011557,0.011557,0.03588713,0.03588713,0.03588713,0.03588713,0.04838797,0.011557,0.03588713,0.03588713,0.011557,0.011557,0.03588713,0.011557,0.011557,0.011557,0.03588713,0.011557,0.011557,0.04838797,0.03588713,0.011557,0.011557,0.011557,0.011557,0.011557,0.011557,0.03588713,0.03588713,
0.03588713,0.03588713,0.011557,0.011557,0.0320708,0.011557,0.011557,0.03588713,0.03588713,0.04838797,0.011557,0.011557,0.011557,0.011557,0.011557,0.011557,0.04838797,0.011557,0.03588713,0.011557,0.03588713,0.011557,0.04838797,0.011557,0.03588713,0.011557,0.011557,0.011557,0.03588713,0.03588713,
0.03588713,0.011557,0.03588713,0.011557,0.011557,0.011557,0.04838797,0.002118892,0.011557,0.011557,0.011557,0.011557,0.011557,0.011557,0.011557,0.03837034,0.03588713,0.03588713,0.011557,0.011557,0.011557,0.03588713,0.04637691,0.0320708,0.03588713,0.011557,0.004003519,0.03588713,0.011557,0.02271348,
0.011557,0.03588713,0.011557,0.011557,0.0320708,0.004003519,0.011557,0.03588713,0.011557,0.011557,0.02271348,0.03588713,0.03837034,0.03588713,0.011557,0.005757916,0.04637691,0.011557,0.011557,0.011557,0.011557,0.011557,0.04849715,0.02271348,0.011557,0.011557,0.03837034,0.03837034,0.011557,0.011557,
0.03588713,0.03837034,0.04637691,0.02271348,0.03588713,0.03588713,0.0320708,0.03837034,0.0320708,0.03837034,0.011557,0.005757916,0.03837034,0.03588713,0.04637691,0.04637691,0.03588713,0.005757916,0.011557,0.03588713,0.011557,0.03837034,0.011557,0.011557,0.011557,0.004003519,0.005757916,0.02271348,0.03588713,0.03837034,
0.03588713,0.02271348,0.007809192,0.03837034,0.011557,0.02271348,0.011557,0.04637691,0.04637691,0.03588713,0.005034882,0.03098635,0.03837034,0.011557,0.03837034,0.03837034,0.011557,0.03588713,0.03837034,0.03588713,0.0320708,0.011557,0.03588713,0.0320708,0.03837034,0.011557,0.011557,0.03588713,0.011557,0.011557,
0.011557,0.03588713,0.04138428,0.03837034,0.0320708,0.03588713,0.03588713,0.03588713,0.007809192,0.005372167,0.011557,0.011557,0.02271348,0.011557,0.011557,0.03837034,0.007809192,0.011557,0.011557,0.011557,0.03588713,0.0320708,0.011557,0.0320708,0.03588713,0.03588713,0.03588713,0.04637691,0.005034882,0.0438924,
0.011557,0.0320708,0.011557,0.0320708,0.03588713,0.0438924,0.011557,0.03588713,0.03837034,0.005372167,0.03588713,0.005372167,0.0320708,0.007809192,0.011557,0.007809192,0.011557,0.03588713,0.006264752,0.0320708,0.03588713,0.03837034,0.011557,0.011557,0.0306543,0.03588713,0.03588713,0.011557,0.007809192,0.007809192,
0.007809192,0.011557,0.007809192,0.02118385,0.011557,0.0320708,0.005372167,0.011557,0.0306543,0.011557,0.007809192,0.005372167,0.011557,0.03588713,0.0320708,0.007809192,0.03588713,0.03837034,0.005372167,0.03588713,0.0306543,0.0320708,0.007809192,0.03588713,0.03588713,0.005372167,0.005372167,0.011557,0.03837034,0.011557,
0.007809192,0.011557,0.011557,0.007809192,0.03837034,0.0306543,0.005372167,0.02118385,0.007809192,0.03525922,0.011557,0.005372167,0.03837034,0.03588713,0.011557,0.011557,0.005372167,0.005372167,0.011557,0.011557,0.0320708,0.03588713,0.007809192,0.0320708,0.005372167,0.01487288,0.005372167,0.03588713,0.005372167,0.03837034,
0.011557,0.011557,0.005372167,0.03588713,0.02673352,0.011557,0.03837034,0.03588713,0.01487288,0.011557,0.01487288,0.005372167,0.03588713,0.007809192,0.0320708,0.011557,0.03061806,0.011557,0.005372167,0.011557,0.009560215,0.01487288,0.007809192,0.03525922,0.005372167,0.01487288,0.005372167,0.005372167,0.02118385,0.0306543,
0.0320708,0.011557,0.011557,0.0306543,0.01487288,0.005372167,0.03837034,0.01487288,0.005372167,0.01487288,0.03061806,0.03061806,0.02118385,0.0320708,0.011557,0.03588713,0.03061806,0.04876194,0.02118385,0.005372167,0.009560215,0.01532569,0.02171116,0.011557,0.03588713,0.011557,0.005372167,0.0306543,0.01487288,0.03588713,
0.03588713,0.02171116,0.03588713,0.03752827,0.02907311,0.02118385,0.005372167,0.02171116,0.02118385,0.0320708,0.01487288,0.02992759,0.01487288,0.01487288,0.005372167,0.0306543,0.005372167,0.0320708,0.03061806,0.011557,0.009560215,0.03061806,0.03588713,0.005372167,0.02118385,0.005372167,0.005372167,0.03588713,0.04876194,0.01487288,
0.009560215,0.005372167,0.04439608,0.01487288,0.03588713,0.02992759,0.005372167,0.005372167,0.02118385,0.02171116,0.005372167,0.005372167,0.03752827,0.02992759,0.009560215,0.02171116,0.005372167,0.03588713,0.03061806,0.005372167,0.0306543,0.005372167,0.009560215,0.005372167,0.005372167,0.03588713,0.011557,0.02907311,0.03061806,0.02171116,
0.02992759,0.009560215,0.005372167,0.005372167,0.02171116,0.03588713,0.03588713,0.005372167,0.03588713,0.02907311,0.005372167,0.005372167,0.03588713,0.03325876,0.04439608,0.02907311,0.005372167,0.02118385,0.02171116,0.02171116,0.04439608,0.009560215,0.02907311,0.0306543,0.011557,0.03752827,0.03588713,0.01487288,0.03752827,0.03133671,
0.02171116,0.04439608,0.005372167,0.04193587,0.005372167,0.02118385,0.005372167,0.02907311,0.02907311,0.02171116,0.03588713,0.03133671,0.02907311,0.02118385,0.02171116,0.02907311,0.005372167,0.03588713,0.009179807,0.02907311,0.03325876,0.005372167,0.03588713,0.009560215,0.03588713,0.009560215,0.03133671,0.03588713,0.03588713,0.02171116,
0.005372167,0.03588713,0.03588713,0.02907311,0.02171116,0.02171116,0.02554815,0.02171116,0.005372167,0.02171116,0.02171116,0.02118385,0.02171116,0.03588713,0.009560215,0.04193587,0.03588713,0.02907311,0.04193587,0.02907311,0.03588713,0.02171116,0.02907311,0.03588713,0.03325876,0.005372167,0.03268663,0.009560215,0.03588713,0.009179807,
0.02171116,0.02554815,0.02907311,0.04193587,0.009179807,0.02907311,0.04193587,0.005372167,0.02554815,0.005372167,0.02907311,0.005372167,0.009560215,0.02716273,0.04193587,0.005372167,0.005372167,0.03588713,0.03588713,0.02907311,0.005372167,0.03588713,0.02907311,0.005372167,0.005372167,0.02110199,0.02171116,0.02118385,0.02907311,0.03588713,
0.02171116,0.02554815,0.02907311,0.02171116,0.02907311,0.02907311,0.005372167,0.03588713,0.03588713,0.005372167,0.02716273,0.02118385,0.01975808,0.02907311,0.005372167,0.02110199,0.009560215,0.02110199,0.02907311,0.03588713,0.009179807,0.04193587,0.02050595,0.009179807,0.005372167,0.02110199,0.02907311,0.02907311,0.005372167,0.03248546,
0.02171116,0.02716273,0.02907311,0.02171116,0.04193587,0.02907311,0.02171116,0.01975808,0.005372167,0.008669502,0.02716273,0.02907311,0.02907311,0.04193587,0.02907311,0.02907311,0.005372167,0.01975808,0.03588713,0.02907311,0.02907311,0.02118385,0.02907311,0.02554815,0.02907311,0.02050595,0.02716273,0.02554815,0.009179807,0.005372167,
0.005372167,0.02907311,0.04193587,0.02907311,0.02907311,0.01975808,0.03588713,0.005372167,0.02907311,0.02907311,0.04193587,0.02907311,0.02171116,0.02050595,0.02907311,0.02716273,0.02171116,0.02171116,0.04193587,0.02171116,0.02907311,0.02907311,0.005372167,0.02907311,0.02907311,0.02171116,0.02716273,0.02118385,0.02907311,0.01975808,
0.02907311,0.04193587,0.02171116,0.02907311,0.01975808,0.02716273,0.02907311,0.02716273,0.02171116,0.007271433,0.02907311,0.005372167,0.02907311,0.04193587,0.02171116,0.04193587,0.005372167,0.02907311,0.02907311,0.04193587,0.02907311,0.03588713,0.005372167,0.005372167,0.02907311,0.02907311,0.02907311,0.02716273,0.02716273,0.02171116,
0.02171116,0.007271433,0.02227648,0.02907311,0.02907311,0.04193587,0.02716273,0.007271433,0.02907311,0.02907311,0.02171116,0.02907311,0.02907311,0.02907311,0.04193587,0.02716273,0.01031271,0.005372167,0.02907311,0.02907311,0.005372167,0.02171116,0.0351984,0.02171116,0.02907311,0.02907311,0.04193587,0.02907311,0.007271433,0.02907311,
0.02716273,0.007271433,0.02907311,0.007271433,0.04193587,0.02907311,0.02907311,0.01031271,0.02227648,0.007271433,0.02171116,0.02907311,0.02907311,0.02907311,0.02171116,0.02716273,0.01031271,0.02907311,0.02907311,0.02171116,0.005437285,0.02907311,0.01031271,0.005372167,0.02907311,0.02171116,0.02171116,0.02907311,0.02907311,0.02171116,
0.02907311,0.02907311,0.02171116,0.007271433,0.02907311,0.01031271,0.02907311,0.02907311,0.01062707,0.01031271,0.02716273,0.02907311,0.02752882,0.01031271,0.02171116,0.02171116,0.04193587,0.01031271,0.002636743,0.02907311,0.02907311,0.02907311,0.005372167,0.02171116,0.02907311,0.002908748,0.02716273,0.02907311,0.02171116,0.02227648,
0.02716273,0.02907311,0.02907311,0.002636743,0.02907311,0.01031271,0.02907311,0.002636743,0.02907311,0.02907311,0.02171116,0.02171116,0.02752882,0.02907311,0.02907311,0.002908748,0.01062707,0.02171116,0.02907311,0.02171116,0.02907311,0.02171116,0.04193587,0.02907311,0.02907311,0.02752882,0.02907311,0.01031271,0.02227648,0.01031271,
0.02171116,0.04193587,0.03078047,0.01031271,0.02907311,0.02907311,0.02907311,0.02171116,0.01062707,0.02907311,0.02907311,0.02907311,0.02752882,0.02171116,0.02365366,0.02907311,0.01031271,0.02907311,0.02907311,0.02907311,0.02907311,0.01062707,0.002636743,0.02171116,0.02907311,0.02907311,0.002636743,0.02171116,0.02171116,0.02907311,
0.03078047,0.02171116,0.01062707,0.003057039,0.02907311,0.01062707,0.02907311,0.02907311,0.01031271,0.02907311,0.02171116,0.04193587,0.02171116,0.02907311,0.02907311,0.02907311,0.01031271,0.02907311,0.02907311,0.01062707,0.002636743,0.02907311,0.02171116,0.04157882,0.02171116,0.002636743,0.02907311,0.02907311,0.02365366,0.01031271,
0.02171116,0.03078047,0.02365366,0.04157882,0.01031271,0.02907311,0.02907311,0.04157882,0.04157882,0.02171116,0.02907311,0.02171116,0.02907311,0.01031271,0.02365366,0.01031271,0.02907311,0.02171116,0.01062707,0.02171116,0.03078047,0.02907311,0.04157882,0.02907311,0.02171116,0.04157882,0.02171116,0.02907311,0.02171116,0.02907311,
0.02907311,0.02171116,0.02171116,0.01031271,0.02171116,0.02907311,0.04157882,0.02365366,0.02907311,0.02907311,0.02907311,0.04157882,0.04090803,0.02907311,0.03078047,0.02907311,0.02907311,0.01031271,0.01031271,0.02171116,0.01031271,0.02171116,0.02907311,0.02907311,0.02907311,0.01031271,0.02907311,0.04157882,0.02171116,0.02171116,
0.02907311,0.02907311,0.02907311,0.04157882,0.01031271,0.02907311,0.02171116,0.02907311,0.01031271,0.04157882,0.01031271,0.02171116,0.01031271,0.01031271,0.04157882,0.02907311,0.02907311,0.02907311,0.02907311,0.02907311,0.02907311,0.02907311,0.04157882,0.03008775,0.01031271,0.02907311,0.02907311,0.02171116,0.04157882,0.04090803,
0.02907311,0.02907311,0.02907311,0.02907311,0.02907311,0.01031271,0.04440677,0.02907311,0.01031271,0.02907311,0.02761633,0.02907311,0.01031271,0.02907311,0.02907311,0.02907311,0.02907311,0.02171116,0.02907311,0.02907311,0.01310377,0.04157882,0.04157882,0.04157882,0.02907311,0.02907311,0.02907311,0.01031271,0.01031271,0.02907311,
0.02907311,0.01031271,0.04157882,0.04440677,0.02907311,0.02907311,0.01310377,0.02907311,0.02907311,0.04157882,0.02761633,0.04157882,0.03184446,0.04440677,0.03700125,0.02907311,0.02907311,0.02907311,0.01031271,0.02907311,0.02907311,0.02907311,0.02907311,0.02907311,0.02907311,0.02907311,0.02907311,0.02907311,0.02907311,0.02171116,
0.02907311,0.02907311,0.04157882,0.02907311,0.02907311,0.01031271,0.02907311,0.02907311,0.004466093,0.02907311,0.02907311,0.02761633,0.01310377,0.02907311,0.04307356,0.02907311,0.04817779,0.02907311,0.03184446,0.03184446,0.02907311,0.02907311,0.02907311,0.02907311,0.02907311,0.02907311,0.02761633,0.02907311,0.02907311,0.03862559,
0.02907311,0.03862559,0.02907311,0.02907311,0.008899271,0.02907311,0.03862559,0.03184446,0.02907311,0.03862559,0.02907311,0.01310377,0.01031271,0.03184446,0.02907311,0.02907311,0.02907311,0.004466093,0.03184446,0.04307356,0.02907311,0.02907311,0.03184446,0.02907311,0.04817779,0.003658265,0.006855881,0.01031271,0.02907311,0.01310377,
0.03862559,0.02907311,0.02907311,0.02907311,0.03184446,0.04385076,0.02907311,0.02907311,0.02907311,0.0002287626,0.03862559,0.03184446,0.02907311,0.03862559,0.04296602,0.02907311,0.008899271,0.01310377,0.03862559,0.02907311,0.006855881,0.02907311,0.03862559,0.02907311,0.01031271,0.03862559,0.01310377,0.03184446,0.04817779,0.03862559,
0.01031271,0.03862559,0.02907311,0.02907311,0.02907311,0.04296602,0.03184446,0.01031271,0.02907311,0.02907311,0.02907311,0.02907311,0.03184446,0.01310377,0.04531379,0.03862559,0.02907311,0.03862559,0.04385076,0.03184446,0.04817779,0.02907311,0.02907311,0.04817779,0.04296602,0.006855881,0.02907311,0.02907311,0.01310377,0.006855881,
0.01031271,0.01031271,0.04531379,0.04385076,0.02907311,0.02907311,0.03862559,0.01310377,0.02907311,0.02907311,0.04817779,0.04296602,0.04531379,0.02907311,0.02907311,0.01031271,0.04817779,0.03184446,0.006855881,0.02907311,0.01031271,0.03184446,0.04817779,0.02907311,0.04817779,0.03184446,0.02907311,0.03184446,0.03862559,0.04296602,
0.01031271,0.01031271,0.04817779,0.02907311,0.01031271,0.01031271,0.04531379,0.01031271,0.03862559,0.04817779,0.02907311,0.04817779,0.04817779,0.04531379,0.03184446,0.01513238,0.02907311,0.02907311,0.02907311,0.03862559,0.04296602,0.04817779,0.04817779,0.01031271,0.04296602,0.01031271,0.03184446,0.04531379,0.01031271,0.03184446,
0.04531379,0.04531379,0.02907311,0.01031271,0.04531379,0.01513238,0.03862559,0.02907311,0.01031271,0.01513238,0.03862559,0.02907311,0.01031271,0.04296602,0.03862559,0.04817779,0.04296602,0.03184446,0.04531379,0.03862559,0.02907311,0.01513238,0.04817779,0.04817779,0.04531379,0.04296602,0.009330541,0.01031271,0.03184446,0.04817779,
0.01031271,0.02907311,0.04817779,0.03862559,0.04531379,0.04531379,0.04531379,0.04531379,0.04817779,0.02907311,0.04296602,0.02907311,0.02907311,0.02907311,0.04817779,0.02907311,0.01031271,0.02907311,0.03862559,0.009080077,0.04817779,0.04296602,0.01513238,0.01513238,0.04296602,0.01031271,0.03184446,0.04531379,0.04531379,0.01513238,
0.03184446,0.01031271,0.009080077,0.03862559,0.04817779,0.01031271,0.04531379,0.04296602,0.04531379,0.01513238,0.04296602,0.04531379,0.01513238,0.04531379,0.02907311,0.04817779,0.04531379,0.04756845,0.04531379,0.02907311,0.01031271,0.04817779,0.009080077,0.02907311,0.01513238,0.01031271,0.04817779,0.04817779,0.02907311,0.009080077,
0.009080077,0.02907311,0.04531379,0.01031271,0.0428828,0.009080077,0.009080077,0.04951021,0.009080077,0.009080077,0.04531379,0.04817779,0.01031271,0.01031271,0.04531379,0.04440592,0.009080077,0.02907311,0.009080077,0.04296602,0.01513238,0.009080077,0.04531379,0.04817779,0.04531379,0.009080077,0.01513238,0.01513238,0.02907311,0.02907311,
0.01031271,0.01031271,0.04817779,0.01513238,0.04817779,0.01031271,0.009080077,0.01031271,0.01513238,0.009080077,0.009080077,0.009080077,0.0428828,0.04531379,0.01513238,0.02907311,0.01031271,0.01513238,0.04531379,0.01031271,0.04951021,0.04951021,0.009080077,0.04531379,0.04951021,0.04531379,0.04531379,0.01031271,0.02907311,0.01513238,
0.01513238,0.02907311,0.009080077,0.01031271,0.01031271,0.01513238,0.04817779,0.01031271,0.04531379,0.01513238,0.009080077,0.02907311,0.009080077,0.01513238,0.01031271,0.03211392,0.0294824,0.04531379,0.02907311,0.02907311,0.009080077,0.02907311,0.04951021,0.02907311,0.01031271,0.01031271,0.01513238,0.009080077,0.009080077,0.04817779,
0.009080077,0.04817779,0.01031271,0.02907311,0.02907311,0.04531379,0.01513238,0.01351532,0.01031271,0.02907311,0.01031271,0.04817779,0.01513238,0.009080077,0.02907311,0.01031271,0.02907311,0.0102789,0.009080077,0.01031271,0.009080077,0.009080077,0.009080077,0.01031271,0.01513238,0.01513238,0.009080077,0.01031271,0.009080077,0.01031271,
0.009080077,0.009080077,0.02907311,0.009080077,0.01513238,0.02907311,0.01031271,0.02907311,0.04531379,0.009080077,0.04817779,0.01031271,0.009080077,0.009080077,0.01031271,0.01513238,0.009080077,0.009080077,0.01031271,0.009080077,0.01456275,0.01513238,0.01513238,0.009080077,0.009080077,0.01031271,0.01031271,0.009080077,0.02907311,0.009080077,
0.02907311,0.04531379,0.01031271,0.04531379,0.02907311,0.01031271,0.02907311,0.04531379,0.01031271,0.01031271,0.009080077,0.009080077,0.009080077,0.01513238,0.04531379,0.009080077,0.009080077,0.009080077,0.01456275,0.01513238,0.04531379,0.01513238,0.01513238,0.009080077,0.01513238,0.04817779,0.02907311,0.009080077,0.02907311,0.04531379,
0.009080077,0.01031271,0.02907311,0.02907311,0.009080077,0.02907311,0.02907311,0.04531379,0.007380206,0.009080077,0.02907311,0.01513238,0.009080077,0.02907311,0.01031271,0.02047317,0.04531379,0.009080077,0.01513238,0.01031271,0.009080077,0.02907311,0.009080077,0.009080077,0.01513238,0.01513238,0.01031271,0.01456275,0.04531379,0.01031271,
0.01031271,0.04531379,0.04531379,0.009080077,0.01513238,0.007380206,0.01031271,0.01031271,0.009080077,0.009080077,0.01513238,0.009080077,0.04531379,0.01513238,0.04531379,0.01513238,0.01031271,0.04531379,0.01031271,0.04531379,0.009080077,0.04531379,0.009080077,0.009080077,0.02907311,0.009080077,0.01513238,0.009080077,0.009080077,0.01031271,
0.01031271,0.009080077,0.04531379,0.04531379,0.04531379,0.01031271,0.009080077,0.009080077,0.01031271,0.009080077,0.04531379,0.007380206,0.009080077,0.04531379,0.01031271,0.009080077,0.009080077,0.01031271,0.009080077,0.01031271,0.01031271,0.01031271,0.01513238,0.009080077,0.01031271,0.009080077,0.01031271,0.04531379,0.04531379,0.009080077,
0.01513238,0.009080077,0.04531379,0.01031271,0.01031271,0.04531379,0.009080077,0.04531379,0.04531379,0.01031271,0.04531379,0.009080077,0.01031271,0.01031271,0.01031271,0.01513238,0.009080077,0.04531379,0.009080077,0.04531379,0.04531379,0.04531379,0.009080077,0.04531379,0.04531379,0.01031271,0.04531379,0.04531379,0.04531379,0.009080077,
0.01513238,0.009080077,0.006695336,0.01031271,0.01031271,0.02382615,0.01031271,0.04531379,0.009080077,0.009080077,0.01031271,0.009080077,0.04531379,0.04531379,0.04531379,0.009080077,0.04531379,0.01513238,0.009080077,0.04531379,0.01031271,0.01031271,0.009080077,0.009080077,0.04531379,0.01513238,0.04531379,0.009080077,0.04531379,0.01513238,
0.04531379,0.04531379,0.02382615,0.009080077,0.04531379,0.01031271,0.02382615,0.01513238,0.009080077,0.006695336,0.009080077,0.009080077,0.01513238,0.01513238,0.04531379,0.04531379,0.01513238,0.009080077,0.04531379,0.04531379,0.04531379,0.01031271,0.04531379,0.04531379,0.02382615,0.04531379,0.009080077,0.01513238,0.04531379,0.01031271,
0.01513238,0.009080077,0.01513238,0.009080077,0.04531379,0.04531379,0.04531379,0.04531379,0.04531379,0.009080077,0.01513238,0.04531379,0.009080077,0.02382615,0.02382615,0.04531379,0.01513238,0.009080077,0.04531379,0.009080077,0.01513238,0.01031271,0.03714875,0.04531379,0.009080077,0.01513238,0.02382615,0.04531379,0.006695336,0.04531379,
0.009080077,0.01513238,0.01513238,0.02855249,0.01513238,0.04531379,0.04531379,0.01513238,0.01513238,0.04531379,0.009080077,0.04531379,0.04531379,0.01513238,0.009080077,0.009080077,0.04531379,0.009080077,0.01513238,0.04531379,0.02382615,0.01513238,0.04531379,0.009080077,0.04531379,0.02382615,0.04531379,0.04531379,0.04531379,0.01513238,
0.04531379,0.04531379,0.02382615,0.04531379,0.02382615,0.01513238,0.04531379,0.009080077,0.04531379,0.01513238,0.04531379,0.04531379,0.01513238,0.04531379,0.04531379,0.02382615,0.03561832,0.04531379,0.009080077,0.04531379,0.04531379,0.009080077,0.04531379,0.009080077,0.01513238,0.04531379,0.02855249,0.01513238,0.04531379,0.04531379,
0.04531379,0.01513238,0.04531379,0.03561832,0.02382615,0.01513238,0.02382615,0.002163219,0.03740609,0.02382615,0.009080077,0.009080077,0.04797213,0.04531379,0.03561832,0.04531379,0.02382615,0.04531379,0.04531379,0.01513238,0.01513238,0.04531379,0.01513238,0.009080077,0.04531379,0.009080077,0.04531379,0.04531379,0.04531379,0.01513238,
0.04531379,0.009080077,0.02382615,0.04531379,0.04531379,0.009080077,0.009080077,0.04531379,0.04531379,0.03740609,0.01513238,0.009080077,0.04531379,0.04531379,0.04797213,0.01513238,0.01513238,0.04531379,0.02382615,0.04531379,0.02382615,0.04531379,0.01513238,0.04531379,0.04531379,0.04531379,0.04531379,0.01513238,0.01513238,0.04531379,
0.02382615,0.04531379,0.01513238,0.01513238,0.04531379,0.04531379,0.009080077,0.009080077,0.02382615,0.009080077,0.02382615,0.04531379,0.04531379,0.009080077,0.01513238,0.04531379,0.04531379,0.03740609,0.04531379,0.01513238,0.009080077,0.04531379,0.04531379,0.01513238,0.01513238,0.009080077,0.04531379,0.01513238,0.04531379,0.04531379,
0.009080077,0.01513238,0.04531379,0.04531379,0.02382615,0.01513238,0.02382615,0.03740609,0.02382615,0.02382615,0.04531379,0.01513238,0.04531379,0.009080077,0.04531379,0.02382615,0.009080077,0.04531379,0.01513238,0.04531379,0.04613109,0.04531379,0.01513238,0.04531379,0.04531379,0.01513238,0.02382615,0.04531379,0.04791864,0.01513238,
0.02382615,0.009080077,0.01513238,0.009080077,0.02382615,0.04531379,0.01513238,0.01513238,0.02382615,0.04531379,0.02382615,0.007451123,0.01513238,0.02382615,0.009080077,0.04531379,0.04531379,0.01513238,0.04531379,0.02382615,0.01513238,0.03740609,0.04531379,0.04613109,0.02382615,0.04531379,0.02382615,0.01513238,0.04791864,0.04613109,
0.02382615,0.02382615,0.01513238,0.04531379,0.04531379,0.01513238,0.04613109,0.02382615,0.03952037,0.04613109,0.01513238,0.04531379,0.04531379,0.01513238,0.01513238,0.02382615,0.007451123,0.009080077,0.02382615,0.04613109,0.04531379,0.01513238,0.04791864,0.01513238,0.02382615,0.01513238,0.04531379,0.04531379,0.01513238,0.04531379,
0.01513238,0.04791864,0.04531379,0.01513238,0.04531379,0.02382615,0.02382615,0.04613109,0.04531379,0.04613109,0.04531379,0.01513238,0.04531379,0.04613109,0.01513238,0.02382615,0.02382615,0.04613109,0.01513238,0.04531379,0.02382615,0.04531379,0.01513238,0.01513238,0.02382615,0.04613109,0.01513238,0.01513238,0.04531379,0.01513238,
0.04531379,0.01513238,0.01513238,0.01513238,0.02382615,0.01513238,0.02382615,0.04791864,0.02382615,0.04613109,0.01513238,0.04531379,0.02382615,0.01513238,0.01513238,0.01513238,0.02382615,0.04613109,0.04531379,0.04613109,0.01513238,0.01513238,0.02382615,0.02382615,0.04613109,0.04531379,0.04613109,0.02484835,0.04613109,0.01513238,
0.01513238,0.04613109,0.04613109,0.01513238,0.01513238,0.005717611,0.04613109,0.04613109,0.01513238,0.01513238,0.04531379,0.04177719,0.04613109,0.01513238,0.01513238,0.04791864,0.02484835,0.01513238,0.01513238,0.01513238,0.04613109,0.04613109,0.01513238,0.01513238,0.01513238,0.04613109,0.04531379,0.04613109,0.02382615,0.04531379,
0.01513238,0.04613109,0.04613109,0.04613109,0.04791864,0.04531379,0.04613109,0.01513238,0.04613109,0.04613109,0.04613109,0.02986954,0.04531379,0.04613109,0.04613109,0.01513238,0.04613109,0.01513238,0.01513238,0.01513238,0.04613109,0.01513238,0.04531379,0.005717611,0.02484835,0.04613109,0.01513238,0.02382615,0.01513238,0.01513238,
0.01513238,0.01513238,0.01513238,0.04613109,0.005717611,0.04613109,0.04531379,0.01513238,0.04613109,0.04613109,0.04613109,0.04613109,0.01513238,0.04613109,0.005717611,0.04613109,0.01513238,0.04311857,0.04613109,0.01513238,0.04613109,0.01513238,0.02382615,0.04613109,0.04531379,0.01513238,0.01513238,0.01513238,0.02986954,0.04613109,
0.005717611,0.01513238,0.04613109,0.04613109,0.01513238,0.04531379,0.0254193,0.04613109,0.01513238,0.04531379,0.01513238,0.02986954,0.01513238,0.01513238,0.01513238,0.01513238,0.02382615,0.01513238,0.04531379,0.01513238,0.04613109,0.04531379,0.02382615,0.02382615,0.04613109,0.04613109,0.01513238,0.01513238,0.04613109,0.005717611,
0.01513238,0.01513238,0.02382615,0.04613109,0.04613109,0.01513238,0.04613109,0.01513238,0.005717611,0.01513238,0.04613109,0.005717611,0.01513238,0.005717611,0.01513238,0.04613109,0.04613109,0.02382615,0.01513238,0.01513238,0.01513238,0.04613109,0.04613109,0.01513238,0.0254193,0.04613109,0.01513238,0.04613109,0.01513238,0.04531379,
0.005717611,0.04613109,0.04531379,0.01513238,0.04613109,0.02382615,0.01513238,0.005717611,0.04613109,0.005717611,0.04613109,0.04613109,0.01513238,0.01513238,0.01513238,0.04613109,0.02382615,0.01513238,0.04613109,0.04531379,0.01513238,0.01513238,0.01513238,0.01513238,0.01513238,0.01513238,0.005717611,0.01513238,0.02382615,0.01513238,
0.01513238,0.04613109,0.01513238,0.01721348,0.04531379,0.02382615,0.01513238,0.01513238,0.04613109,0.02382615,0.01513238,0.01513238,0.005717611,0.04531379,0.02382615,0.005717611,0.04613109,0.01513238,0.01513238,0.01513238,0.04613109,0.04613109,0.04613109,0.04531379,0.008305991,0.04613109,0.005717611,0.02382615,0.04613109,0.04613109,
0.04613109,0.04613109,0.005717611,0.04613109,0.04613109,0.02382615,0.04613109,0.008305991,0.01513238,0.01513238,0.04613109,0.01513238,0.01513238,0.01080872,0.008305991,0.02382615,0.04531379,0.005717611,0.02382615,0.0148134,0.02382615,0.01513238,0.02382615,0.005717611,0.02382615,0.04613109,0.02382615,0.01513238,0.04613109,0.04613109,
0.04613109,0.04613109,0.04613109,0.02382615,0.02382615,0.01513238,0.04531379,0.01513238,0.01513238,0.04613109,0.008305991,0.02382615,0.008305991,0.0148134,0.04613109,0.02807945,0.01513238,0.04613109,0.02382615,0.01513238,0.04738208,0.005717611,0.02369297,0.02382615,0.04613109,0.04613109,0.04613109,0.02382615,0.005717611,0.04613109,
0.01513238,0.02807945,0.01513238,0.02382615,0.04613109,0.01513238,0.02382615,0.04613109,0.04531379,0.02382615,0.04613109,0.04613109,0.01513238,0.04613109,0.02382615,0.02382615,0.04613109,0.04613109,0.01513238,0.04613109,0.01513238,0.04531379,0.01513238,0.01513238,0.008305991,0.02382615,0.04613109,0.01513238,0.008305991,0.008305991,
0.008305991,0.008305991,0.04531379,0.04613109,0.02807945,0.04613109,0.01513238,0.04613109,0.0252385,0.01513238,0.008305991,0.003937274,0.02382615,0.01513238,0.04531379,0.008305991,0.02382615,0.02382615,0.008305991,0.02382615,0.04613109,0.02382615,0.04531379,0.04613109,0.008305991,0.02382615,0.01513238,0.04613109,0.02382615,0.04613109,
0.003937274,0.02382615,0.008305991,0.008305991,0.04613109,0.04613109,0.008305991,0.01213285,0.02807945,0.04531379,0.008305991,0.04531379,0.02382615,0.008305991,0.02382615,0.04613109,0.04613109,0.02807945,0.04613109,0.02382615,0.008305991,0.008305991,0.04613109,0.02382615,0.01513238,0.008305991,0.04613109,0.04613109,0.04613109,0.02382615,
0.04613109,0.02382615,0.008305991,0.04531379,0.02382615,0.01513238,0.008305991,0.04613109,0.008305991,0.008305991,0.008305991,0.008305991,0.01213285,0.008305991,0.04771219,0.0114981,0.04613109,0.008305991,0.04613109,0.04613109,0.04531379,0.008305991,0.02807945,0.04531379,0.01213285,0.02807945,0.04613109,0.003937274,0.01213285,0.008305991,
0.008305991,0.04613109,0.008305991,0.04531379,0.008305991,0.008305991,0.008305991,0.008305991,0.02807945,0.04613109,0.04531379,0.0114981,0.04613109,0.008305991,0.008305991,0.008305991,0.04090118,0.008305991,0.01513238,0.008305991,0.01213285,0.01213285,0.04771219,0.008305991,0.008305991,0.01213285,0.02382615,0.008305991,0.01213285,0.04613109,
0.02382615,0.01213285,0.008305991,0.008305991,0.008305991,0.008305991,0.04613109,0.01213285,0.03926016,0.008305991,0.008305991,0.008305991,0.008305991,0.008305991,0.04613109,0.04613109,0.01213285,0.04531379,0.008305991,0.0114981,0.008305991,0.01213285,0.008305991,0.008305991,0.008305991,0.01513238,0.008305991,0.01213285,0.008305991,0.008305991,
0.008305991,0.01513238,0.008305991,0.008305991,0.0423445,0.008305991,0.01513238,0.008305991,0.008305991,0.008305991,0.008305991,0.01513238,0.008305991,0.008305991,0.008305991,0.04613109,0.008305991,0.04613109,0.008305991,0.008305991,0.008305991,0.008305991,0.02382615,0.04613109,0.04613109,0.0114981,0.01213285,0.008305991,0.01213285,0.008305991,
0.01513238,0.008305991,0.008305991,0.02046785,0.04613109,0.008305991,0.02382615,0.008305991,0.04005045,0.01513238,0.04613109,0.008305991,0.008305991,0.008305991,0.008305991,0.0114981,0.008305991,0.04613109,0.008305991,0.008305991,0.01513238,0.008305991,0.0423445,0.01513238,0.008305991,0.008305991,0.01513238,0.04613109,0.008305991,0.008305991,
0.008305991,0.008305991,0.04613109,0.01513238,0.01513238,0.008305991,0.008305991,0.008305991,0.02046785,0.008305991,0.02046785,0.008305991,0.008305991,0.008305991,0.02046785,0.01513238,0.008305991,0.008305991,0.01513238,0.008305991,0.008305991,0.04613109,0.008305991,0.02046785,0.04005045,0.04613109,0.008305991,0.008305991,0.008305991,0.008305991,
0.02046785,0.008305991,0.008305991,0.01513238,0.005648285,0.008305991,0.02046785,0.02046785,0.01513238,0.008305991,0.02046785,0.008305991,0.04613109,0.02046785,0.008305991,0.008305991,0.04005045,0.01513238,0.008305991,0.04005045,0.04613109,0.008305991,0.008305991,0.008305991,0.008305991,0.008305991,0.008305991,0.01513238,0.01513238,0.008305991,
0.04005045,0.008305991,0.008305991,0.008305991,0.008305991,0.008305991,0.02805367,0.008305991,0.008305991,0.04005045,0.008305991,0.01513238,0.008305991,0.008305991,0.01513238,0.02046785,0.02046785,0.02046785,0.02046785,0.008305991,0.01513238,0.04005045,0.01513238,0.008305991,0.005648285,0.04005045,0.02046785,0.01513238,0.008305991,0.02046785,
0.02805367,0.008305991,0.01513238,0.02046785,0.01513238,0.02046785,0.0120329,0.04005045,0.04005045,0.008305991,0.008305991,0.008305991,0.04236964,0.01513238,0.02805367,0.02046785,0.02127428,0.008305991,0.008305991,0.02046785,0.04005045,0.01513238,0.008305991,0.01513238,0.01513238,0.02746777,0.008305991,0.02046785,0.008305991,0.008305991,
0.02746777,0.01513238,0.008305991,0.01513238,0.008305991,0.01513238,0.008305991,0.01513238,0.01513238,0.01513238,0.01513238,0.008305991,0.04005045,0.02046785,0.02805367,0.04236964,0.008305991,0.01513238,0.008305991,0.008305991,0.01513238,0.02046785,0.02046785,0.0120329,0.008305991,0.008305991,0.02046785,0.02746777,0.02805367,0.01513238,
0.02805367,0.02046785,0.02046785,0.008305991,0.01513238,0.01513238,0.0120329,0.01513238,0.01513238,0.01513238,0.02046785,0.02805367,0.01513238,0.0120329,0.01513238,0.008305991,0.01513238,0.02046785,0.02746777,0.02746777,0.02109612,0.02046785,0.008305991,0.008305991,0.008305991,0.008305991,0.04005045,0.04005045,0.01513238,0.02746777,
0.02746777,0.01513238,0.01513238,0.02046785,0.02046785,0.02746777,0.008305991,0.02109612,0.01513238,0.01513238,0.02046785,0.02009143,0.0120329,0.02805367,0.04005045,0.02805367,0.008305991,0.02109612,0.008305991,0.01513238,0.008305991,0.04005045,0.02805367,0.008305991,0.01513238,0.0120329,0.0120329,0.008305991,0.008305991,0.01513238,
0.01513238,0.008305991,0.01513238,0.01513238,0.02805367,0.04350925,0.008305991,0.01513238,0.005557192,0.008305991,0.02805367,0.04005045,0.02109612,0.0120329,0.02746777,0.0120329,0.0120329,0.01207672,0.01513238,0.04005045,0.02046785,0.02829843,0.0120329,0.008305991,0.02746777,0.0120329,0.04005045,0.008305991,0.008305991,0.01513238,
0.01207672,0.0120329,0.008305991,0.01513238,0.04005045,0.02746777,0.01353203,0.02046785,0.04350925,0.02746777,0.0120329,0.02746777,0.008305991,0.04005045,0.01513238,0.02109612,0.01513238,0.0120329,0.008305991,0.04350925,0.008305991,0.0120329,0.008305991,0.008305991,0.01513238,0.02805367,0.02805367,0.0120329,0.02746777,0.02046785,
0.0120329,0.01513238,0.0120329,0.008305991,0.04005045,0.04796579,0.0120329,0.02046785,0.02746777,0.04350925,0.02746777,0.0120329,0.01513238,0.02046785,0.0120329,0.0120329,0.02746777,0.01513238,0.01513238,0.01513238,0.0120329,0.0120329,0.008305991,0.02805367,0.02746777,0.02740614,0.04005045,0.04350925,0.01207672,0.02746777,
0.02746777,0.02805367,0.01513238,0.03733838,0.0120329,0.009372115,0.02746777,0.0120329,0.01513238,0.04796579,0.01513238,0.04350925,0.04350925,0.0120329,0.04005045,0.008305991,0.02740614,0.01513238,0.0120329,0.0120329,0.008305991,0.0120329,0.03775821,0.02746777,0.02746777,0.04350925,0.0120329,0.01513238,0.02805367,0.01513238,
0.01513238,0.02805367,0.01513238,0.008305991,0.0120329,0.0120329,0.008305991,0.0120329,0.02746777,0.02746777,0.03775821,0.008305991,0.01513238,0.0120329,0.008305991,0.02740614,0.02746777,0.02740614,0.01513238,0.02740614,0.009372115,0.0120329,0.01234137,0.02746777,0.02746777,0.0120329,0.04350925,0.02746777,0.0120329,0.0120329,
0.008305991,0.0120329,0.02746777,0.02746777,0.03775821,0.0120329,0.01513238,0.02746777,0.008305991,0.02746777,0.0120329,0.02805367,0.008305991,0.02746777,0.02740614,0.0120329,0.0120329,0.01513238,0.02746777,0.02740614,0.01513238,0.01513238,0.02746777,0.03775821,0.0120329,0.02740614,0.01234137,0.02746777,0.02746777,0.01513238,
0.0120329,0.02746777,0.01234137,0.008305991,0.03775821,0.0120329,0.02746777,0.0120329,0.008305991,0.0120329,0.0170262,0.02746777,0.008305991,0.02805367,0.02746777,0.008305991,0.0120329,0.02746777,0.008305991,0.03495815,0.0120329,0.0120329,0.01513238,0.01513238,0.008305991,0.0120329,0.01513238,0.02740614,0.02740614,0.04519536,
0.008305991,0.0120329,0.008305991,0.03495815,0.02746777,0.01513238,0.02746777,0.04519536,0.008305991,0.03775821,0.008305991,0.04519536,0.01234137,0.01234137,0.04303641,0.0120329,0.008305991,0.0120329,0.008305991,0.04052876,0.008305991,0.04519536,0.02746777,0.01513238,0.04519536,0.008305991,0.01513238,0.02740614,0.008305991,0.0120329,
0.0120329,0.04303641,0.008305991,0.02746777,0.0120329,0.0120329,0.0120329,0.0120329,0.008305991,0.04052876,0.008305991,0.008305991,0.0120329,0.008305991,0.008305991,0.008305991,0.03495815,0.04519536,0.01234137,0.02746777,0.03775821,0.01234137,0.008305991,0.02740614,0.04303641,0.008305991,0.02746777,0.04519536,0.01513238,0.04052876,
0.02746777,0.008305991,0.0120329,0.008305991,0.03775821,0.0120329,0.01234137,0.04303641,0.01513238,0.04220766,0.008305991,0.008305991,0.008305991,0.02920033,0.04303641,0.02746777,0.01513238,0.02746777,0.008305991,0.008305991,0.04519536,0.008305991,0.0120329,0.0120329,0.008305991,0.008305991,0.008305991,0.008305991,0.008305991,0.008305991,
0.02746777,0.01513238,0.008305991,0.0120329,0.008305991,0.008305991,0.008305991,0.04220766,0.04220766,0.0120329,0.008305991,0.03775821,0.008305991,0.008305991,0.02920033,0.008305991,0.008305991,0.01362909,0.008305991,0.008305991,0.008305991,0.01851102,0.02746777,0.008305991,0.04519536,0.008305991,0.0120329,0.008305991,0.02746777,0.008305991,
0.008305991,0.02746777,0.008305991,0.008305991,0.03775821,0.008305991,0.008223784,0.04220766,0.008305991,0.008305991,0.02128769,0.008305991,0.008305991,0.008305991,0.008305991,0.008305991,0.008305991,0.008305991,0.03775821,0.008305991,0.02746777,0.008305991,0.0120329,0.03775821,0.008305991,0.008305991,0.0120329,0.008305991,0.02746777,0.01513238,
0.008305991,0.03775821,0.008305991,0.008305991,0.0120329,0.008305991,0.008305991,0.008305991,0.01513238,0.008305991,0.02128769,0.008305991,0.008305991,0.008305991,0.03775821,0.008305991,0.008305991,0.008305991,0.03775821,0.008305991,0.01589347,0.0120329,0.0120329,0.008305991,0.008305991,0.03775821,0.008305991,0.02128769,0.008305991,0.008305991,
0.008305991,0.03775821,0.008305991,0.02128769,0.008305991,0.008305991,0.008305991,0.008305991,0.008305991,0.008305991,0.008305991,0.008305991,0.02128769,0.008305991,0.008305991,0.008305991,0.03775821,0.008305991,0.008305991,0.008305991,0.008305991,0.008305991,0.0120329,0.008305991,0.0120329,0.008305991,0.02128769,0.02128769,0.03775821,0.008305991,
0.0120329,0.008305991,0.02128769,0.008305991,0.008305991,0.008305991,0.0120329,0.008305991,0.008305991,0.008305991,0.008305991,0.008305991,0.02128769,0.03775821,0.02128769,0.008305991,0.02128769,0.008305991,0.008305991,0.008305991,0.0120329,0.008305991,0.008305991,0.008305991,0.008305991,0.03775821,0.008305991,0.008305991,0.02128769,0.008305991,
0.0120329,0.008305991,0.008305991,0.03082264,0.008305991,0.02128769,0.0120329,0.008305991,0.008305991,0.008305991,0.008305991,0.008305991,0.008305991,0.008305991,0.01940854,0.008305991,0.008305991,0.03775821,0.008305991,0.008305991,0.008305991,0.02197593,0.008305991,0.02128769,0.008305991,0.008305991,0.008305991,0.02128769,0.008305991,0.008305991,
0.008305991,0.02197593,0.008305991,0.03082264,0.008305991,0.02128769,0.008305991,0.008305991,0.008305991,0.008305991,0.008305991,0.008305991,0.008305991,0.0205231,0.0120329,0.008305991,0.03775821,0.008305991,0.01940854,0.008305991,0.008305991,0.008305991,0.008305991,0.008305991,0.02128769,0.0120329,0.008305991,0.008305991,0.008305991,0.008305991,
0.008305991,0.02197593,0.008305991,0.008305991,0.008305991,0.008305991,0.04172785,0.008305991,0.02128769,0.02128769,0.03775821,0.008305991,0.008305991,0.008305991,0.03775821,0.008305991,0.01940854,0.03829024,0.0120329,0.02627641,0.008305991,0.008305991,0.02128769,0.02128769,0.008305991,0.03734424,0.008305991,0.008305991,0.008305991,0.008305991,
0.008305991,0.008305991,0.008305991,0.008305991,0.008305991,0.03829024,0.01940854,0.04172785,0.02128769,0.02128769,0.008305991,0.03829024,0.008305991,0.03734424,0.0120329,0.008305991,0.02128769,0.02197593,0.008305991,0.008305991,0.03775821,0.008305991,0.008305991,0.04172785,0.02128769,0.008305991,0.04940487,0.008305991,0.03775821,0.008305991,
0.02128769,0.04172785,0.008305991,0.04172785,0.008305991,0.02128769,0.04557325,0.008305991,0.008305991,0.008305991,0.008305991,0.03829024,0.008305991,0.02128769,0.008305991,0.008305991,0.04940487,0.01940854,0.0120329,0.008305991,0.01940854,0.04940487,0.04172785,0.03734424,0.03670616,0.008305991,0.01940854,0.008305991,0.008305991,0.008305991,
0.008305991,0.008305991,0.008305991,0.02341615,0.04172785,0.02128769,0.04172785,0.008305991,0.04080969,0.008305991,0.008305991,0.008305991,0.008305991,0.04172785,0.005862766,0.008305991,0.02128769,0.008305991,0.008305991,0.008305991,0.008305991,0.008305991,0.008305991,0.008305991,0.03734424,0.008305991,0.02128769,0.0380132,0.04796491,0.04172785,
0.008305991,0.008305991,0.04172785,0.008305991,0.008305991,0.02128769,0.008305991,0.04172785,0.008305991,0.008305991,0.008305991,0.008305991,0.02128769,0.008305991,0.008305991,0.04172785,0.008305991,0.008305991,0.008305991,0.008305991,0.03465412,0.008305991,0.008305991,0.04172785,0.03862603,0.005862766,0.008305991,0.008305991,0.04796491,0.04172785,
0.04172785,0.04796491,0.008305991,0.008305991,0.008305991,0.008305991,0.008305991,0.04172785,0.008305991,0.008305991,0.008305991,0.005862766,0.008305991,0.008305991,0.04172785,0.008305991,0.02128769,0.008305991,0.008305991,0.04172785,0.008305991,0.008305991,0.03465412,0.04172785,0.008305991,0.008305991,0.03465412,0.008305991,0.04172785,0.04796491,
0.008305991,0.008305991,0.008305991,0.02268737,0.008305991,0.008305991,0.03465412,0.04172785,0.04796491,0.04172785,0.008305991,0.04172785,0.03465412,0.03465412,0.04922965,0.008305991,0.008305991,0.04796491,0.008305991,0.04172785,0.008305991,0.008305991,0.04796491,0.04172785,0.008305991,0.008305991,0.04172785,0.008305991,0.008305991,0.008305991,
0.04172785,0.008305991,0.02268737,0.008305991,0.03465412,0.04172785,0.008305991,0.008305991,0.008305991,0.008305991,0.008305991,0.04172785,0.008305991,0.03465412,0.03056712,0.03465412,0.008305991,0.03465412,0.008305991,0.03465412,0.008305991,0.03465412,0.04796491,0.008305991,0.03465412,0.04172785,0.008305991,0.008305991,0.008305991,0.008305991,
0.03465412,0.008305991,0.03056712,0.04172785,0.008305991,0.03465412,0.008305991,0.008305991,0.008305991,0.04172785,0.008305991,0.008305991,0.04172785,0.04219354,0.008305991,0.04895616,0.03465412,0.03465412,0.008305991,0.04172785,0.008305991,0.03465412,0.008305991,0.03465412,0.03465412,0.04172785,0.03056712,0.008305991,0.03465412,0.04796491,
0.008305991,0.008305991,0.008305991,0.03465412,0.02054133,0.008305991,0.04172785,0.04172785,0.008305991,0.03465412,0.04895616,0.008305991,0.008305991,0.04219354,0.008305991,0.008305991,0.04219354,0.04172785,0.03465412,0.008305991,0.04172785,0.03465412,0.008305991,0.03465412,0.008305991,0.03465412,0.03724399,0.008305991,0.04172785,0.008305991,
0.03465412,0.04172785,0.03465412,0.008305991,0.008305991,0.04172785,0.008305991,0.03465412,0.04219354,0.008305991,0.03465412,0.008305991,0.03465412,0.008305991,0.008305991,0.008305991,0.03465412,0.008305991,0.03465412,0.03465412,0.03465412,0.04172785,0.03465412,0.04895616,0.04172785,0.04219354,0.03465412,0.04172785,0.008305991,0.03465412,
0.03465412,0.008305991,0.04172785,0.03465412,0.03465412,0.008305991,0.04172785,0.03465412,0.008305991,0.008305991,0.03465412,0.03465412,0.03465412,0.03465412,0.008305991,0.04172785,0.04172785,0.03465412,0.03465412,0.04895616,0.008305991,0.008305991,0.04172785,0.008305991,0.04172785,0.008305991,0.011205,0.0485042,0.008305991,0.04219354,
0.03465412,0.008305991,0.008305991,0.008305991,0.008305991,0.008305991,0.008305991,0.03465412,0.04172785,0.03465412,0.008305991,0.02461371,0.03465412,0.03465412,0.03465412,0.04172785,0.011205,0.03465412,0.008305991,0.04111328,0.03465412,0.008305991,0.02892986,0.04172785,0.03465412,0.03465412,0.04895616,0.04955317,0.008305991,0.04172785,
0.04172785,0.04172785,0.04172785,0.04955317,0.03465412,0.04895616,0.008305991,0.03465412,0.008305991,0.03465412,0.008305991,0.03465412,0.008305991,0.004200494,0.03465412,0.008305991,0.03465412,0.008305991,0.04172785,0.008305991,0.008305991,0.02892986,0.04172785,0.03465412,0.008305991,0.03465412,0.03465412,0.04172785,0.008305991,0.03465412,
0.04955317,0.03465412,0.008305991,0.01396513,0.004200494,0.04172785,0.03465412,0.03465412,0.04955317,0.04895616,0.03465412,0.008305991,0.03465412,0.04172785,0.008305991,0.04895616,0.03465412,0.008305991,0.03465412,0.03465412,0.04172785,0.008305991,0.04684023,0.008305991,0.008305991,0.04172785,0.03379341,0.008305991,0.02892986,0.008305991,
0.008305991,0.03379341,0.008305991,0.03465412,0.008305991,0.03465412,0.02892986,0.03465412,0.03379341,0.008305991,0.008305991,0.04172785,0.03465412,0.008305991,0.03379341,0.03465412,0.008305991,0.02892986,0.04172785,0.008305991,0.03465412,0.04172785,0.04895616,0.04172785,0.03285517,0.04195547,0.004200494,0.004200494,0.008305991,0.008305991,
0.008305991,0.008305991,0.008305991,0.03379341,0.006406015,0.008305991,0.008305991,0.04617252,0.03465412,0.004200494,0.002382243,0.04172785,0.008305991,0.04172785,0.004200494,0.03465412,0.03379341,0.03465412,0.008305991,0.03465412,0.04172785,0.008305991,0.03379341,0.008305991,0.008305991,0.008305991,0.008305991,0.008305991,0.02892986,0.03379341,
0.008305991,0.006406015,0.008305991,0.03379341,0.008305991,0.03379341,0.03465412,0.008305991,0.03627621,0.008305991,0.008305991,0.002382243,0.008305991,0.008305991,0.006406015,0.008305991,0.04172785,0.03379341,0.03379341,0.008305991,0.008305991,0.008305991,0.008305991,0.03379341,0.04617252,0.008305991,0.004200494,0.03118624,0.03379341,0.002382243,
0.03379341,0.04617252,0.03379341,0.031871,0.03627621,0.002382243,0.03465412,0.006406015,0.008305991,0.008305991,0.04172785,0.03379341,0.006406015,0.03627621,0.04617252,0.03465412,0.03564185,0.03379341,0.006406015,0.03379341,0.01802712,0.008305991,0.008305991,0.04617252,0.006406015,0.008305991,0.03379341,0.008305991,0.04617252,0.03379341,
0.006406015,0.03627621,0.03465412,0.04617252,0.002382243,0.04617252,0.04617252,0.008305991,0.008305991,0.006406015,0.03379341,0.03379341,0.03379341,0.03379341,0.04617252,0.03379341,0.04617252,0.02755088,0.04617252,0.04617252,0.031871,0.03627621,0.03465412,0.03627621,0.03379341,0.008305991,0.04617252,0.03379341,0.03735616,0.008305991,
0.03465412,0.006406015,0.04617252,0.04617252,0.031871,0.03735616,0.008305991,0.04617252,0.03379341,0.002382243,0.03465412,0.008305991,0.03627621,0.04617252,0.04287571,0.04617252,0.008305991,0.03379341,0.006406015,0.03379341,0.02554149,0.03379341,0.03627621,0.008305991,0.008305991,0.008305991,0.04617252,0.002382243,0.03465412,0.008305991,
0.04617252,0.03465412,0.04617252,0.031871,0.04617252,0.008305991,0.008305991,0.002382243,0.03627621,0.04617252,0.03379341,0.04287571,0.03379341,0.002382243,0.002382243,0.006406015,0.008305991,0.03465412,0.04617252,0.03379341,0.04617252,0.03379341,0.002382243,0.008305991,0.002382243,0.03627621,0.04617252,0.008305991,0.03465412,0.006406015,
0.002382243,0.002382243,0.008305991,0.002382243,0.04617252,0.03379341,0.03465412,0.002382243,0.03379341,0.002382243,0.002382243,0.002382243,0.02538483,0.04617252,0.03379341,0.002382243,0.008305991,0.03379341,0.04617252,0.006406015,0.002382243,0.008357793,0.03627621,0.03379341,0.03379341,0.03379341,0.01494237,0.0306948,0.03379341,0.002382243,
0.03379341,0.008305991,0.01494237,0.002382243,0.03379341,0.002382243,0.03465412,0.03379341,0.04617252,0.002382243,0.04617252,0.03379341,0.03379341,0.002382243,0.02182923,0.03379341,0.03379341,0.008357793,0.02538483,0.03379341,0.002382243,0.03379341,0.04617252,0.002382243,0.002382243,0.002382243,0.04066778,0.03465412,0.0306948,0.03379341,
0.03379341,0.03379341,0.02538483,0.04066778,0.03379341,0.04617252,0.002382243,0.008305991,0.03379341,0.03379341,0.04617252,0.0454436,0.01839038,0.03465412,0.03465412,0.002382243,0.03379341,0.03379341,0.03467241,0.03379341,0.03379341,0.02182923,0.03379341,0.04066778,0.03379341,0.008357793,0.03379341,0.04617252,0.002382243,0.03379341,
0.03379341,0.03467241,0.03379341,0.04066778,0.03379341,0.01026946,0.04066778,0.0454436,0.03379341,0.04600921,0.04617252,0.03379341,0.02113473,0.008305991,0.04066778,0.03379341,0.03465412,0.03379341,0.03379341,0.03379341,0.008305991,0.03379341,0.01839038,0.03379341,0.04617252,0.03379341,0.03112767,0.04617252,0.03379341,0.03379341,
0.03379341,0.03467241,0.03379341,0.01026946,0.03379341,0.04066778,0.03379341,0.008305991,0.03379341,0.03379341,0.04066778,0.03465412,0.03379341,0.03379341,0.03112767,0.03379341,0.03379341,0.04617252,0.03379341,0.005139404,0.04066778,0.04066778,0.04617252,0.03379341,0.0454436,0.03379341,0.03379341,0.03379341,0.03379341,0.03467241,
0.04066778,0.04617252,0.03379341,0.03379341,0.03379341,0.04617252,0.03379341,0.005139404,0.04066778,0.03379341,0.03379341,0.005139404,0.03379341,0.03379341,0.03379341,0.03467241,0.03467241,0.03379341,0.04066778,0.0454436,0.03379341,0.03379341,0.03379341,0.03467241,0.005139404,0.01026946,0.01822887,0.03379341,0.03465412,0.03379341,
0.04066778,0.04617252,0.005139404,0.04066778,0.04066778,0.03379341,0.03379341,0.03379341,0.009900666,0.01822887,0.03379341,0.04617252,0.03379341,0.03379341,0.03379341,0.005139404,0.03379341,0.04066778,0.03379341,0.03467241,0.03467241,0.03379341,0.01822887,0.04617252,0.04066778,0.01026946,0.03379341,0.03467241,0.03379341,0.03465412,
0.04066778,0.03379341,0.04066778,0.04066778,0.02926674,0.01822887,0.03379341,0.01822887,0.04566447,0.01822887,0.01822887,0.03467241,0.03467241,0.04617252,0.03379341,0.03379341,0.04086342,0.03379341,0.01822887,0.03465412,0.03467241,0.03467241,0.03467241,0.04066778,0.01822887,0.03379341,0.047161,0.03465412,0.01946322,0.04066778,
0.04566447,0.04066778,0.03379341,0.03379341,0.01822887,0.03379341,0.04566447,0.03465412,0.03379341,0.04566447,0.03379341,0.03379341,0.01946322,0.03379341,0.04617252,0.03467241,0.01822887,0.04066778,0.03379341,0.03379341,0.03465412,0.03467241,0.04066778,0.01822887,0.03465412,0.03379341,0.01822887,0.03467241,0.04566447,0.04617252,
0.01822887,0.03467241,0.03467241,0.03379341,0.03467241,0.03379341,0.03379341,0.03379341,0.01822887,0.01822887,0.04566447,0.04566447,0.01822887,0.04670275,0.03379341,0.03379341,0.03465412,0.04566447,0.02261304,0.03465412,0.01822887,0.03465412,0.04617252,0.03465412,0.03465412,0.03465412,0.03379341,0.03379341,0.01822887,0.01822887,
0.01822887,0.01822887,0.04566447,0.04566447,0.03379341,0.04566447,0.04617252,0.01822887,0.01822887,0.04566447,0.04566447,0.03379341,0.03379341,0.04566447,0.04670275,0.03465412,0.03379341,0.03465412,0.03379341,0.01822887,0.01953374,0.03465412,0.03467241,0.04670275,0.03379341,0.01822887,0.03465412,0.02697746,0.01822887,0.03379341,
0.04566447,0.03379341,0.03465412,0.04670275,0.01822887,0.03379341,0.03379341,0.03379341,0.04566447,0.03379341,0.01822887,0.04566447,0.01822887,0.01822887,0.01822887,0.01822887,0.03467241,0.04670275,0.03379341,0.03465412,0.04566447,0.03379341,0.03465412,0.01822887,0.03379341,0.03379341,0.01822887,0.04566447,0.03379341,0.04566447,
0.01822887,0.04566447,0.01822887,0.04566447,0.01822887,0.04566447,0.03379341,0.04670275,0.03465412,0.03465412,0.03379341,0.03465412,0.03379341,0.01822887,0.03379341,0.04670275,0.03379341,0.04566447,0.01822887,0.03282636,0.03379341,0.03379341,0.0441294,0.02683797,0.01822887,0.04566447,0.01822887,0.03465412,0.04566447,0.01822887,
0.01822887,0.04670275,0.03379341,0.03379341,0.04780113,0.03379341,0.03379341,0.03379341,0.01822887,0.03379341,0.04566447,0.04566447,0.04736008,0.03379341,0.03465412,0.004080254,0.03379341,0.01822887,0.04566447,0.03465412,0.02683797,0.01822887,0.03282636,0.04566447,0.04670275,0.04566447,0.01822887,0.01822887,0.03465412,0.03379341,
0.04780113,0.03379341,0.03379341,0.03379341,0.03379341,0.04566447,0.01822887,0.04670275,0.03379341,0.02683797,0.01822887,0.01822887,0.006783032,0.004080254,0.04670275,0.02683797,0.01822887,0.03465412,0.004080254,0.04670275,0.04736008,0.03379341,0.03282636,0.03379341,0.03379341,0.04566447,0.01822887,0.04593894,0.04566447,0.04566447,
0.01822887,0.02683797,0.04670275,0.01140855,0.01822887,0.04593894,0.04566447,0.04566447,0.03379341,0.04566447,0.02683797,0.04670275,0.004080254,0.03379341,0.03379341,0.04566447,0.03379341,0.006783032,0.004080254,0.03379341,0.02683797,0.02683797,0.03465412,0.01822887,0.01822887,0.03379341,0.03379341,0.01822887,0.01822887,0.03282636,
0.02683797,0.03379341,0.01822887,0.03379341,0.01822887,0.0464084,0.03379341,0.01822887,0.03379341,0.02683797,0.004080254,0.04670275,0.03379341,0.02683797,0.006783032,0.01822887,0.01822887,0.02683797,0.01822887,0.03379341,0.04566447,0.01822887,0.03379341,0.02683797,0.01822887,0.04481245,0.02683797,0.03379341,0.01822887,0.04670275,
0.04670275,0.03379341,0.02683797,0.01886784,0.0464084,0.02505336,0.01822887,0.01822887,0.01822887,0.03379341,0.01822887,0.0464084,0.006783032,0.03379341,0.04670275,0.03379341,0.01822887,0.01822887,0.01822887,0.01822887,0.03379341,0.03379341,0.04145151,0.04566447,0.01822887,0.02683797,0.01822887,0.04670275,0.01822887,0.04481245,
0.03379341,0.04670275,0.01822887,0.01822887,0.0464084,0.01822887,0.02683797,0.04481245,0.02505336,0.04145151,0.01822887,0.03379341,0.003138185,0.02367282,0.01822887,0.0464084,0.03379341,0.03379341,0.02683797,0.03379341,0.005208749,0.03379341,0.03379341,0.01117051,0.04670275,0.02505336,0.01822887,0.02683797,0.03379341,0.02683797,
0.03379341,0.01822887,0.03379341,0.02367282,0.01069934,0.02196578,0.01822887,0.03379341,0.01822887,0.03379341,0.01822887,0.01822887,0.04145151,0.01822887,0.01822887,0.01117051,0.04670275,0.01822887,0.03379341,0.003138185,0.04481245,0.03379341,0.03379341,0.02683797,0.03379341,0.02367282,0.02367282,0.04145151,0.03379341,0.0464084,
0.01822887,0.04670275,0.02367282,0.01822887,0.01822887,0.03379341,0.03379341,0.03379341,0.02683797,0.01822887,0.03379341,0.01117051,0.0464084,0.03379341,0.02683797,0.04481245,0.04670275,0.03941688,0.03379341,0.01822887,0.03379341,0.03379341,0.03379341,0.03379341,0.02683797,0.02683797,0.03379341,0.03379341,0.04145151,0.01069934,
0.03379341,0.01822887,0.04670275,0.03379341,0.04670275,0.03379341,0.03379341,0.04670275,0.04670275,0.01822887,0.03941688,0.03379341,0.01069934,0.01117051,0.04145151,0.04145151,0.01822887,0.04145151,0.03379341,0.02880363,0.0464084,0.02367282,0.01117051,0.02683797,0.02683797,0.03379341,0.03379341,0.03379341,0.03309691,0.03379341,
0.02880363,0.03379341,0.03379341,0.04670275,0.03379341,0.03379341,0.03379341,0.03379341,0.02880363,0.01822887,0.01117051,0.04145151,0.03379341,0.04670275,0.04670275,0.03379341,0.03379341,0.02880363,0.03379341,0.01822887,0.01069934,0.03379341,0.01822887,0.01822887,0.03379341,0.03379341,0.02880363,0.03379341,0.03379341,0.03941688,
0.02880363,0.03941688,0.01822887,0.03379341,0.03379341,0.01822887,0.03379341,0.02880363,0.02880363,0.03379341,0.02880363,0.02880363,0.04670275,0.03379341,0.03379341,0.03379341,0.04670275,0.03379341,0.03379341,0.02880363,0.03379341,0.03379341,0.03379341,0.03379341,0.04670275,0.03379341,0.03379341,0.04670275,0.03941688,0.01709409,
0.03379341,0.02880363,0.03379341,0.03379341,0.02880363,0.02880363,0.03941688,0.03379341,0.03379341,0.03379341,0.03379341,0.02880363,0.03379341,0.03379341,0.03379341,0.03941688,0.01822887,0.03941688,0.02880363,0.03379341,0.02880363,0.03379341,0.01709409,0.03379341,0.03379341,0.01709409,0.03379341,0.01822887,0.02880363,0.03941688,
0.03379341,0.03379341,0.03379341,0.03379341,0.03941688,0.03379341,0.03379341,0.03379341,0.03379341,0.02880363,0.01822887,0.03379341,0.03379341,0.03379341,0.01709409,0.03379341,0.01709409,0.02880363,0.03379341,0.03379341,0.03379341,0.02880363,0.03941688,0.03379341,0.03379341,0.03379341,0.03067747,0.03379341,0.03941688,0.01822887,
0.03379341,0.01709409,0.03379341,0.02880363,0.03379341,0.03379341,0.03379341,0.03379341,0.01709409,0.03379341,0.03379341,0.01822887,0.03379341,0.03379341,0.01822887,0.03379341,0.03379341,0.03379341,0.03379341,0.03379341,0.03941688,0.03379341,0.03379341,0.03379341,0.03379341,0.03379341,0.02880363,0.02880363,0.03379341,0.03379341,
0.03379341,0.03379341,0.03379341,0.03379341,0.03379341,0.02668909,0.03379341,0.03379341,0.03379341,0.03379341,0.03379341,0.01709409,0.03379341,0.03379341,0.02880363,0.03379341,0.03379341,0.03379341,0.03379341,0.01822887,0.03379341,0.03379341,0.03379341,0.03379341,0.03379341,0.03379341,0.03379341,0.009434802,0.02880363,0.03379341,
0.03379341,0.03379341,0.03379341,0.02880363,0.03379341,0.03379341,0.03379341,0.04326847,0.03379341,0.03379341,0.03379341,0.03379341,0.03379341,0.03379341,0.02880363,0.03379341,0.03379341,0.03379341,0.03379341,0.03379341,0.03379341,0.03379341,0.03379341,0.03096256,0.03379341,0.02668909,0.03379341,0.03379341,0.03379341,0.03379341,
0.03379341,0.03379341,0.03379341,0.03379341,0.03379341,0.03379341,0.02668909,0.03379341,0.03379341,0.03379341,0.03379341,0.03379341,0.006233293,0.03379341,0.03379341,0.03379341,0.02466734,0.03379341,0.02880363,0.03379341,0.02880363,0.03379341,0.03379341,0.03379341,0.02668909,0.02668909,0.03096256,0.03379341,0.03379341,0.01145539,
0.03379341,0.03379341,0.03379341,0.03379341,0.03379341,0.02668909,0.02668909,0.03379341,0.03379341,0.03379341,0.03379341,0.02668909,0.04138008,0.03379341,0.03379341,0.006233293,0.04452054,0.03379341,0.03379341,0.02668909,0.02880363,0.03379341,0.02668909,0.03096256,0.03379341,0.03379341,0.01145539,0.02880363,0.03379341,0.01145539,
0.03379341,0.03379341,0.04138008,0.02668909,0.03379341,0.03379341,0.04138008,0.03379341,0.02668909,0.03379341,0.03379341,0.03379341,0.02668909,0.03379341,0.02668909,0.03379341,0.03379341,0.03379341,0.03379341,0.02668909,0.02668909,0.01145539,0.04452054,0.03379341,0.03379341,0.03379341,0.03379341,0.03379341,0.006233293,0.03379341,
0.03379341,0.02668909,0.03379341,0.02668909,0.01145539,0.02668909,0.02668909,0.03379341,0.03379341,0.02668909,0.03379341,0.03379341,0.01145539,0.04138008,0.03379341,0.03379341,0.03379341,0.02668909,0.04138008,0.02668909,0.02668909,0.04138008,0.03379341,0.03379341,0.03379341,0.03379341,0.01145539,0.03379341,0.02668909,0.03379341,
0.04138008,0.01145539,0.02668909,0.03379341,0.03379341,0.01145539,0.02668909,0.01145539,0.03379341,0.03379341,0.02668909,0.04138008,0.03379341,0.02668909,0.03379341,0.03379341,0.04138008,0.03379341,0.02668909,0.01145539,0.03379341,0.02668909,0.04138008,0.03379341,0.03379341,0.01145539,0.03379341,0.02668909,0.03379341,0.02668909,
0.02668909,0.03379341,0.02668909,0.03379341,0.04138008,0.03379341,0.02668909,0.03379341,0.03379341,0.03334953,0.01145539,0.03379341,0.03379341,0.03379341,0.01145539,0.03577803,0.03379341,0.02668909,0.02668909,0.03379341,0.04138008,0.04138008,0.02668909,0.03379341,0.01145539,0.007661432,0.02668909,0.02668909,0.03379341,0.02668909,
0.02668909,0.03379341,0.03379341,0.02668909,0.03379341,0.01145539,0.02508418,0.02668909,0.02668909,0.03379341,0.03379341,0.03379341,0.02668909,0.007661432,0.03447176,0.007661432,0.006099928,0.02668909,0.001574445,0.03379341,0.02668909,0.03379341,0.02668909,0.03334953,0.02668909,0.03577803,0.04471997,0.01145539,0.03379341,0.01145539,
0.03379341,0.02668909,0.01145539,0.04471997,0.01145539,0.007661432,0.03334953,0.03379341,0.03379341,0.02668909,0.02668909,0.03379341,0.007661432,0.03379341,0.01145539,0.03577803,0.03577803,0.007661432,0.01145539,0.007661432,0.02668909,0.02668909,0.03379341,0.03447176,0.02668909,0.04471997,0.03379341,0.01145539,0.03379341,0.006099928,
0.006099928,0.03379341,0.03379341,0.03379341,0.01145539,0.01145539,0.03379341,0.03447176,0.01145539,0.04471997,0.02668909,0.02668909,0.03379341,0.03379341,0.01145539,0.03379341,0.03379341,0.03379341,0.03334953,0.03577803,0.01145539,0.02668909,0.02668909,0.007661432,0.01145539,0.007661432,0.02668909,0.03379341,0.01145539,0.006099928,
0.03334953,0.03379341,0.007661432,0.03334953,0.03379341,0.007661432,0.04471997,0.03466856,0.006099928,0.02668909,0.03379341,0.03447176,0.03379341,0.006099928,0.03447176,0.03379341,0.03379341,0.03379341,0.03379341,0.03379341,0.03379341,0.02668909,0.01145539,0.03447176,0.03379341,0.007661432,0.007661432,0.01145539,0.03379341,0.02668909,
0.02668909,0.03379341,0.02668909,0.006099928,0.03334953,0.01075207,0.03447176,0.03447176,0.03379341,0.01145539,0.03334953,0.007661432,0.03379341,0.02668909,0.007661432,0.03379341,0.006099928,0.007661432,0.007661432,0.03379341,0.03379341,0.03334953,0.03379341,0.0324419,0.03379341,0.04471997,0.03379341,0.03379341,0.03379341,0.006099928,
0.03334953,0.02668909,0.03447176,0.006099928,0.03379341,0.03379341,0.03379341,0.03334953,0.006099928,0.03379341,0.03334953,0.007661432,0.01075207,0.007661432,0.03379341,0.03379341,0.03379341,0.02668909,0.006099928,0.03379341,0.007661432,0.006099928,0.03379341,0.03447176,0.007661432,0.007661432,0.03379341,0.03379341,0.006099928,0.03334953,
0.03334953,0.02668909,0.03379341,0.007661432,0.03379341,0.03379341,0.02668909,0.03334953,0.03379341,0.03379341,0.01075207,0.03334953,0.03379341,0.007661432,0.03447176,0.02993419,0.01789554,0.03334953,0.03379341,0.03334953,0.02668909,0.03379341,0.03447176,0.03334953,0.006099928,0.02668909,0.03379341,0.007661432,0.01075207,0.007661432,
0.007661432,0.01075207,0.03379341,0.01249056,0.03334953,0.03379341,0.006099928,0.03920206,0.007661432,0.007661432,0.006059456,0.03379341,0.03334953,0.03379341,0.02668909,0.03334953,0.006099928,0.02993419,0.03379341,0.007661432,0.03379341,0.03334953,0.03379341,0.02668909,0.007661432,0.03379341,0.03379341,0.01075207,0.007661432,0.03447176,
0.006099928,0.02993419,0.03334953,0.03447176,0.006099928,0.02668909,0.03379341,0.03334953,0.04740027,0.01249056,0.01075207,0.03334953,0.01075207,0.03334953,0.03379341,0.006099928,0.007661432,0.03334953,0.02668909,0.01249056,0.03379341,0.03334953,0.03334953,0.03379341,0.03379341,0.007661432,0.03379341,0.03379341,0.03334953,0.03379341,
0.03447176,0.006099928,0.03379341,0.03334953,0.01249056,0.03447176,0.01249056,0.03334953,0.03379341,0.01249056,0.03379341,0.006099928,0.006099928,0.007661432,0.04740027,0.03334953,0.006099928,0.03334953,0.03334953,0.03379341,0.03379341,0.03334953,0.007661432,0.02668909,0.03334953,0.03334953,0.007661432,0.007661432,0.03334953,0.03334953,
0.03379341,0.03334953,0.03379341,0.03334953,0.03334953,0.03334953,0.04740027,0.03379341,0.03334953,0.04740027,0.03447176,0.006099928,0.03379341,0.006099928,0.03334953,0.03334953,0.03334953,0.03334953,0.03334953,0.03334953,0.03379341,0.007661432,0.03334953,0.03379341,0.03334953,0.007661432,0.03334953,0.03379341,0.007661432,0.03379341,
0.03334953,0.04740027,0.03379341,0.03379341,0.03334953,0.03334953,0.03379341,0.03334953,0.007661432,0.04740027,0.03334953,0.007661432,0.006099928,0.03379341,0.03334953,0.01452451,0.03379341,0.03379341,0.006099928,0.03447176,0.03379341,0.03334953,0.007661432,0.03334953,0.03334953,0.03334953,0.03334953,0.007661432,0.03334953,0.04740027,
0.03334953,0.03334953,0.007661432,0.04740027,0.03379341,0.03334953,0.01969062,0.03334953,0.0470566,0.007661432,0.02219198,0.04740027,0.03379341,0.03379341,0.03334953,0.03379341,0.03334953,0.006099928,0.03379341,0.01452451,0.007661432,0.03334953,0.03379341,0.03334953,0.04206482,0.03379341,0.03334953,0.03447176,0.03340748,0.03334953,
0.03447176,0.03334953,0.04740027,0.04740027,0.03379341,0.04206482,0.03334953,0.03379341,0.04206482,0.03334953,0.007661432,0.03447176,0.04740027,0.03334953,0.01452451,0.03379341,0.007661432,0.03334953,0.03334953,0.03334953,0.03334953,0.03334953,0.03379341,0.03334953,0.03334953,0.007661432,0.03334953,0.03379341,0.01969062,0.02219198,
0.007661432,0.03334953,0.03334953,0.03334953,0.04206482,0.02219198,0.03447176,0.007661432,0.03334953,0.03334953,0.03334953,0.03334953,0.03379341,0.03379341,0.03334953,0.03334953,0.04206482,0.03379341,0.03379341,0.03334953,0.03334953,0.03379341,0.007661432,0.03447176,0.03334953,0.03334953,0.03334953,0.03334953,0.04740027,0.03334953,
0.03334953,0.03334953,0.03379341,0.03334953,0.03334953,0.03334953,0.03334953,0.03334953,0.03334953,0.01325283,0.03802832,0.03334953,0.03334953,0.03379341,0.04206482,0.03334953,0.03334953,0.03334953,0.03334953,0.03334953,0.03334953,0.007661432,0.03447176,0.007661432,0.03334953,0.03334953,0.03334953,0.03334953,0.03334953,0.03447176,
0.03447176,0.03334953,0.03334953,0.03334953,0.03447176,0.03334953,0.03334953,0.03334953,0.03334953,0.04206482,0.03334953,0.03802832,0.0144041,0.007661432,0.03334953,0.03447176,0.03447176,0.03334953,0.03334953,0.03334953,0.03334953,0.0487055,0.03447176,0.03334953,0.03334953,0.007661432,0.04206482,0.03447176,0.03334953,0.01325283,
0.03334953,0.03334953,0.03447176,0.04206482,0.007661432,0.01325283,0.03447176,0.03334953,0.03447176,0.03334953,0.01325283,0.03334953,0.0396161,0.03334953,0.03334953,0.03447176,0.03334953,0.03334953,0.04206482,0.03447176,0.03334953,0.03334953,0.03447176,0.03334953,0.03334953,0.03447176,0.03334953,0.03447176,0.03447176,0.0487055,
0.03447176,0.03334953,0.03334953,0.03334953,0.03334953,0.01325283,0.03334953,0.0396161,0.03334953,0.04206482,0.03334953,0.03334953,0.03334953,0.03334953,0.03334953,0.03334953,0.03334953,0.004806495,0.03334953,0.04206482,0.01325283,0.03447176,0.03447176,0.03334953,0.03334953,0.03334953,0.03447176,0.03334953,0.03447176,0.03447176,
0.03334953,0.03447176,0.03447176,0.03334953,0.03334953,0.03133532,0.03334953,0.03334953,0.004806495,0.0396161,0.03334953,0.03334953,0.03447176,0.03447176,0.03334953,0.03334953,0.03334953,0.03334953,0.04206482,0.03334953,0.004806495,0.03334953,0.03334953,0.03447176,0.04206482,0.03334953,0.03334953,0.03334953,0.03447176,0.03334953,
0.03334953,0.03334953,0.03447176,0.04206482,0.0275714,0.03334953,0.03334953,0.03334953,0.03334953,0.004806495,0.03447176,0.03334953,0.03334953,0.03334953,0.03133532,0.03334953,0.03334953,0.03334953,0.03334953,0.03334953,0.0396161,0.03334953,0.004806495,0.03334953,0.03334953,0.03334953,0.03133532,0.03334953,0.04206482,0.03447176,
0.03334953,0.03334953,0.03334953,0.0396161,0.02182264,0.03334953,0.03334953,0.02277472,0.03447176,0.03334953,0.0275714,0.0396161,0.03334953,0.001676357,0.03334953,0.03334953,0.03447176,0.03334953,0.004806495,0.03334953,0.03334953,0.01635741,0.03133532,0.03334953,0.03133532,0.03334953,0.03334953,0.03334953,0.03334953,0.03334953,
0.03447176,0.03334953,0.03334953,0.03334953,0.03447176,0.03334953,0.03334953,0.03334953,0.03334953,0.03334953,0.0275714,0.03133532,0.03334953,0.03334953,0.03334953,0.03334953,0.01635741,0.03334953,0.03334953,0.03334953,0.001676357,0.02182264,0.0396161,0.03447176,0.03334953,0.03334953,0.004806495,0.03334953,0.03447176,0.03334953,
0.03334953,0.03447176,0.03334953,0.004806495,0.03447176,0.03447176,0.03334953,0.03133532,0.03334953,0.03334953,0.02182264,0.03447176,0.03334953,0.04254928,0.03334953,0.03447176,0.03334953,0.03334953,0.001676357,0.03334953,0.02182264,0.03334953,0.03334953,0.03334953,0.03334953,0.03334953,0.03334953,0.03334953,0.03334953,0.0275714,
0.03334953,0.03447176,0.01796429,0.03447176,0.03334953,0.03334953,0.004806495,0.03334953,0.03447176,0.03334953,0.0275714,0.04254928,0.03334953,0.03334953,0.03334953,0.03334953,0.03334953,0.03133532,0.03334953,0.03334953,0.03334953,0.03447176,0.03334953,0.03334953,0.03334953,0.03133532,0.03334953,0.03447176,0.02182264,0.04215139,
0.03334953,0.03334953,0.03334953,0.03133532,0.04215139,0.03447176,0.03334953,0.03334953,0.03334953,0.03334953,0.03447176,0.03447176,0.03334953,0.0275714,0.03334953,0.03334953,0.03334953,0.03334953,0.04254928,0.02286096,0.03447176,0.03447176,0.04254928,0.03133532,0.03334953,0.03133532,0.04254928,0.03334953,0.0275714,0.03133532,
0.03334953,0.03334953,0.03334953,0.03334953,0.03133532,0.0275714,0.03334953,0.03447176,0.03334953,0.0275714,0.03447176,0.04254928,0.03334953,0.03334953,0.03447176,0.0275714,0.04254928,0.04254928,0.04215139,0.04554051,0.04254928,0.03334953,0.0275714,0.03334953,0.03334953,0.0275714,0.03447176,0.03334953,0.03447176,0.03447176,
0.03447176,0.03447176,0.03334953,0.04254928,0.04254928,0.03447176,0.04349053,0.03334953,0.0275714,0.04215139,0.03334953,0.03334953,0.03334953,0.03133532,0.03334953,0.04215139,0.03334953,0.03447176,0.04254928,0.01889678,0.03447176,0.03334953,0.04254928,0.03447176,0.03447176,0.03334953,0.02543021,0.04215139,0.03447176,0.04254928,
0.04254928,0.03447176,0.03334953,0.03447176,0.03334953,0.03447176,0.01889678,0.04254928,0.03447176,0.006861448,0.04349053,0.04254928,0.03447176,0.02543021,0.03334953,0.03447176,0.04254928,0.03334953,0.04349053,0.03447176,0.03447176,0.04254928,0.03447176,0.03334953,0.04215139,0.03334953,0.03447176,0.03334953,0.03447176,0.04215139,
0.006861448,0.04349053,0.03447176,0.03447176,0.03447176,0.03334953,0.03447176,0.04215139,0.01418805,0.04349053,0.03334953,0.03334953,0.04215139,0.04254928,0.03334953,0.006861448,0.03447176,0.03334953,0.03447176,0.04215139,0.04254928,0.03334953,0.03447176,0.03447176,0.03447176,0.04254928,0.03334953,0.03447176,0.04215139,0.02543021,
0.04254928,0.006861448,0.04349053,0.04215139,0.002636695,0.04349053,0.03447176,0.04349053,0.006861448,0.04254928,0.03447176,0.04254928,0.03334953,0.03447176,0.04254928,0.04349053,0.03447176,0.03447176,0.03447176,0.03447176,0.03447176,0.03447176,0.03334953,0.03447176,0.03447176,0.02543021,0.04215139,0.04254928,0.03334953,0.006861448,
0.006861448,0.04215139,0.02180469,0.03334953,0.04215139,0.04254928,0.03334953,0.04254928,0.04254928,0.03447176,0.006861448,0.03447176,0.006861448,0.03447176,0.04350242,0.04215139,0.04349053,0.04254928,0.03447176,0.03447176,0.03447176,0.002636695,0.006861448,0.006861448,0.03447176,0.03334953,0.03334953,0.04349053,0.03027464,0.03447176,
0.03447176,0.002636695,0.03334953,0.006861448,0.04254928,0.04215139,0.02180469,0.04254928,0.04254928,0.03447176,0.03334953,0.006861448,0.04254928,0.03447176,0.03334953,0.02180469,0.03447176,0.005523783,0.04029683,0.03334953,0.006861448,0.04215139,0.03447176,0.03447176,0.006861448,0.006465411,0.002636695,0.04215139,0.03334953,0.03447176,
0.03447176,0.03334953,0.03447176,0.03447176,0.04215139,0.006861448,0.03447176,0.005523783,0.006861448,0.03334953,0.04254928,0.03447176,0.02434194,0.006861448,0.03334953,0.006861448,0.02180469,0.002636695,0.03447176,0.006861448,0.04215139,0.03447176,0.04254928,0.03447176,0.03447176,0.02180469,0.04215139,0.006861448,0.006861448,0.03447176,
0.03447176,0.03447176,0.02434194,0.03334953,0.02434194,0.04215139,0.03447176,0.005523783,0.04254928,0.03447176,0.03447176,0.03447176,0.03447176,0.006861448,0.03447176,0.006861448,0.02434194,0.02180469,0.03447176,0.03447176,0.03447176,0.006861448,0.002636695,0.006861448,0.005523783,0.006861448,0.03447176,0.03447176,0.006861448,0.03447176,
0.006861448,0.005523783,0.004943228,0.03447176,0.04254928,0.04215139,0.02434194,0.03447176,0.04215139,0.006861448,0.03447176,0.03447176,0.006861448,0.006861448,0.03447176,0.03447176,0.006861448,0.03447176,0.03447176,0.03447176,0.006861448,0.02180469,0.03447176,0.03447176,0.03447176,0.006861448,0.03334953,0.04254928,0.03447176,0.006861448,
0.02180469,0.04215139,0.006861448,0.004943228,0.04215139,0.02180469,0.006861448,0.03447176,0.03447176,0.03447176,0.04254928,0.04215139,0.03447176,0.03447176,0.006861448,0.004943228,0.03447176,0.005523783,0.04215139,0.004943228,0.03447176,0.03447176,0.03447176,0.03447176,0.02061484,0.04215139,0.03447176,0.006861448,0.03447176,0.03447176,
0.03447176,0.006861448,0.04254928,0.04215139,0.04215139,0.04942345,0.03447176,0.004943228,0.04215139,0.03188661,0.006861448,0.04215139,0.02180469,0.04215139,0.04215139,0.04215139,0.02180469,0.03447176,0.03447176,0.03447176,0.03447176,0.004943228,0.03447176,0.03447176,0.03447176,0.02061484,0.03447176,0.03447176,0.005523783,0.004943228,
0.005523783,0.03447176,0.004943228,0.006861448,0.02180469,0.004943228,0.03447176,0.04254928,0.04215139,0.03447176,0.006861448,0.004943228,0.004943228,0.04215139,0.04215139,0.004943228,0.005523783,0.03447176,0.03447176,0.03447176,0.04254928,0.004943228,0.006861448,0.03447176,0.006861448,0.03447176,0.03447176,0.004943228,0.04215139,0.04942345,
0.04215139,0.03447176,0.03447176,0.03447176,0.006861448,0.005523783,0.04254928,0.03447176,0.004943228,0.04215139,0.04215139,0.006861448,0.004943228,0.004943228,0.004943228,0.006861448,0.005523783,0.03447176,0.006861448,0.03447176,0.006861448,0.006861448,0.01549083,0.04215139,0.03447176,0.04215139,0.004943228,0.04942345,0.03447176,0.0313655,
0.03447176,0.04215139,0.006861448,0.006861448,0.004943228,0.005523783,0.03447176,0.03447176,0.006861448,0.03447176,0.04215139,0.005185628,0.004943228,0.03447176,0.006861448,0.04215139,0.006861448,0.006861448,0.04215139,0.01549083,0.03447176,0.006861448,0.03447176,0.03447176,0.04215139,0.004943228,0.004943228,0.03447176,0.03447176,0.04215139,
0.03447176,0.03447176,0.03447176,0.004943228,0.03447176,0.04215139,0.004943228,0.03447176,0.03447176,0.006861448,0.03447176,0.04215139,0.006861448,0.03447176,0.04215139,0.006861448,0.02067716,0.004943228,0.03447176,0.006861448,0.04215139,0.005523783,0.03447176,0.004943228,0.004943228,0.03447176,0.004943228,0.04215139,0.006861448,0.04215139,
0.04215139,0.03447176,0.04215139,0.004943228,0.004943228,0.004943228,0.04215139,0.03447176,0.03447176,0.03447176,0.004943228,0.04215139,0.006463045,0.006861448,0.03447176,0.03447176,0.04960901,0.03165343,0.004943228,0.006861448,0.03447176,0.004943228,0.004943228,0.04215139,0.03447176,0.03447176,0.04215139,0.004943228,0.03447176,0.006861448,
0.04215139,0.03447176,0.04215139,0.006463045,0.03447176,0.004943228,0.03447176,0.03447176,0.004943228,0.03447176,0.03447176,0.04960901,0.04215139,0.006861448,0.04215139,0.03447176,0.03447176,0.006861448,0.004943228,0.004943228,0.03447176,0.004943228,0.03447176,0.004943228,0.006861448,0.006861448,0.04215139,0.03447176,0.03447176,0.004943228,
0.04215139,0.006861448,0.03447176,0.004943228,0.03447176,0.04215139,0.006861448,0.006861448,0.04215139,0.03447176,0.03447176,0.03447176,0.03447176,0.03447176,0.03447176,0.006861448,0.03447176,0.03447176,0.004943228,0.005911732,0.03447176,0.004943228,0.03447176,0.004943228,0.004943228,0.03447176,0.004943228,0.04215139,0.03447176,0.03447176,
0.004943228,0.006861448,0.03447176,0.03447176,0.03447176,0.04215139,0.03447176,0.005911732,0.03447176,0.03447176,0.004943228,0.04215139,0.004943228,0.006861448,0.004943228,0.006861448,0.03447176,0.03447176,0.005828464,0.03447176,0.006861448,0.04215139,0.004943228,0.03447176,0.004943228,0.03447176,0.04152336,0.004943228,0.03447176,0.006861448,
0.005911732,0.03447176,0.006861448,0.004943228,0.004943228,0.006861448,0.03447176,0.03447176,0.004943228,0.03447176,0.03447176,0.04215139,0.004943228,0.02535462,0.004943228,0.004943228,0.004943228,0.03447176,0.03447176,0.006861448,0.04215139,0.03447176,0.04152336,0.004943228,0.03447176,0.004943228,0.006861448,0.004943228,0.005911732,0.006861448,
0.004943228,0.004943228,0.03447176,0.03447176,0.03447176,0.006861448,0.006861448,0.004943228,0.03447176,0.004943228,0.02647961,0.04152336,0.006861448,0.03447176,0.005911732,0.04103683,0.000885272,0.006861448,0.005911732,0.03447176,0.03447176,0.03447176,0.005911732,0.03447176,0.006861448,0.006861448,0.004943228,0.03447176,0.005911732,0.04190959,
0.02647961,0.04190959,0.02647961,0.03447176,0.03447176,0.005911732,0.004943228,0.03447176,0.006861448,0.004943228,0.004943228,0.004943228,0.004943228,0.005911732,0.004943228,0.03447176,0.001721239,0.006861448,0.008128471,0.03447176,0.005911732,0.005911732,0.03447176,0.03663207,0.004943228,0.000885272,0.03447176,0.005911732,0.006861448,0.006861448,
0.02647961,0.001721239,0.04282664,0.004943228,0.001721239,0.004943228,0.03447176,0.006861448,0.02647961,0.005911732,0.006861448,0.004943228,0.006861448,0.001721239,0.03447176,0.005911732,0.004943228,0.004943228,0.004943228,0.004943228,0.004943228,0.004943228,0.006861448,0.04190959,0.008128471,0.02647961,0.006861448,0.004943228,0.03663207,0.000885272,
0.001721239,0.004943228,0.001721239,0.03447176,0.004943228,0.02647961,0.005911732,0.02498928,0.001721239,0.04282664,0.004943228,0.005911732,0.02647961,0.001721239,0.004943228,0.02647961,0.004943228,0.004943228,0.006861448,0.000885272,0.004943228,0.02647961,0.02647961,0.03415233,0.004943228,0.004943228,0.001721239,0.006861448,0.004943228,0.004943228,
0.001721239,0.001721239,0.02498928,0.04282664,0.001721239,0.02647961,0.001721239,0.004943228,0.004943228,0.005911732,0.000885272,0.001721239,0.02647961,0.004943228,0.004943228,0.000885272,0.004943228,0.001721239,0.02647961,0.001721239,0.02498928,0.004943228,0.004943228,0.004943228,0.03447176,0.004943228,0.004943228,0.004943228,0.02647961,0.006861448,
0.000885272,0.001721239,0.02498928,0.004943228,0.02647961,0.001721239,0.004943228,0.006861448,0.001721239,0.02498928,0.001721239,0.03447176,0.004943228,0.04282664,0.004943228,0.02647961,0.02647961,0.0140333,0.001721239,0.02647961,0.004943228,0.02498928,0.03447176,0.04247743,0.004943228,0.001721239,0.02498928,0.001721239,0.02647961,0.004943228,
0.02647961,0.03447176,0.004943228,0.0140333,0.02647961,0.02647961,0.001721239,0.001721239,0.04282664,0.001721239,0.001721239,0.02498928,0.02498928,0.02647961,0.03447176,0.02498928,0.001721239,0.004943228,0.004943228,0.004943228,0.02647961,0.004943228,0.02647961,0.03447176,0.000885272,0.001721239,0.02498928,0.02647961,0.02647961,0.000885272,
0.03447176,0.02647961,0.004943228,0.001721239,0.02647961,0.02647961,0.03447176,0.02647961,0.0140333,0.02498928,0.03447176,0.02647961,0.03447176,0.02647961,0.02498928,0.02647961,0.01361546,0.000885272,0.0140333,0.02498928,0.04282664,0.03447176,0.02647961,0.03447176,0.004943228,0.004943228,0.001721239,0.02647961,0.02498928,0.004943228,
0.01361546,0.004943228,0.02647961,0.03447176,0.02498928,0.0140333,0.03953309,0.02498928,0.02647961,0.02647961,0.03447176,0.01361546,0.02498928,0.03447176,0.001721239,0.02616625,0.001721239,0.004943228,0.004943228,0.03447176,0.03447176,0.02498928,0.0140333,0.03447176,0.02498928,0.03447176,0.02498928,0.01861061,0.001721239,0.0140333,
0.01361546,0.03447176,0.02498928,0.03447176,0.03447176,0.02498928,0.01361546,0.03447176,0.03447176,0.02498928,0.01361546,0.02498928,0.02647961,0.03953309,0.001721239,0.01361546,0.03447176,0.01361546,0.01361546,0.02647961,0.02647961,0.02498928,0.02498928,0.03953309,0.03447176,0.03447176,0.03447176,0.02647961,0.02498928,0.02647961,
0.03447176,0.01361546,0.02647961,0.03447176,0.01361546,0.02647961,0.02498928,0.02498928,0.03447176,0.02647961,0.03447176,0.03447176,0.03447176,0.01361546,0.03447176,0.02498928,0.03447176,0.02498928,0.003603971,0.02498928,0.02498928,0.02498928,0.01961695,0.03705175,0.01361546,0.02498928,0.02924113,0.001721239,0.02498928,0.02647961,
0.02647961,0.03447176,0.01361546,0.03705175,0.02498928,0.01361546,0.02498928,0.001721239,0.022689,0.02647961,0.02647961,0.02498928,0.02647961,0.01961695,0.03447176,0.02647961,0.03447176,0.02647961,0.02498928,0.01961695,0.03447176,0.003603971,0.03447176,0.02245354,0.01361546,0.03447176,0.03447176,0.02498928,0.02647961,0.01361546,
0.03447176,0.003603971,0.03447176,0.03447176,0.02647961,0.02647961,0.02647961,0.03447176,0.01961695,0.02647961,0.001721239,0.03447176,0.003603971,0.03447176,0.02647961,0.003603971,0.03447176,0.01361546,0.02647961,0.02647961,0.02647961,0.003603971,0.03447176,0.002039933,0.003603971,0.01961695,0.02498928,0.009561605,0.03447176,0.01361546,
0.003603971,0.03447176,0.009561605,0.03447176,0.03447176,0.01361546,0.03447176,0.03447176,0.03447176,0.02647961,0.003603971,0.03447176,0.003603971,0.03447176,0.02498928,0.003603971,0.03447176,0.03447176,0.007822091,0.009561605,0.03447176,0.03447176,0.01361546,0.009561605,0.02647961,0.003603971,0.03447176,0.002039933,0.03447176,0.04154943,
0.03447176,0.003603971,0.03447176,0.03447176,0.02498928,0.03447176,0.003603971,0.04154943,0.03447176,0.03447176,0.03854213,0.003603971,0.04154943,0.04154943,0.009561605,0.03447176,0.03447176,0.01361546,0.03447176,0.04154943,0.03447176,0.04154943,0.003603971,0.01361546,0.009561605,0.03447176,0.03447176,0.009561605,0.03447176,0.009561605,
0.03447176,0.03447176,0.003603971,0.03447176,0.03447176,0.04154943,0.003603971,0.008774966,0.01361546,0.04154943,0.03447176,0.003603971,0.003603971,0.03447176,0.04154943,0.009561605,0.03447176,0.03447176,0.03447176,0.03642714,0.02498928,0.03447176,0.01361546,0.03447176,0.03854213,0.003603971,0.03447176,0.03447176,0.003603971,0.04154943,
0.03447176,0.003603971,0.03447176,0.04154943,0.03447176,0.008774966,0.03447176,0.03447176,0.03447176,0.03642714,0.01361546,0.04154943,0.04154943,0.04154943,0.03447176,0.04154943,0.03447176,0.003603971,0.003603971,0.03642714,0.03447176,0.04154943,0.03642714,0.03642714,0.03447176,0.03447176,0.02233216,0.03642714,0.02498928,0.01361546,
0.03447176,0.04154943,0.003603971,0.04154943,0.03447176,0.02498928,0.04154943,0.03642714,0.003603971,0.04154943,0.02498928,0.003603971,0.03447176,0.01361546,0.03642714,0.03447176,0.03447176,0.03642714,0.03447176,0.008774966,0.04154943,0.04154943,0.003603971,0.04154943,0.03447176,0.04154943,0.03642714,0.04154943,0.03447176,0.03447176,
0.04154943,0.04154943,0.04154943,0.03447176,0.003603971,0.02693199,0.04154943,0.04154943,0.03447176,0.03447176,0.04154943,0.04154943,0.03447176,0.02695037,0.04154943,0.04154943,0.02498928,0.01361546,0.04154943,0.03642714,0.003603971,0.04154943,0.02498928,0.04154943,0.03447176,0.01361546,0.003603971,0.04158581,0.04154943,0.03447176,
0.04154943,0.04154943,0.003603971,0.03447176,0.04158581,0.01361546,0.003603971,0.03447176,0.03447176,0.01183155,0.04154943,0.04154943,0.03447176,0.02498928,0.03642714,0.04154943,0.003603971,0.04154943,0.03447176,0.02498928,0.03447176,0.04154943,0.03642714,0.03447176,0.003603971,0.02695037,0.04154943,0.04154943,0.04154943,0.04154943,
0.03447176,0.03447176,0.003603971,0.03447176,0.04154943,0.02498928,0.04154943,0.02695037,0.03642714,0.04154943,0.02498928,0.04154943,0.03447176,0.04154943,0.04154943,0.01361546,0.003603971,0.04154943,0.04154943,0.03447176,0.04154943,0.003603971,0.03447176,0.04154943,0.01409777,0.03447176,0.02695037,0.03447176,0.04154943,0.04154943,
0.04154943,0.04154943,0.04154943,0.01361546,0.03642714,0.04154943,0.02695037,0.007938039,0.03447176,0.03447176,0.03447176,0.01401213,0.02695037,0.01361546,0.04154943,0.003603971,0.02695037,0.003603971,0.0377828,0.003603971,0.04154943,0.03447176,0.03447176,0.03447176,0.01409777,0.04154943,0.04154943,0.03447176,0.04154943,0.02982604,
0.02982604,0.04154943,0.03447176,0.004989153,0.03447176,0.01409777,0.04154943,0.04154943,0.02982604,0.04154943,0.03447176,0.003603971,0.003603971,0.02695037,0.04154943,0.01361546,0.04154943,0.04154943,0.03642714,0.03447176,0.04154943,0.003603971,0.03447176,0.03447176,0.03447176,0.04154943,0.02982604,0.02695037,0.03447176,0.01361546,
0.03447176,0.004989153,0.04154943,0.03642714,0.04154943,0.004989153,0.03447176,0.02695037,0.04154943,0.01361546,0.04154943,0.04154943,0.03447176,0.03447176,0.04154943,0.03447176,0.02695037,0.04154943,0.04154943,0.03447176,0.03447176,0.03447176,0.04154943,0.03447176,0.01361546,0.03447176,0.04154943,0.003603971,0.03642714,0.03642714,
0.01361546,0.03447176,0.004989153,0.01361546,0.03447176,0.03447176,0.03447176,0.003603971,0.03447176,0.04154943,0.009803498,0.04154943,0.03447176,0.004989153,0.04154943,0.02810237,0.03447176,0.03447176,0.04154943,0.03447176,0.03642714,0.004989153,0.01361546,0.04154943,0.003603971,0.04154943,0.02647034,0.03642714,0.03447176,0.03642714,
0.01361546,0.004989153,0.03447176,0.01361546,0.004989153,0.03447176,0.03447176,0.04154943,0.03642714,0.003603971,0.02363758,0.03554586,0.04154943,0.03447176,0.03447176,0.03447176,0.004989153,0.03447176,0.04154943,0.008188337,0.03447176,0.004182041,0.03447176,0.04154943,0.004592055,0.03642714,0.003603971,0.04361236,0.04154943,0.004989153,
0.03447176,0.004182041,0.03447176,0.01361546,0.004989153,0.03447176,0.003603971,0.004989153,0.03642714,0.04154943,0.01361546,0.004182041,0.008188337,0.02363758,0.04154943,0.004989153,0.03447176,0.03447176,0.03447176,0.02580768,0.03447176,0.004592055,0.03447176,0.003603971,0.004989153,0.004989153,0.04154943,0.03447176,0.01361546,0.04154943,
0.03447176,0.03447176,0.04154943,0.03447176,0.01361546,0.02782581,0.02580768,0.03447176,0.004592055,0.003603971,0.03447176,0.004989153,0.03447176,0.004989153,0.03447176,0.004989153,0.04154943,0.01575609,0.004592055,0.004989153,0.008188337,0.03447176,0.03447176,0.01361546,0.03447176,0.004989153,0.03447176,0.03447176,0.004182041,0.004989153,
0.03447176,0.03447176,0.03447176,0.03447176,0.02782581,0.004182041,0.03447176,0.004989153,0.03447176,0.02580768,0.004989153,0.02580768,0.03447176,0.004989153,0.03447176,0.004989153,0.03447176,0.004989153,0.004989153,0.03447176,0.03447176,0.008188337,0.004592055,0.002076322,0.004989153,0.03447176,0.03447176,0.04600097,0.004989153,0.04154943,
0.004592055,0.008188337,0.03447176,0.03447176,0.004989153,0.03447176,0.03447176,0.03447176,0.008188337,0.03447176,0.004989153,0.02782581,0.03447176,0.004989153,0.04154943,0.004989153,0.004989153,0.002076322,0.03447176,0.03447176,0.04600097,0.004989153,0.004592055,0.03447176,0.03447176,0.004989153,0.004989153,0.008188337,0.004182041,0.03447176,
0.03447176,0.004989153,0.004989153,0.004182041,0.03447176,0.03447176,0.002076322,0.03447176,0.03447176,0.03447176,0.03447176,0.03447176,0.004592055,0.008188337,0.03447176,0.008188337,0.004182041,0.04600097,0.002076322,0.004182041,0.004592055,0.004592055,0.004989153,0.004989153,0.03447176,0.004989153,0.04154943,0.02782581,0.04600097,0.004592055,
0.03447176,0.002076322,0.03447176,0.04154943,0.03447176,0.004592055,0.03447176,0.004989153,0.004182041,0.004989153,0.004989153,0.002076322,0.03447176,0.008188337,0.004989153,0.004182041,0.03447176,0.04600097,0.004989153,0.004592055,0.004989153,0.04600097,0.02782581,0.004182041,0.03447176,0.004592055,0.004592055,0.03447176,0.03447176,0.03447176,
0.03447176,0.002076322,0.03447176,0.004989153,0.004989153,0.03447176,0.03447176,0.004989153,0.004989153,0.02782581,0.03447176,0.002076322,0.004182041,0.004182041,0.03447176,0.004182041,0.004989153,0.03447176,0.004182041,0.004989153,0.004989153,0.02782581,0.004989153,0.03447176,0.004989153,0.04600097,0.004592055,0.03447176,0.004989153,0.002076322,
0.002076322,0.004989153,0.004989153,0.004989153,0.004989153,0.03447176,0.004592055,0.002076322,0.03447176,0.03447176,0.02782581,0.004989153,0.004989153,0.03447176,0.004182041,0.004989153,0.002076322,0.02782581,0.03447176,0.03447176,0.03447176,0.004989153,0.004989153,0.03447176,0.004182041,0.03447176,0.03447176,0.004989153,0.004182041,0.002076322,
0.03447176,0.03447176,0.03447176,0.02782581,0.002076322,0.03447176,0.004989153,0.004989153,0.004592055,0.03447176,0.002076322,0.03447176,0.002076322,0.03447176,0.004592055,0.03447176,0.002076322,0.004592055,0.004592055,0.03447176,0.002076322,0.004182041,0.02782581,0.03447176,0.002076322,0.002076322,0.02782581,0.03447176,0.004182041,0.03447176,
0.03447176,0.03447176,0.004592055,0.03447176,0.004989153,0.01508341,0.004989153,0.004989153,0.02782581,0.002076322,0.03447176,0.004989153,0.004989153,0.002076322,0.004182041,0.03447176,0.03447176,0.03447176,0.03447176,0.03447176,0.004592055,0.03447176,0.02782581,0.03447176,0.002076322,0.004592055,0.004182041,0.02782581,0.004592055,0.004592055,
0.004592055,0.004592055,0.03447176,0.004182041,0.03447176,0.004592055,0.02782581,0.004182041,0.004182041,0.004592055,0.004989153,0.02782581,0.03447176,0.0259135,0.002076322,0.004182041,0.02782581,0.03447176,0.03447176,0.03447176,0.004592055,0.004989153,0.004182041,0.004592055,0.004592055,0.03447176,0.03447176,0.004182041,0.004592055,0.01508341,
0.03447176,0.004182041,0.004592055,0.03447176,0.004592055,0.004182041,0.004182041,0.004592055,0.03447176,0.004182041,0.03447176,0.004592055,0.004182041,0.02782581,0.004989153,0.03447176,0.004989153,0.02782581,0.004182041,0.02782581,0.01508341,0.004182041,0.004592055,0.004182041,0.03447176,0.03447176,0.03447176,0.02782581,0.004182041,0.0259135,
0.02782581,0.004592055,0.004592055,0.004592055,0.03447176,0.004592055,0.02587166,0.004182041,0.03447176,0.03447176,0.03836695,0.02782581,0.004182041,0.004182041,0.03048683,0.004182041,0.004989153,0.0259135,0.03447176,0.004182041,0.004182041,0.03447176,0.03447176,0.03447176,0.004592055,0.004989153,0.03447176,0.03447176,0.004989153,0.004182041,
0.004989153,0.02782581,0.004592055,0.004182041,0.004989153,0.004592055,0.004989153,0.03447176,0.02782581,0.03447176,0.03161968,0.004592055,0.02587166,0.004592055,0.03447176,0.004182041,0.004592055,0.004182041,0.004182041,0.004182041,0.03447176,0.004592055,0.02782581,0.03447176,0.004182041,0.004592055,0.03836695,0.004182041,0.02782581,0.004592055,
0.004182041,0.004182041,0.02782581,0.004182041,0.004592055,0.004182041,0.03836695,0.004592055,0.004592055,0.004989153,0.004182041,0.004592055,0.02782581,0.004989153,0.004182041,0.004592055,0.03447176,0.004592055,0.02782581,0.03836695,0.004182041,0.004182041,0.004182041,0.02782581,0.02782581,0.03447176,0.004592055,0.004592055,0.004592055,0.004592055,
0.004592055,0.004592055,0.004182041,0.004182041,0.004592055,0.004182041,0.004182041,0.03447176,0.004592055,0.004592055,0.004592055,0.004592055,0.03447176,0.004989153,0.004182041,0.004592055,0.004592055,0.004182041,0.004592055,0.02782581,0.004182041,0.004592055,0.004182041,0.02782581,0.004182041,0.004592055,0.02782581,0.02782581,0.02782581,0.004182041,
0.004592055,0.004182041,0.004182041,0.004182041,0.004592055,0.004592055,0.004182041,0.03447176,0.02782581,0.004182041,0.004592055,0.004182041,0.004592055,0.04499,0.004182041,0.03447176,0.004592055,0.004182041,0.03447176,0.004592055,0.02782581,0.004592055,0.004592055,0.02782581,0.004592055,0.004182041,0.004182041,0.004182041,0.004592055,0.004592055,
0.03447176,0.02782581,0.03447176,0.004182041,0.004182041,0.03447176,0.03447176,0.02782581,0.004592055,0.004592055,0.004182041,0.004182041,0.02782581,0.004592055,0.004182041,0.004592055,0.02782581,0.004592055,0.004592055,0.03447176,0.004592055,0.02782581,0.004592055,0.004592055,0.004592055,0.004592055,0.004592055,0.004182041,0.004592055,0.03447176,
0.004182041,0.004592055,0.004592055,0.004592055,0.004182041,0.004592055,0.004182041,0.004592055,0.004182041,0.02782581,0.02782581,0.03447176,0.004592055,0.004182041,0.004592055,0.004592055,0.004592055,0.004592055,0.004592055,0.004592055,0.03447176,0.004592055,0.004592055,0.02782581,0.02782581,0.004182041,0.004182041,0.04224885,0.03020965,0.02782581,
0.02782581,0.004592055,0.004592055,0.02782581,0.004592055,0.004592055,0.004182041,0.004592055,0.004592055,0.004592055,0.02782581,0.02782581,0.03020965,0.02782581,0.004182041,0.02782581,0.004592055,0.04224885,0.004182041,0.04224885,0.004592055,0.004592055,0.004592055,0.02782581,0.004592055,0.004592055,0.004592055,0.004182041,0.004182041,0.004592055,
0.004592055,0.004592055,0.004592055,0.004592055,0.02782581,0.004304177,0.02782581,0.004592055,0.004182041,0.004592055,0.03020965,0.02782581,0.004592055,0.03020965,0.004592055,0.004182041,0.02782581,0.004182041,0.02782581,0.02782581,0.04224885,0.04224885,0.004182041,0.004592055,0.004182041,0.004592055,0.004592055,0.02782581,0.004592055,0.004592055,
0.02782581,0.004592055,0.004182041,0.04224885,0.004592055,0.04224885,0.02782581,0.02782581,0.02782581,0.004592055,0.03020965,0.004592055,0.004592055,0.03020965,0.02782581,0.004182041,0.004592055,0.004182041,0.004592055,0.004182041,0.004182041,0.004592055,0.004182041,0.004304177,0.004592055,0.02782581,0.02632612,0.004592055,0.004182041,0.004182041,
0.004592055,0.004182041,0.03020965,0.02782581,0.004182041,0.004592055,0.02782581,0.004182041,0.02782581,0.004182041,0.03020965,0.02782581,0.04224885,0.02782581,0.004182041,0.004182041,0.004592055,0.004592055,0.004592055,0.004182041,0.004304177,0.02782581,0.0263699,0.01494971,0.004592055,0.004592055,0.004182041,0.02782581,0.004304177,0.004592055,
0.004592055,0.004304177,0.02782581,0.0122165,0.0285486,0.004304177,0.004592055,0.004592055,0.02782581,0.004592055,0.03020965,0.02782581,0.02782581,0.02782581,0.004592055,0.004182041,0.004182041,0.02782581,0.001032722,0.004304177,0.02782581,0.04224885,0.004592055,0.004182041,0.004304177,0.004592055,0.004304177,0.02782581,0.02125648,0.02524222,
0.004304177,0.004592055,0.004304177,0.04224885,0.02782581,0.004592055,0.001032722,0.004182041,0.04224885,0.02782581,0.02125648,0.004182041,0.004182041,0.004182041,0.02782581,0.02782581,0.02125648,0.02524222,0.004592055,0.03020965,0.02782581,0.004592055,0.004182041,0.004592055,0.02782581,0.02005397,0.004182041,0.0122165,0.02782581,0.004304177,
0.004182041,0.0122165,0.004182041,0.004304177,0.004592055,0.004182041,0.01897183,0.02782581,0.02125648,0.004592055,0.004304177,0.02782581,0.004182041,0.02782581,0.001032722,0.004304177,0.0122165,0.004182041,0.004592055,0.004304177,0.02782581,0.02782581,0.02782581,0.02005397,0.004182041,0.03020965,0.02782581,0.004182041,0.02782581,0.004304177,
0.004182041,0.004182041,0.02782581,0.004592055,0.004304177,0.0122165,0.004304177,0.004182041,0.004304177,0.004592055,0.02005397,0.004182041,0.004304177,0.004182041,0.004182041,0.004304177,0.004182041,0.02782581,0.0122165,0.004182041,0.004182041,0.004182041,0.004304177,0.004182041,0.004182041,0.02782581,0.004592055,0.02782581,0.02782581,0.004304177,
0.004304177,0.004182041,0.004182041,0.004182041,0.02782581,0.0495896,0.004304177,0.0009589732,0.004182041,0.02782581,0.004182041,0.02782581,0.02005397,0.02782581,0.004182041,0.004304177,0.02782581,0.004182041,0.02782581,0.004182041,0.004304177,0.02005397,0.004182041,0.004182041,0.004592055,0.004304177,0.0122165,0.004592055,0.004304177,0.0122165,
0.004304177,0.004304177,0.004304177,0.02782581,0.02782581,0.0495896,0.004182041,0.004182041,0.03277672,0.02005397,0.004182041,0.004182041,0.004182041,0.02005397,0.004304177,0.004304177,0.02782581,0.0009589732,0.02782581,0.02231808,0.00807746,0.004304177,0.02005397,0.0122165,0.004182041,0.02782581,0.004304177,0.004182041,0.004304177,0.02782581,
0.004304177,0.0122165,0.02782581,0.004304177,0.001430017,0.004304177,0.004304177,0.00807746,0.0009589732,0.02782581,0.02890089,0.0009589732,0.004182041,0.004182041,0.004304177,0.004304177,0.0122165,0.004304177,0.004182041,0.004304177,0.0495896,0.02005397,0.02782581,0.02005397,0.004304177,0.00807746,0.004304177,0.02782581,0.0147102,0.004182041,
0.02782581,0.00807746,0.004182041,0.01249099,0.004304177,0.004304177,0.0495896,0.0009589732,0.00807746,0.004304177,0.004304177,0.004304177,0.004304177,0.004304177,0.004304177,0.004304177,0.02782581,0.0147102,0.0495896,0.02005397,0.02782581,0.02005397,0.004304177,0.02782581,0.0147102,0.04287095,0.02782581,0.02782581,0.0009589732,0.004304177,
0.02782581,0.00807746,0.00807746,0.00807746,0.004182041,0.0009589732,0.0495896,0.00807746,0.004304177,0.0009589732,0.004304177,0.004304177,0.0009589732,0.02782581,0.02782581,0.004304177,0.01249099,0.004304177,0.004304177,0.004182041,0.0495896,0.0009589732,0.02782581,0.004304177,0.00807746,0.004304177,0.004182041,0.004304177,0.02005397,0.00807746,
0.02782581,0.0009589732,0.02782581,0.004304177,0.02005397,0.02782581,0.004304177,0.004304177,0.004304177,0.004304177,0.004304177,0.004304177,0.00807746,0.02782581,0.004304177,0.02782581,0.01249099,0.0495896,0.0495896,0.004304177,0.02782581,0.004182041,0.004304177,0.004304177,0.04534757,0.004304177,0.004182041,0.004304177,0.0009589732,0.0009589732,
0.004304177,0.004304177,0.0009589732,0.02782581,0.02782581,0.004304177,0.004304177,0.02782581,0.004304177,0.02782581,0.004304177,0.0495896,0.02005397,0.0009589732,0.02782581,0.02782581,0.0009589732,0.02782581,0.02782581,0.0495896,0.02782581,0.004304177,0.004304177,0.0009589732,0.004304177,0.02782581,0.0495896,0.004182041,0.0009589732,0.02782581,
0.0009589732,0.02782581,0.0009589732,0.004182041,0.02782581,0.004304177,0.004304177,0.004304177,0.0009589732,0.004304177,0.004304177,0.004304177,0.004304177,0.02782581,0.02782581,0.004304177,0.004304177,0.02005397,0.0495896,0.004304177,0.004304177,0.02782581,0.004304177,0.0495896,0.004182041,0.02782581,0.004304177,0.02782581,0.02782581,0.0009589732,
0.004304177,0.004304177,0.02782581,0.02782581,0.004304177,0.02782581,0.0009589732,0.004304177,0.0009589732,0.0009589732,0.02782581,0.02782581,0.02782581,0.004304177,0.004304177,0.01281855,0.0009589732,0.004304177,0.0495896,0.004304177,0.004304177,0.02782581,0.004304177,0.004304177,0.02782581,0.004304177,0.02782581,0.0495896,0.02005397,0.02005397,
0.02782581,0.004304177,0.02782581,0.02782581,0.0009589732,0.004304177,0.02782581,0.02782581,0.004304177,0.01197231,0.0009589732,0.0009589732,0.004304177,0.004304177,0.02782581,0.02005397,0.02782581,0.02940733,0.02782581,0.004304177,0.004304177,0.004304177,0.02782581,0.004304177,0.004304177,0.004304177,0.02782581,0.02118867,0.0183021,0.02005397,
0.02782581,0.004304177,0.0009589732,0.004304177,0.0009589732,0.02118867,0.004304177,0.02940733,0.004304177,0.02782581,0.004304177,0.0456389,0.02005397,0.01197231,0.004304177,0.02005397,0.02940733,0.0183021,0.02782581,0.02782581,0.004304177,0.004304177,0.02782581,0.004304177,0.02005397,0.0009589732,0.0009589732,0.0183021,0.02782581,0.0009589732,
0.0009589732,0.02782581,0.0009589732,0.02005397,0.02782581,0.0009589732,0.02782581,0.0456389,0.004304177,0.02118867,0.02940733,0.004304177,0.0183021,0.02005397,0.0183021,0.02005397,0.01197231,0.0009589732,0.004304177,0.02782581,0.004304177,0.02005397,0.004304177,0.02940733,0.02940733,0.02782581,0.0009589732,0.004304177,0.004304177,0.0009589732,
0.0009589732,0.02782581,0.004304177,0.02782581,0.01197231,0.02940733,0.02782581,0.02782581,0.004304177,0.0009589732,0.02782581,0.0183021,0.02940733,0.02782581,0.02005397,0.01197231,0.004304177,0.004304177,0.02005397,0.003257722,0.0183021,0.0009589732,0.0456389,0.02782581,0.004304177,0.004304177,0.004304177,0.02782581,0.02005397,0.02005397,
0.02782581,0.02782581,0.0009589732,0.02005397,0.004304177,0.01197231,0.02005397,0.02782581,0.01197231,0.01197231,0.0009589732,0.02005397,0.02005397,0.0456389,0.0456389,0.01197231,0.02005397,0.02782581,0.02940733,0.02940733,0.02782581,0.004304177,0.02782581,0.02782581,0.0009589732,0.003257722,0.02005397,0.02782581,0.0009589732,0.003257722,
0.003257722,0.0009589732,0.02005397,0.02782581,0.03922396,0.03446903,0.0009589732,0.02005397,0.04378953,0.0009589732,0.0456389,0.0009589732,0.02782581,0.02782581,0.02782581,0.004304177,0.0456389,0.02782581,0.01197231,0.02782581,0.0009589732,0.0009589732,0.0456389,0.0009589732,0.02005397,0.003257722,0.01197231,0.0371884,0.02005397,0.003257722,
0.02782581,0.02005397,0.01197231,0.02005397,0.0009589732,0.0456389,0.0456389,0.0009589732,0.0009589732,0.0009589732,0.02782581,0.04378953,0.04378953,0.003257722,0.02590012,0.0009589732,0.03446903,0.02782581,0.02782581,0.01197231,0.0008811891,0.02005397,0.03446903,0.0009589732,0.02782581,0.02782581,0.02782581,0.0009589732,0.02398573,0.0009589732,
0.0009589732,0.02398573,0.0456389,0.0009589732,0.02782581,0.02005397,0.01197231,0.0009589732,0.02782581,0.02005397,0.02782581,0.0009589732,0.02782581,0.0456389,0.03446903,0.02782581,0.01197231,0.0009589732,0.04378953,0.007637262,0.01197231,0.0008811891,0.02005397,0.04378953,0.0009589732,0.0009589732,0.02398573,0.0008811891,0.0008811891,0.02782581,
0.03446903,0.0456389,0.01197231,0.02782581,0.03340225,0.02398573,0.02398573,0.02005397,0.02782581,0.02005397,0.04378953,0.01197231,0.0456389,0.02398573,0.03007113,0.007637262,0.0008811891,0.0008811891,0.02005397,0.02398573,0.0008811891,0.0009589732,0.02398573,0.03699393,0.02782581,0.0008811891,0.0009589732,0.02782581,0.01197231,0.02005397,
0.02782581,0.02005397,0.0008811891,0.04378953,0.02782581,0.02398573,0.0008811891,0.007637262,0.02398573,0.01197231,0.02005397,0.008817732,0.007637262,0.02782581,0.03446903,0.0008811891,0.03699393,0.04378953,0.0008811891,0.0008811891,0.01197231,0.02782581,0.02005397,0.0008811891,0.0456389,0.0009589732,0.02005397,0.02782581,0.02782581,0.02398573,
0.02782581,0.02398573,0.02005397,0.02782581,0.04378953,0.02782581,0.02782581,0.007637262,0.007637262,0.04378953,0.0008811891,0.04378953,0.02005397,0.0008811891,0.02398573,0.02398573,0.0008811891,0.01476166,0.03699393,0.03446903,0.008817732,0.02446325,0.0008811891,0.02782581,0.02782581,0.03446903,0.02782581,0.04378953,0.0008811891,0.02398573,
0.02782581,0.02398573,0.02398573,0.02782581,0.02782581,0.007637262,0.0008811891,0.02782581,0.02782581,0.02398573,0.02782581,0.02782581,0.02782581,0.02398573,0.03446903,0.04378953,0.02808315,0.02398573,0.02782581,0.02005397,0.03699393,0.02782581,0.01882692,0.02398573,0.03446903,0.0008811891,0.03446903,0.04709325,0.03446903,0.02782581,
0.02808315,0.02398573,0.03446903,0.04378953,0.03446903,0.03446903,0.02782581,0.02782581,0.02782581,0.03446903,0.02782581,0.03446903,0.02782581,0.0008811891,0.04378953,0.03446903,0.03446903,0.03446903,0.02782581,0.02398573,0.04378953,0.02805912,0.03446903,0.02782581,0.02782581,0.007637262,0.009313411,0.02782581,0.03446903,0.02782581,
0.009313411,0.02782581,0.02805912,0.04378953,0.03446903,0.03446903,0.02398573,0.03446903,0.02782581,0.02808315,0.02782581,0.007637262,0.03446903,0.02805912,0.02782581,0.02782581,0.02782581,0.02782581,0.04378953,0.03446903,0.03446903,0.02782581,0.03446903,0.03446903,0.02782581,0.02782581,0.02808315,0.03446903,0.02782581,0.02398573,
0.03446903,0.02782581,0.009313411,0.009313411,0.03446903,0.02808315,0.02808315,0.02805912,0.02398573,0.02782581,0.02782581,0.03446903,0.007637262,0.02805912,0.03021599,0.03446903,0.02805912,0.02782581,0.02782581,0.03446903,0.02782581,0.02805912,0.02398573,0.009313411,0.03446903,0.02124343,0.03446903,0.02805912,0.03446903,0.02808315,
0.03446903,0.007637262,0.03446903,0.009313411,0.02782581,0.02782581,0.03446903,0.02092575,0.02805912,0.009313411,0.03446903,0.03446903,0.007637262,0.02805912,0.02782581,0.03446903,0.02805912,0.02805912,0.009313411,0.02805912,0.02782581,0.03446903,0.02782581,0.009313411,0.03446903,0.03446903,0.02782581,0.02808315,0.02782581,0.02782581,
0.009313411,0.02782581,0.02782581,0.009313411,0.02782581,0.02782581,0.03446903,0.03446903,0.03446903,0.03446903,0.02805912,0.02782581,0.03446903,0.02092575,0.02782581,0.02805912,0.02805912,0.03446903,0.009313411,0.03446903,0.02782581,0.009313411,0.04837016,0.02805912,0.007637262,0.009313411,0.02782581,0.007637262,0.03446903,0.03446903,
0.03446903,0.02805912,0.009313411,0.03446903,0.006438321,0.02782581,0.04837016,0.02805912,0.02805912,0.03446903,0.007637262,0.009313411,0.02782581,0.03446903,0.02782581,0.02782581,0.02309501,0.0195115,0.009313411,0.02805912,0.03446903,0.02782581,0.03446903,0.009313411,0.03446903,0.03446903,0.03446903,0.02805912,0.02805912,0.02782581,
0.02805912,0.009313411,0.0195115,0.009313411,0.02805912,0.02805912,0.02805912,0.007637262,0.02805912,0.0195115,0.02805912,0.02782581,0.02805912,0.009313411,0.0195115,0.007637262,0.009313411,0.02805912,0.0195115,0.006438321,0.02782581,0.02805912,0.03446903,0.00462082,0.03446903,0.02805912,0.009313411,0.007637262,0.02805912,0.02805912,
0.02805912,0.02805912,0.007637262,0.02805912,0.03446903,0.0425283,0.0195115,0.0195115,0.02805912,0.02805912,0.02782581,0.009313411,0.00462082,0.02782581,0.007637262,0.03446903,0.02805912,0.007637262,0.02805912,0.0195115,0.02805912,0.0195115,0.004673195,0.009313411,0.0195115,0.02805912,0.009313411,0.02699503,0.007637262,0.0195115,
0.0195115,0.007637262,0.04119713,0.02782581,0.03446903,0.00462082,0.02699503,0.02602237,0.0195115,0.0195115,0.02805912,0.02805912,0.0425283,0.007637262,0.0195115,0.02805912,0.02699503,0.0195115,0.03446903,0.02805912,0.007637262,0.02805912,0.03446903,0.02805912,0.02805912,0.03446903,0.03446903,0.03024382,0.02805912,0.03446903,
0.03446903,0.02805912,0.00462082,0.02805912,0.02805912,0.02805912,0.03446903,0.0425283,0.03446903,0.02805912,0.0106561,0.02805912,0.02805912,0.03446903,0.0195115,0.02805912,0.03024382,0.02805912,0.007637262,0.0195115,0.02699503,0.04119713,0.02805912,0.02805912,0.0425283,0.0195115,0.00462082,0.03446903,0.007637262,0.03024382,
0.0195115,0.02805912,0.0425283,0.02805912,0.0106561,0.0425283,0.004005778,0.03024382,0.03446903,0.03024382,0.007637262,0.0195115,0.00462082,0.0425283,0.02805912,0.00462082,0.03446903,0.0425283,0.03446903,0.02699503,0.007637262,0.02805912,0.02805912,0.0195115,0.007637262,0.00462082,0.007637262,0.02805912,0.0195115,0.00462082,
0.03024382,0.007637262,0.007637262,0.02805912,0.0195115,0.03024382,0.03446903,0.0425283,0.007637262,0.0106561,0.04719364,0.02805912,0.00462082,0.007637262,0.0195115,0.008443511,0.02805912,0.02699503,0.00462082,0.02805912,0.00462082,0.007637262,0.0195115,0.03024382,0.03024382,0.03024382,0.007637262,0.007637262,0.007637262,0.03446903,
0.03024382,0.03024382,0.02805912,0.007637262,0.0195115,0.007637262,0.02699503,0.007637262,0.0425283,0.03024382,0.02805912,0.03446903,0.007637262,0.007637262,0.02805912,0.04719364,0.03024382,0.04913079,0.03024382,0.007637262,0.0425283,0.0106561,0.02805912,0.007637262,0.0195115,0.007637262,0.02805912,0.02805912,0.007637262,0.03446903,
0.007637262,0.03024382,0.03024382,0.02805912,0.02805912,0.007637262,0.02805912,0.007637262,0.03024382,0.007637262,0.02805912,0.02805912,0.03024382,0.0363236,0.04913079,0.0195115,0.03024382,0.008290291,0.02805912,0.03024382,0.02805912,0.007637262,0.03024382,0.007637262,0.02805912,0.04719364,0.02699503,0.007637262,0.0425283,0.03024382,
0.02805912,0.04719364,0.02805912,0.03024382,0.0363236,0.007637262,0.02805912,0.02805912,0.03024382,0.02805912,0.02805912,0.04719364,0.008290291,0.02805912,0.03024382,0.02805912,0.007637262,0.02805912,0.02805912,0.007637262,0.0363236,0.03024382,0.0363236,0.0425283,0.008983242,0.0195115,0.0195115,0.03024382,0.03024382,0.04719364,
0.03024382,0.02805912,0.0195115,0.02805912,0.007637262,0.008290291,0.03024382,0.02805912,0.0195115,0.007637262,0.0195115,0.02805912,0.007637262,0.03024382,0.02805912,0.02805912,0.0195115,0.009971517,0.008290291,0.008290291,0.03024382,0.007637262,0.02805912,0.008290291,0.03024382,0.02805912,0.04719364,0.02805912,0.02805912,0.02805912,
0.02805912,0.03024382,0.02805912,0.0195115,0.007637262,0.0195115,0.04719364,0.007637262,0.03024382,0.03024382,0.02805912,0.03024382,0.03024382,0.02805912,0.007637262,0.03024382,0.008290291,0.009971517,0.007637262,0.03024382,0.03024382,0.04993767,0.02805912,0.02805912,0.02805912,0.0195115,0.007637262,0.02805912,0.008290291,0.02805912,
0.0195115,0.02805912,0.02805912,0.02805912,0.03024382,0.02805912,0.02805912,0.007637262,0.007637262,0.007637262,0.0195115,0.02805912,0.03024382,0.007637262,0.0195115,0.02805912,0.04719364,0.02805912,0.02805912,0.03024382,0.02805912,0.03024382,0.0195115,0.01310374,0.02805912,0.007637262,0.02805912,0.02805912,0.02805912,0.007637262,
0.0195115,0.02805912,0.04719364,0.02805912,0.02805912,0.02805912,0.02805912,0.007637262,0.03024382,0.007637262,0.0195115,0.0195115,0.007637262,0.03024382,0.02805912,0.01310374,0.03024382,0.02805912,0.02805912,0.02805912,0.02805912,0.03024382,0.007637262,0.0195115,0.0195115,0.03024382,0.03024382,0.02805912,0.007637262,0.02805912,
0.007637262,0.02805912,0.02805912,0.02805912,0.0195115,0.03024382,0.02805912,0.02805912,0.02805912,0.0195115,0.02805912,0.007637262,0.04719364,0.01310374,0.0195115,0.007637262,0.02805912,0.0195115,0.02805912,0.007637262,0.02805912,0.00443151,0.007637262,0.02805912,0.03024382,0.02805912,0.03024382,0.02805912,0.02805912,0.03024382,
0.03024382,0.0195115,0.02805912,0.01310374,0.0195115,0.0220008,0.02805912,0.02805912,0.03024382,0.02805912,0.02805912,0.03024382,0.02805912,0.03024382,0.03024382,0.02805912,0.01310374,0.02805912,0.0195115,0.02805912,0.02805912,0.02805912,0.03024382,0.02805912,0.02805912,0.02805912,0.02805912,0.02805912,0.03024382,0.02805912,
0.02805912,0.03024382,0.02805912,0.02805912,0.02805912,0.03024382,0.01310374,0.02805912,0.02805912,0.0195115,0.01310374,0.03024382,0.03024382,0.02805912,0.02805912,0.02805912,0.02805912,0.02805912,0.02805912,0.01310374,0.02805912,0.01310374,0.03024382,0.0220008,0.02805912,0.0195115,0.02805912,0.03024382,0.01310374,0.02805912,
0.02805912,0.02805912,0.02805912,0.02805912,0.01310374,0.01438574,0.02805912,0.02805912,0.02805912,0.02805912,0.02805912,0.02805912,0.0195115,0.02805912,0.02805912,0.002097666,0.02805912,0.02805912,0.02805912,0.02805912,0.03024382,0.02805912,0.02805912,0.01310374,0.01870416,0.04266327,0.02805912,0.02805912,0.03024382,0.02805912,
0.02805912,0.02805912,0.02805912,0.02805912,0.04266327,0.03024382,0.02805912,0.02805912,0.02805912,0.0195115,0.02805912,0.02805912,0.02805912,0.02805912,0.02805912,0.0195115,0.002097666,0.02805912,0.002097666,0.03024382,0.01310374,0.02805912,0.01870416,0.03024382,0.02805912,0.02805912,0.02805912,0.02805912,0.02805912,0.02805912,
0.0195115,0.02805912,0.02805912,0.02805912,0.02805912,0.02805912,0.02805912,0.03024382,0.04266327,0.02805912,0.03024382,0.0391878,0.02805912,0.02805912,0.02805912,0.02805912,0.02805912,0.02805912,0.02805912,0.02805912,0.03551152,0.01310374,0.02805912,0.0195115,0.02805912,0.03024382,0.005604571,0.04265032,0.03024382,0.02805912,
0.02805912,0.02805912,0.04266327,0.02805912,0.02805912,0.02828672,0.01157135,0.02805912,0.02805912,0.02805912,0.02805912,0.02805912,0.02805912,0.02805912,0.02805912,0.02805912,0.01251698,0.02805912,0.01310374,0.02805912,0.02805912,0.02805912,0.0391878,0.02805912,0.0391878,0.02805912,0.02805912,0.02805912,0.03024382,0.02805912,
0.02805912,0.02805912,0.0391878,0.02805912,0.02805912,0.02805912,0.02805912,0.02805912,0.02805912,0.02805912,0.02805912,0.02805912,0.02805912,0.02805912,0.02805912,0.02805912,0.02805912,0.02805912,0.01251698,0.02805912,0.02805912,0.02805912,0.01157135,0.03024382,0.02805912,0.02805912,0.02805912,0.02805912,0.02805912,0.02805912,
0.02805912,0.02805912,0.02805912,0.0391878,0.02805912,0.02805912,0.02805912,0.02805912,0.02805912,0.03024382,0.02805912,0.01251698,0.02805912,0.0391878,0.02805912,0.03024382,0.02805912,0.02805912,0.02805912,0.02805912,0.02805912,0.02805912,0.02805912,0.008265632,0.02805912,0.02805912,0.02805912,0.02805912,0.02805912,0.02805912,
0.03024382,0.02805912,0.02805912,0.02805912,0.02805912,0.02805912,0.02805912,0.008265632,0.02805912,0.0391878,0.02805912,0.02805912,0.02805912,0.02805912,0.02805912,0.02805912,0.02805912,0.02805912,0.02805912,0.02805912,0.02805912,0.02805912,0.01251698,0.02805912,0.02805912,0.0391878,0.02805912,0.02805912,0.01251698,0.02805912,
0.01251698,0.02805912,0.02805912,0.02805912,0.02805912,0.02805912,0.01251698,0.02805912,0.02805912,0.02805912,0.01251698,0.03024382,0.02805912,0.02805912,0.02805912,0.02805912,0.03024382,0.02805912,0.02805912,0.0391878,0.02805912,0.02805912,0.03024382,0.02805912,0.02805912,0.02805912,0.02805912,0.02805912,0.02805912,0.03024382,
0.02805912,0.02805912,0.02805912,0.02805912,0.02805912,0.01251698,0.02805912,0.02805912,0.02805912,0.02805912,0.03024382,0.01251698,0.0391878,0.0391878,0.02805912,0.01060107,0.02805912,0.02805912,0.01251698,0.02805912,0.02805912,0.02805912,0.02805912,0.02805912,0.02805912,0.03024382,0.02805912,0.02805912,0.03024382,0.02980463,
0.02805912,0.02980463,0.02805912,0.02805912,0.03024382,0.02805912,0.02805912,0.02805912,0.02805912,0.03024382,0.02805912,0.02805912,0.02805912,0.02805912,0.02805912,0.0391878,0.01251698,0.0391878,0.02805912,0.02805912,0.02805912,0.01060107,0.01251698,0.02805912,0.00765053,0.02805912,0.03024382,0.0391878,0.01251698,0.04515935,
0.03024382,0.02805912,0.02805912,0.02805912,0.04988192,0.02980463,0.03024382,0.02805912,0.02805912,0.04515935,0.00765053,0.02980463,0.01251698,0.02805912,0.02805912,0.03024382,0.01122359,0.03024382,0.02805912,0.0391878,0.02805912,0.02805912,0.02805912,0.0391878,0.01251698,0.01060107,0.02980463,0.00765053,0.01251698,0.00765053,
0.03024382,0.01122359,0.02805912,0.02805912,0.0391878,0.04515935,0.02805912,0.02805912,0.02805912,0.02798164,0.02805912,0.01251698,0.00765053,0.02805912,0.00765053,0.02980463,0.03024382,0.02805912,0.01251698,0.02805912,0.03024382,0.01251698,0.02805912,0.02805912,0.02805912,0.02805912,0.02980463,0.02805912,0.024173,0.02805912,
0.02805912,0.02805912,0.02805912,0.02980463,0.00765053,0.02805912,0.02805912,0.02798164,0.024173,0.02805912,0.02798164,0.02805912,0.04515935,0.03024382,0.02805912,0.02805912,0.01251698,0.03024382,0.02980463,0.03024382,0.04515935,0.02805912,0.02805912,0.02805912,0.02980463,0.01122359,0.01251698,0.02805912,0.02805912,0.02805912,
0.02805912,0.00765053,0.02805912,0.02805912,0.02980463,0.02805912,0.02805912,0.00388158,0.02805912,0.02980463,0.03024382,0.02805912,0.02805912,0.02798164,0.02805912,0.02805912,0.02805912,0.02805912,0.02805912,0.02805912,0.01122359,0.03024382,0.02805912,0.02805912,0.02805912,0.01122359,0.03024382,0.02805912,0.02805912,0.02805912,
0.02980463,0.02805912,0.02980463,0.02805912,0.02805912,0.02805912,0.02805912,0.02805912,0.02805912,0.02805912,0.02805912,0.02805912,0.02798164,0.02805912,0.04212431,0.00765053,0.02805912,0.00765053,0.02805912,0.02805912,0.03024382,0.02805912,0.03024382,0.00765053,0.02980463,0.02805912,0.02805912,0.02805912,0.01122359,0.02805912,
0.00765053,0.02805912,0.00765053,0.02805912,0.02805912,0.02980463,0.01122359,0.04212431,0.02805912,0.02805912,0.03024382,0.02805912,0.02980463,0.02805912,0.02805912,0.02805912,0.02805912,0.02805912,0.02805912,0.02805912,0.02798164,0.004510248,0.00765053,0.02805912,0.03024382,0.02805912,0.02805912,0.03024382,0.02805912,0.02805912,
0.02805912,0.00765053,0.02805912,0.03024382,0.02805912,0.02805912,0.02805912,0.02805912,0.02805912,0.02805912,0.02805912,0.02805912,0.00765053,0.02805912,0.02805912,0.02805912,0.02805912,0.00765053,0.02805912,0.02805912,0.02805912,0.00765053,0.02805912,0.02805912,0.02805912,0.02805912,0.03452288,0.02805912,0.02980463,0.02805912,
0.02805912,0.02805912,0.02805912,0.02805912,0.02805912,0.02805912,0.02805912,0.02805912,0.02805912,0.02805912,0.02805912,0.02805912,0.00765053,0.02805912,0.00765053,0.02805912,0.02805912,0.02805912,0.02805912,0.02805912,0.02980463,0.02805912,0.02980463,0.02805912,0.00765053,0.02805912,0.02805912,0.02805912,0.02805912,0.02805912,
0.02805912,0.02805912,0.02805912,0.02980463,0.02805912,0.02805912,0.02805912,0.02805912,0.04519968,0.02805912,0.00765053,0.00765053,0.02805912,0.02805912,0.02805912,0.02805912,0.02805912,0.02789733,0.02805912,0.02805912,0.00765053,0.02805912,0.02805912,0.02805912,0.02805912,0.02805912,0.02805912,0.02805912,0.02805912,0.02805912,
0.02805912,0.02805912,0.02805912,0.02805912,0.00765053,0.02805912,0.02805912,0.02805912,0.02805912,0.02805912,0.01157783,0.02805912,0.02805912,0.00765053,0.00765053,0.02805912,0.02805912,0.02805912,0.0277879,0.02805912,0.02789733,0.02805912,0.02805912,0.00765053,0.00765053,0.02805912,0.02805912,0.02805912,0.02805912,0.02805912,
0.02805912,0.00765053,0.02805912,0.02805912,0.00765053,0.02805912,0.02805912,0.02805912,0.02805912,0.00765053,0.02805912,0.02805912,0.02805912,0.02805912,0.02015178,0.02805912,0.02805912,0.02805912,0.02805912,0.02805912,0.02789733,0.02805912,0.02805912,0.02805912,0.02805912,0.02805912,0.02805912,0.02805912,0.02805912,0.00765053,
0.00765053,0.02805912,0.02805912,0.00765053,0.0007357419,0.02805912,0.00765053,0.02805912,0.02805912,0.02789733,0.02805912,0.02805912,0.02805912,0.02805912,0.02805912,0.00765053,0.02805912,0.02805912,0.02805912,0.02805912,0.02805912,0.02805912,0.02805912,0.02805912,0.02805912,0.02805912,0.02805912,0.00765053,0.02805912,0.02805912,
0.02805912,0.02805912,0.02805912,0.02805912,0.02805912,0.02805912,0.02805912,0.02789733,0.02805912,0.02805912,0.02805912,0.02805912,0.00765053,0.00765053,0.02805912,0.02805912,0.02805912,0.03324568,0.02805912,0.009557659,0.00765053,0.02805912,0.00765053,0.02805912,0.00765053,0.00765053,0.02805912,0.02789733,0.02805912,0.02805912,
0.00765053,0.009557659,0.00765053,0.02805912,0.00765053,0.02805912,0.03324568,0.00765053,0.00765053,0.02805912,0.00765053,0.02805912,0.02805912,0.00765053,0.00765053,0.02805912,0.02805912,0.02805912,0.00765053,0.02805912,0.00765053,0.02805912,0.02805912,0.02805912,0.01182166,0.02805912,0.02805912,0.02805912,0.02805912,0.02805912,
0.00765053,0.00765053,0.02805912,0.02805912,0.02805912,0.02805912,0.00765053,0.02805912,0.00765053,0.02805912,0.02805912,0.00765053,0.02805912,0.004311955,0.00765053,0.00765053,0.03324568,0.02805912,0.02805912,0.02805912,0.02805912,0.00765053,0.009557659,0.009557659,0.00765053,0.02805912,0.04133438,0.02805912,0.01182166,0.02805912,
0.02805912,0.03324568,0.00765053,0.02805912,0.00765053,0.02805912,0.00765053,0.02805912,0.02805912,0.04133438,0.02805912,0.00765053,0.02805912,0.00765053,0.03324568,0.00765053,0.00765053,0.02805912,0.01182166,0.02805912,0.02805912,0.03324568,0.00765053,0.02805912,0.00765053,0.02805912,0.02805912,0.02805912,0.02805912,0.02805912,
0.02805912,0.03324568,0.02805912,0.00765053,0.02805912,0.03324568,0.02805912,0.00765053,0.00765053,0.02805912,0.00765053,0.03324568,0.00765053,0.02805912,0.02805912,0.02805912,0.02805912,0.02805912,0.02805912,0.04133438,0.03324568,0.02805912,0.03324568,0.03324568,0.02805912,0.02805912,0.02805912,0.00765053,0.00765053,0.02805912,
0.03324568,0.03324568,0.02805912,0.02805912,0.02805912,0.02249665,0.02805912,0.00765053,0.00765053,0.00765053,0.02805912,0.00765053,0.01725947,0.03324568,0.02202541,0.02805912,0.02805912,0.00765053,0.03324568,0.03324568,0.00765053,0.02805912,0.02805912,0.02805912,0.02805912,0.02805912,0.02805912,0.02805912,0.00765053,0.02805912,
0.02805912,0.02805912,0.00765053,0.02805912,0.03324568,0.00765053,0.02805912,0.007931769,0.00765053,0.02805912,0.04905897,0.02805912,0.00765053,0.03324568,0.02805912,0.00765053,0.00765053,0.02805912,0.02805912,0.00765053,0.00765053,0.00765053,0.02805912,0.02805912,0.00765053,0.02805912,0.02805912,0.02202541,0.02805912,0.03324568,
0.03324568,0.02805912,0.02805912,0.02805912,0.00765053,0.007931769,0.03324568,0.02805912,0.03324568,0.02805912,0.00765053,0.00765053,0.02805912,0.02805912,0.02805912,0.02805912,0.00765053,0.02805912,0.04905897,0.00765053,0.00765053,0.00765053,0.03324568,0.02805912,0.04905897,0.02805912,0.02805912,0.00765053,0.02805912,0.04905897,
0.02805912,0.04905897,0.02805912,0.03324568,0.02805912,0.007931769,0.04940711,0.04905897,0.02805912,0.02805912,0.0007366061,0.03324568,0.04905897,0.00765053,0.009037942,0.00765053,0.00765053,0.04905897,0.02805912,0.02805912,0.00765053,0.00765053,0.02138584,0.04905897,0.02805912,0.02805912,0.02805912,0.02805912,0.02805912,0.02805912,
0.04905897,0.00765053,0.009037942,0.04905897,0.04905897,0.007931769,0.02805912,0.03324568,0.02805912,0.0007366061,0.00765053,0.04905897,0.04905897,0.02805912,0.007931769,0.04940711,0.00842337,0.04905897,0.02805912,0.009037942,0.04905897,0.02805912,0.02805912,0.02504027,0.02805912,0.02805912,0.007931769,0.03324568,0.02805912,0.0007366061,
0.02805912,0.04905897,0.04905897,0.00842337,0.00765053,0.007931769,0.02504027,0.04919159,0.04940711,0.04905897,0.02805912,0.03324568,0.02805912,0.0007366061,0.04759973,0.02805912,0.00765053,0.03324568,0.04905897,0.0007366061,0.02805912,0.04905897,0.02805912,0.00842337,0.00765053,0.04913817,0.007931769,0.02805912,0.04905897,0.00765053,
0.0007366061,0.02805912,0.04905897,0.00765053,0.03324568,0.007931769,0.04905897,0.02805912,0.04919159,0.00842337,0.00842337,0.04905897,0.007931769,0.02805912,0.04905897,0.00842337,0.02805912,0.04919159,0.04759973,0.02805912,0.04905897,0.0007366061,0.0007366061,0.02805912,0.04905897,0.04919159,0.0007366061,0.04905897,0.02805912,0.02783303,
0.0007366061,0.0007366061,0.04905897,0.0007366061,0.04759973,0.02783303,0.0007366061,0.02805912,0.02805912,0.04759973,0.00842337,0.03324568,0.007931769,0.04905897,0.04919159,0.00842337,0.02805912,0.0007366061,0.03324568,0.02805912,0.02783303,0.04919159,0.04905897,0.02805912,0.02783303,0.02805912,0.0007366061,0.04919159,0.04905897,0.02805912,
0.02805912,0.02805912,0.0007366061,0.02783303,0.04919159,0.01046278,0.04759973,0.04759973,0.02783303,0.04919159,0.02783303,0.00842337,0.02805912,0.02805912,0.0007366061,0.02805912,0.04905897,0.0007366061,0.0007366061,0.02805912,0.0007366061,0.00842337,0.02805912,0.02805912,0.04905897,0.00842337,0.02805912,0.02386985,0.0007366061,0.0007366061,
0.0007366061,0.0007366061,0.0007366061,0.02805912,0.0007366061,0.00842337,0.04905897,0.02783303,0.02805912,0.02805912,0.0007366061,0.02805912,0.02805912,0.0007366061,0.01046278,0.04905897,0.02805912,0.02805912,0.02386985,0.00842337,0.00842337,0.04905897,0.04905897,0.02805912,0.00842337,0.02805912,0.04919159,0.0007366061,0.04905897,0.0007366061,
0.0007366061,0.0007366061,0.0007366061,0.02805912,0.02805912,0.02805912,0.0007366061,0.02805912,0.00842337,0.0007366061,0.04905897,0.0007366061,0.04905897,0.0007366061,0.0007366061,0.0007366061,0.0007366061,0.02805912,0.0007366061,0.00842337,0.00842337,0.04905897,0.02783303,0.02783303,0.02805912,0.04905897,0.0007366061,0.04905897,0.02805912,0.02805912,
0.0007366061,0.04905897,0.0007366061,0.04905897,0.02805912,0.00842337,0.0007366061,0.0007366061,0.02805912,0.04905897,0.02805912,0.0007366061,0.02805912,0.0007366061,0.02805912,0.04905897,0.02805912,0.02805912,0.00842337,0.0007366061,0.00842337,0.0007366061,0.0007366061,0.02805912,0.0007366061,0.0007366061,0.00842337,0.02805912,0.0007366061,0.02805912,
0.02805912,0.0007366061,0.04905897,0.00842337,0.0007366061,0.00842337,0.0007366061,0.02805912,0.0007366061,0.04905897,0.04905897,0.0007366061,0.02805912,0.0007366061,0.0007366061,0.04905897,0.0007366061,0.0007366061,0.04905897,0.02805912,0.02805912,0.04905897,0.02805912,0.0007366061,0.0007366061,0.04905897,0.02805912,0.04887151,0.02805912,0.02805912,
0.04905897,0.02805912,0.02805912,0.0007366061,0.00842337,0.04905897,0.0007366061,0.0007366061,0.0007366061,0.04905897,0.04905897,0.02805912,0.04905897,0.02805912,0.02805912,0.02805912,0.04905897,0.0007366061,0.02805912,0.02805912,0.0007366061,0.02805912,0.0007366061,0.0007366061,0.04905897,0.0007366061,0.04905897,0.04905897,0.04905897,0.04905897,
0.02805912,0.0007366061,0.04905897,0.0007366061,0.0007366061,0.04905897,0.0007366061,0.04905897,0.02805912,0.02805912,0.02805912,0.0007366061,0.0007366061,0.04905897,0.02805912,0.04905897,0.0007366061,0.04905897,0.04905897,0.03874348,0.04905897,0.0007366061,0.04905897,0.00842337,0.02805912,0.02805912,0.0007366061,0.04905897,0.04905897,0.04905897,
0.04905897,0.04905897,0.0007366061,0.03874348,0.04905897,0.02805912,0.02805912,0.04905897,0.04096129,0.04905897,0.04905897,0.00842337,0.04905897,0.04905897,0.02805912,0.04905897,0.02805912,0.02805912,0.04905897,0.0007366061,0.0007366061,0.02805912,0.0007366061,0.04905897,0.0007366061,0.02805912,0.0007366061,0.04905897,0.04905897,0.02805912,
0.04905897,0.04905897,0.00842337,0.01160197,0.02805912,0.04905897,0.04905897,0.02805912,0.04905897,0.0007366061,0.03874348,0.02805912,0.04905897,0.02805912,0.02805912,0.008060622,0.04905897,0.04905897,0.0007366061,0.02805912,0.02805912,0.0007366061,0.0007366061,0.02805912,0.0007366061,0.04905897,0.02805912,0.04905897,0.02805912,0.02805912,
0.02805912,0.02805912,0.005179143,0.02805912,0.02805912,0.03874348,0.00842337,0.02805912,0.04905897,0.03956903,0.02805912,0.0007366061,0.0007366061,0.03555012,0.02805912,0.02805912,0.00842337,0.0007366061,0.0007366061,0.0007366061,0.02805912,0.02805912,0.02805912,0.04905897,0.04905897,0.0007366061,0.008060622,0.02805912,0.02805912,0.02805912,
0.02805912,0.005179143,0.02805912,0.0007366061,0.008060622,0.00842337,0.03874348,0.008060622,0.02805912,0.03874348,0.005179143,0.03956903,0.02805912,0.02805912,0.008060622,0.02805912,0.02805912,0.008060622,0.02805912,0.02805912,0.02805912,0.02805912,0.02805912,0.04905897,0.02540484,0.03555012,0.02805912,0.02805912,0.03956903,0.04905897,
0.02805912,0.03555012,0.02540484,0.02805912,0.00842337,0.008060622,0.04905897,0.02805912,0.0007366061,0.00842337,0.04905897,0.0007366061,0.02805912,0.02540484,0.03555012,0.02805912,0.03874348,0.03956903,0.03956903,0.04905897,0.02805912,0.03956903,0.03874348,0.005179143,0.02805912,0.03555012,0.02805912,0.00842337,0.008060622,0.02805912,
0.00842337,0.008060622,0.03555012,0.04905897,0.03874348,0.03956903,0.02805912,0.02805912,0.02805912,0.02805912,0.04905897,0.02805912,0.00842337,0.03956903,0.0007366061,0.00842337,0.02805912,0.03555012,0.008060622,0.03555012,0.03555012,0.02805912,0.03874348,0.02805912,0.04905897,0.02805912,0.02805912,0.005179143,0.02805912,0.02805912,
0.00842337,0.008060622,0.02805912,0.008060622,0.02805912,0.02805912,0.03555012,0.0007366061,0.008060622,0.02805912,0.02805912,0.008060622,0.02805912,0.02805912,0.02805912,0.02805912,0.008060622,0.02805912,0.0007366061,0.02805912,0.0007366061,0.00842337,0.02805912,0.008060622,0.02805912,0.03555012,0.04905897,0.02805912,0.02805912,0.03555012,
0.02805912,0.02805912,0.008060622,0.0007366061,0.02805912,0.02805912,0.02805912,0.02805912,0.008060622,0.02805912,0.02805912,0.00842337,0.02805912,0.00842337,0.008060622,0.03555012,0.02805912,0.008060622,0.02805912,0.02805912,0.0007366061,0.03940568,0.0007366061,0.008060622,0.008060622,0.008060622,0.02805912,0.00842337,0.02805912,0.008060622,
0.02805912,0.0007366061,0.02805912,0.02805912,0.02805912,0.008060622,0.008060622,0.0007366061,0.03940568,0.008060622,0.02805912,0.0007366061,0.03940568,0.0007366061,0.008060622,0.02805912,0.02805912,0.02805912,0.008060622,0.02805912,0.02805912,0.008060622,0.03940568,0.008060622,0.02805912,0.02805912,0.02805912,0.02805912,0.02805912,0.008060622,
0.03940568,0.008060622,0.008060622,0.02805912,0.02805912,0.008060622,0.02805912,0.03940568,0.02805912,0.03940568,0.008060622,0.02805912,0.02805912,0.02805912,0.02805912,0.02805912,0.02805912,0.02805912,0.02805912,0.02805912,0.03940568,0.02805912,0.008060622,0.0007366061,0.02805912,0.02805912,0.02805912,0.02018786,0.0007366061,0.02805912,
0.02805912,0.0007366061,0.02805912,0.02805912,0.02805912,0.02805912,0.02805912,0.0007366061,0.008060622,0.02805912,0.02805912,0.02805912,0.02805912,0.02805912,0.008060622,0.008060622,0.02805912,0.0007366061,0.02805912,0.02805912,0.0007366061,0.02805912,0.002138442,0.02805912,0.02805912,0.0007366061,0.02805912,0.02805912,0.008060622,0.03940568,
0.008060622,0.02805912,0.02805912,0.02805912,0.02805912,0.002138442,0.02805912,0.0007366061,0.02805912,0.0007366061,0.03940568,0.02805912,0.02805912,0.008060622,0.02805912,0.0006501675,0.02805912,0.008060622,0.008060622,0.002138442,0.04854346,0.02805912,0.02805912,0.02381813,0.0007366061,0.02805912,0.03940568,0.02805912,0.0007366061,0.02805912,
0.02805912,0.0007366061,0.02381813,0.02805912,0.02805912,0.02805912,0.02805912,0.02805912,0.008060622,0.02805912,0.02805912,0.03940568,0.008060622,0.02805912,0.02805912,0.002138442,0.02805912,0.002138442,0.02805912,0.02805912,0.02805912,0.0007366061,0.02805912,0.0006501675,0.002138442,0.02805912,0.008060622,0.02805912,0.02805912,0.02805912,
0.02805912,0.008060622,0.02805912,0.02805912,0.02805912,0.02805912,0.02805912,0.02805912,0.02805912,0.02805912,0.02805912,0.02805912,0.02805912,0.03940568,0.02805912,0.02805912,0.02805912,0.02805912,0.02805912,0.008060622,0.02805912,0.02381813,0.02805912,0.02805912,0.02805912,0.02805912,0.008060622,0.002138442,0.002138442,0.02805912,
0.02805912,0.02805912,0.02381813,0.02805912,0.02805912,0.02805912,0.02805912,0.008060622,0.002138442,0.02805912,0.02805912,0.008060622,0.02805912,0.008060622,0.02805912,0.02805912,0.008060622,0.02381813,0.02805912,0.02805912,0.02805912,0.02805912,0.02805912,0.02805912,0.008060622,0.02805912,0.02805912,0.02805912,0.02805912,0.008060622,
0.02805912,0.02805912,0.02805912,0.02805912,0.008060622,0.02805912,0.03422986,0.02805912,0.02805912,0.02805912,0.02805912,0.008060622,0.02805912,0.02381813,0.02805912,0.02805912,0.001958144,0.008060622,0.02805912,0.008060622,0.02805912,0.008060622,0.02805912,0.02805912,0.02805912,0.02805912,0.02805912,0.02805912,0.008060622,0.02805912,
0.02805912,0.02805912,0.001958144,0.008060622,0.008060622,0.02805912,0.02805912,0.02805912,0.02805912,0.008060622,0.02805912,0.001958144,0.02381813,0.02805912,0.02805912,0.02805912,0.02381813,0.01880797,0.02435539,0.02805912,0.02805912,0.02805912,0.008060622,0.02805912,0.008060622,0.02805912,0.02805912,0.02805912,0.008060622,0.02805912,
0.02805912,0.02805912,0.02805912,0.02381813,0.02922177,0.02805912,0.02805912,0.001958144,0.008060622,0.02805912,0.0459046,0.02805912,0.02805912,0.02805912,0.02381813,0.02805912,0.02805912,0.02381813,0.02805912,0.01215332,0.008060622,0.02805912,0.008060622,0.02805912,0.02805912,0.001958144,0.001958144,0.02805912,0.02805912,0.02805912,
0.02805912,0.008060622,0.001958144,0.02381813,0.02805912,0.02381813,0.008060622,0.001958144,0.02805912,0.02381813,0.008060622,0.02805912,0.02805912,0.0459046,0.02805912,0.02381813,0.001958144,0.02805912,0.008060622,0.02805912,0.008060622,0.001958144,0.0459046,0.02381813,0.02805912,0.02805912,0.02805912,0.02805912,0.02805912,0.008060622,
0.02805912,0.02805912,0.02805912,0.02805912,0.02381813,0.02381813,0.02805912,0.001958144,0.02805912,0.02805912,0.001958144,0.0459046,0.02805912,0.02381813,0.0459046,0.008060622,0.02805912,0.02805912,0.02805912,0.001958144,0.02805912,0.02381813,0.01748813,0.001958144,0.02805912,0.02805912,0.008060622,0.007281625,0.02381813,0.02805912,
0.02805912,0.02805912,0.02381813,0.02805912,0.01748813,0.02805912,0.001958144,0.02805912,0.001958144,0.02805912,0.02805912,0.02381813,0.02805912,0.02805912,0.0459046,0.02805912,0.001958144,0.02805912,0.02805912,0.02805912,0.02805912,0.02304976,0.02805912,0.001958144,0.02805912,0.02805912,0.001958144,0.02805912,0.02805912,0.02805912,
0.02805912,0.02805912,0.02805912,0.02805912,0.01748813,0.001958144,0.001958144,0.001958144,0.02805912,0.02805912,0.007443553,0.02805912,0.01169867,0.02805912,0.02805912,0.02805912,0.02805912,0.001958144,0.01748813,0.02805912,0.001958144,0.001958144,0.02304976,0.02805912,0.02805912,0.001958144,0.02805912,0.001958144,0.02805912,0.02805912,
0.02805912,0.007443553,0.01748813,0.02805912,0.03731094,0.02805912,0.001958144,0.00572018,0.02805912,0.001958144,0.02805912,0.02805912,0.02805912,0.03088645,0.01748813,0.01748813,0.02805912,0.02805912,0.001958144,0.02805912,0.001958144,0.007443553,0.02805912,0.001958144,0.001958144,0.02805912,0.02805912,0.01200805,0.001958144,0.001958144,
0.02805912,0.01748813,0.007443553,0.001958144,0.007443553,0.001958144,0.01748813,0.02805912,0.02805912,0.001958144,0.02805912,0.02805912,0.01748813,0.01200805,0.02805912,0.001958144,0.007443553,0.01200805,0.001958144,0.001958144,0.01748813,0.02805912,0.02805912,0.02805912,0.01188514,0.02805912,0.01748813,0.01748813,0.02805912,0.02805912,
0.01200805,0.01748813,0.001958144,0.001958144,0.02318643,0.02805912,0.001958144,0.01748813,0.02805912,0.02805912,0.01200805,0.001958144,0.02805912,0.02805912,0.001958144,0.01748813,0.02805912,0.01200805,0.03554885,0.01748813,0.02805912,0.01748813,0.01748813,0.007443553,0.01200805,0.001958144,0.001958144,0.02805912,0.02805912,0.01748813,
0.02805912,0.02805912,0.001958144,0.03554885,0.01748813,0.03554885,0.02318643,0.001958144,0.001958144,0.01748813,0.001958144,0.01200805,0.02805912,0.001958144,0.02336113,0.02805912,0.02318643,0.007443553,0.01748813,0.02805912,0.01200805,0.01748813,0.001958144,0.01200805,0.01200805,0.02805912,0.02805912,0.02805912,0.02805912,0.01748813,
0.02318643,0.001958144,0.02805912,0.03554885,0.02805912,0.004024047,0.01748813,0.01748813,0.02336113,0.02805912,0.02805912,0.03554885,0.02805912,0.02805912,0.02805912,0.001958144,0.02805912,0.02805912,0.03554885,0.01748813,0.02805912,0.001958144,0.03554885,0.01200805,0.02805912,0.02805912,0.02336113,0.02805912,0.01748813,0.001958144,
0.02318643,0.001958144,0.02805912,0.02805912,0.01748813,0.02805912,0.03554885,0.02336113,0.03554885,0.02805912,0.01748813,0.02805912,0.001958144,0.02805912,0.001958144,0.03554885,0.01748813,0.001958144,0.02336113,0.03554885,0.02805912,0.02805912,0.02805912,0.01748813,0.01051366,0.02805912,0.02805912,0.02318643,0.03554885,0.02805912,
0.02805912,0.01051366,0.02805912,0.02708301,0.02805912,0.03554885,0.01748813,0.01748813,0.03554885,0.01748813,0.01748813,0.02318643,0.02318643,0.01748813,0.001958144,0.01748813,0.02336113,0.02805912,0.03554885,0.02805912,0.02805912,0.02805912,0.001190042,0.02805912,0.02805912,0.02805912,0.02805912,0.01051366,0.02805912,0.03927198,
0.03927198,0.02805912,0.02805912,0.02805912,0.02805912,0.03927198,0.01748813,0.02805912,0.02805912,0.02805912,0.03554885,0.02805912,0.02466684,0.02318643,0.01051366,0.02805912,0.02318643,0.001190042,0.02336113,0.001190042,0.01748813,0.03554885,0.02336113,0.03554885,0.02318643,0.01748813,0.02805912,0.02805912,0.001958144,0.02805912,
0.02805912,0.03554885,0.02805912,0.02805912,0.01748813,0.02805912,0.02466684,0.02336113,0.03554885,0.02805912,0.02318643,0.01748813,0.04216462,0.02805912,0.02336113,0.02466684,0.02336113,0.03927198,0.03554885,0.02318643,0.02805912,0.02805912,0.02805912,0.02805912,0.03554885,0.02805912,0.001958144,0.02336113,0.02318643,0.02805912,
0.02805912,0.02466684,0.03554885,0.02805912,0.01748813,0.001958144,0.04216462,0.03554885,0.03927198,0.02805912,0.02336113,0.02805912,0.04995564,0.02805912,0.03554885,0.03927198,0.01798279,0.03554885,0.02805912,0.02805912,0.03554885,0.04605508,0.02336113,0.03554885,0.02805912,0.02336113,0.01748813,0.02805912,0.02336113,0.02466684,
0.02805912,0.02805912,0.02805912,0.02805912,0.02805912,0.03927198,0.02466684,0.01748813,0.02466684,0.02805912,0.02805912,0.03554885,0.02805912,0.02805912,0.02805912,0.03554885,0.04995564,0.03554885,0.03927198,0.02336113,0.02805912,0.02336113,0.02336113,0.001958144,0.001958144,0.02805912,0.001958144,0.02336113,0.03554885,0.02336113,
0.001958144,0.001958144,0.02466684,0.02805912,0.02805912,0.02805912,0.02336113,0.02805912,0.02466684,0.02805912,0.001958144,0.001958144,0.03927198,0.02336113,0.01679651,0.008313769,0.02805912,0.03554885,0.03554885,0.02805912,0.02805912,0.03927198,0.02805912,0.03927198,0.02805912,0.03554885,0.001958144,0.03554885,0.03554885,0.02805912,
0.03927198,0.001958144,0.03554885,0.02805912,0.02805912,0.001958144,0.001958144,0.02805912,0.02805912,0.03554885,0.02205317,0.02805912,0.001958144,0.001958144,0.03554885,0.03554885,0.03927198,0.03554885,0.02805912,0.008317649,0.02805912,0.001958144,0.02805912,0.03554885,0.02805912,0.03927198,0.03554885,0.02805912,0.03554885,0.001958144,
0.001958144,0.001958144,0.01990899,0.03554885,0.03554885,0.03554885,0.03554885,0.02805912,0.001958144,0.02805912,0.03554885,0.02805912,0.001958144,0.03554885,0.03554885,0.02805912,0.001958144,0.02205317,0.03554885,0.001958144,0.03927198,0.03554885,0.03927198,0.03554885,0.02805912,0.001958144,0.03554885,0.02805912,0.01500253,0.03554885,
0.03554885,0.001958144,0.04587716,0.02805912,0.03554885,0.03927198,0.001958144,0.02805912,0.03554885,0.03554885,0.03554885,0.02805912,0.03554885,0.03554885,0.02205317,0.03554885,0.001958144,0.03554885,0.03554885,0.001958144,0.03554885,0.03554885,0.02805912,0.001958144,0.03554885,0.02805912,0.03554885,0.001958144,0.001958144,0.03554885,
0.03554885,0.02805912,0.02805912,0.03554885,0.001958144,0.03554885,0.02805912,0.02205317,0.03554885,0.03554885,0.03554885,0.03554885,0.001958144,0.02805912,0.03554885,0.03554885,0.02805912,0.03554885,0.04587716,0.02805912,0.02205317,0.03554885,0.03554885,0.03554885,0.02805912,0.02805912,0.001958144,0.03554885,0.001958144,0.03554885,
0.03554885,0.03554885,0.001958144,0.03554885,0.03554885,0.02805912,0.03554885,0.03554885,0.02805912,0.03554885,0.03554885,0.03554885,0.03554885,0.02805912,0.02805912,0.02805912,0.03554885,0.03554885,0.03554885,0.02805912,0.03554885,0.04587716,0.001958144,0.03554885,0.02805912,0.03554885,0.02805912,0.02205317,0.02805912,0.02805912,
0.02805912,0.02805912,0.03554885,0.03554885,0.03554885,0.04587716,0.03554885,0.03554885,0.03554885,0.03554885,0.01054512,0.001958144,0.02805912,0.02805912,0.03554885,0.001958144,0.03554885,0.02805912,0.001958144,0.04587716,0.02805912,0.02805912,0.03554885,0.03554885,0.02805912,0.03554885,0.03554885,0.03554885,0.02805912,0.001958144,
0.001958144,0.02805912,0.001958144,0.02805912,0.001958144,0.01212931,0.02805912,0.001958144,0.02805912,0.03319647,0.03554885,0.03554885,0.02805912,0.03554885,0.03554885,0.03554885,0.02805912,0.001958144,0.03554885,0.001958144,0.03554885,0.001958144,0.03554885,0.02805912,0.02805912,0.04587716,0.02805912,0.04587716,0.02805912,0.001958144,
0.03554885,0.001958144,0.02805912,0.04587716,0.001958144,0.04587716,0.03554885,0.03554885,0.03554885,0.001958144,0.001958144,0.001958144,0.02805912,0.001958144,0.03554885,0.01212931,0.01212931,0.02805912,0.001958144,0.03554885,0.02805912,0.02805912,0.03319647,0.02805912,0.03554885,0.02805912,0.03554885,0.03319647,0.001958144,0.02805912,
0.02805912,0.001958144,0.02805912,0.001958144,0.03319647,0.001958144,0.04587716,0.01212931,0.02805912,0.03554885,0.001958144,0.01212931,0.02805912,0.02805912,0.03554885,0.03554885,0.01212931,0.001958144,0.02805912,0.001958144,0.04587716,0.03554885,0.02805912,0.03554885,0.03319647,0.01212931,0.01212931,0.03554885,0.02805912,0.001958144,
0.001958144,0.03319647,0.01212931,0.03554885,0.001958144,0.03554885,0.02805912,0.02805912,0.02805912,0.02805912,0.01212931,0.01212931,0.02805912,0.02805912,0.03319647,0.03554885,0.01212931,0.001958144,0.02805912,0.001958144,0.02805912,0.02805912,0.03319647,0.03554885,0.01212931,0.001958144,0.03319647,0.03554885,0.03554885,0.02805912,
0.03554885,0.03319647,0.02805912,0.02805912,0.02805912,0.02805912,0.02805912,0.02760899,0.001958144,0.02805912,0.03554885,0.001958144,0.02805912,0.02805912,0.001958144,0.001958144,0.03554885,0.02805912,0.03554885,0.01212931,0.03554885,0.001958144,0.03554885,0.01212931,0.02805912,0.02805912,0.001958144,0.01212931,0.02805912,0.03319647,
0.001958144,0.03554885,0.02805912,0.02760899,0.02805912,0.02805912,0.001958144,0.001958144,0.02805912,0.03554885,0.02760899,0.02805912,0.03554885,0.02805912,0.03554885,0.01223009,0.01212931,0.01212931,0.03554885,0.02805912,0.001958144,0.02805912,0.02805912,0.03554885,0.01212931,0.02805912,0.03554885,0.02805912,0.02805912,0.02805912,
0.01212931,0.01212931,0.02805912,0.001958144,0.02805912,0.001958144,0.02805912,0.02805912,0.02805912,0.001958144,0.02760899,0.02760899,0.02760899,0.02805912,0.02805912,0.02805912,0.01212931,0.03554885,0.02805912,0.02805912,0.03554885,0.02805912,0.03554885,0.02805912,0.001958144,0.02805912,0.001958144,0.03554885,0.01212931,0.02760899,
0.02760899,0.01212931,0.001958144,0.02805912,0.02805912,0.001958144,0.02805912,0.01212931,0.02760899,0.03641758,0.02760899,0.001958144,0.02805912,0.02805912,0.001958144,0.02805912,0.001958144,0.001958144,0.02805912,0.04882413,0.02760899,0.02805912,0.02805912,0.02805912,0.02805912,0.02760899,0.01212931,0.02760899,0.02760899,0.02805912,
0.02805912,0.001958144,0.001958144,0.04040238,0.02924669,0.01212931,0.001958144,0.0006389141,0.008279872,0.01212931,0.02805912,0.02805912,0.02760899,0.02760899,0.01212931,0.02805912,0.02805912,0.001958144,0.03641758,0.04882413,0.01212931,0.02760899,0.001958144,0.02760899,0.03949565,0.001958144,0.02805912,0.02805912,0.02760899,0.02760899,
0.02760899,0.02760899,0.001958144,0.01212931,0.03641758,0.001958144,0.02805912,0.01212931,0.0006389141,0.03949565,0.02805912,0.02760899,0.02805912,0.001958144,0.001958144,0.02805912,0.02760899,0.04040238,0.02805912,0.02805912,0.02805912,0.02805912,0.008279872,0.02760899,0.04040238,0.001958144,0.001958144,0.0006389141,0.001958144,0.01212931,
0.02805912,0.001958144,0.0006389141,0.001958144,0.001958144,0.0006389141,0.02760899,0.02760899,0.04040238,0.02805912,0.02805912,0.02805912,0.01212931,0.03641758,0.001958144,0.003980708,0.02805912,0.01212931,0.01212931,0.03949565,0.02805912,0.008279872,0.001958144,0.02760899,0.01212931,0.0006389141,0.02805912,0.03949565,0.04040238,0.0006389141,
0.0006389141,0.04040238,0.02760899,0.03949565,0.02805912,0.01212931,0.04040238,0.001958144,0.001958144,0.001958144,0.0006389141,0.02135631,0.001958144,0.04040238,0.0006389141,0.02805912,0.04040238,0.0006389141,0.001958144,0.001958144,0.003980708,0.01002678,0.02805912,0.02805912,0.02805912,0.02805912,0.003980708,0.02805912,0.01212931,0.04024747,
0.04040238,0.0006389141,0.003980708,0.04040238,0.001958144,0.001958144,0.01002678,0.02805912,0.03949565,0.04040238,0.0006389141,0.02135631,0.01400709,0.02760899,0.001958144,0.04040238,0.0006389141,0.04040238,0.003980708,0.003980708,0.001958144,0.04040238,0.02805912,0.02805912,0.001958144,0.005015635,0.003980708,0.04040238,0.04040238,0.02805912,
0.01002678,0.001958144,0.04040238,0.04040238,0.04040238,0.02760899,0.04040238,0.02805912,0.01002678,0.04040238,0.02805912,0.04040238,0.001958144,0.0006389141,0.003980708,0.0006389141,0.02760899,0.04040238,0.04040238,0.001958144,0.02135631,0.02805912,0.0006389141,0.02135631,0.01344484,0.04040238,0.04040238,0.04040238,0.003980708,0.001958144,
0.02135631,0.001958144,0.003980708,0.0006389141,0.04040238,0.04040238,0.04040238,0.04040238,0.02135631,0.0006389141,0.02135631,0.003924197,0.001958144,0.003980708,0.003980708,0.04620779,0.01344484,0.0006389141,0.01002678,0.02805912,0.02135631,0.0006389141,0.04040238,0.02805912,0.003980708,0.04040238,0.0006389141,0.04040238,0.04040238,0.001958144,
0.04040238,0.04040238,0.02805912,0.04040238,0.0006389141,0.003980708,0.003980708,0.0006389141,0.0006389141,0.02135631,0.001958144,0.02805912,0.001958144,0.0006389141,0.02135631,0.0006389141,0.003980708,0.01344484,0.02135631,0.04040238,0.01002678,0.02135631,0.0006389141,0.003980708,0.04040238,0.01344484,0.01344484,0.04040238,0.01002678,0.04040238,
0.02135631,0.01344484,0.0006389141,0.003980708,0.008805031,0.02135631,0.02135631,0.02135631,0.0006389141,0.02135631,0.02805912,0.02135631,0.04040238,0.001958144,0.02135631,0.0006389141,0.02135631,0.003980708,0.003980708,0.001958144,0.001958144,0.02135631,0.0006389141,0.001958144,0.01344484,0.0006389141,0.01344484,0.02805912,0.04040238,0.01002678,
0.02135631,0.0006389141,0.0006389141,0.0006389141,0.01344484,0.006774616,0.02135631,0.04040238,0.01002678,0.001958144,0.003158683,0.001958144,0.0006389141,0.008805031,0.0006389141,0.02135631,0.02135631,0.01344484,0.02135631,0.0006389141,0.02135631,0.02135631,0.02757168,0.02135631,0.02135631,0.008805031,0.0006389141,0.0006389141,0.003980708,0.02135631,
0.0006389141,0.008805031,0.02135631,0.0006389141,0.001958144,0.0006389141,0.001958144,0.0006389141,0.01002678,0.0006389141,0.008805031,0.02135631,0.0006389141,0.02135631,0.006774616,0.0006389141,0.0006389141,0.02135631,0.02135631,0.0006389141,0.006774616,0.0006389141,0.01344484,0.0006389141,0.0006389141,0.01344484,0.0006389141,0.02135631,0.0006389141,0.006774616,
0.006774616,0.0006389141,0.02135631,0.006774616,0.01002678,0.0006389141,0.006774616,0.0006389141,0.0006389141,0.02135631,0.008805031,0.03306083,0.02135631,0.0006389141,0.0006389141,0.008805031,0.0006389141,0.02135631,0.001958144,0.0006389141,0.01002678,0.001958144,0.008805031,0.0006389141,0.01344484,0.02135631,0.0006389141,0.006774616,0.01344484,0.0006389141,
0.0006389141,0.02135631,0.0006389141,0.01344484,0.006774616,0.001958144,0.0006389141,0.006774616,0.006774616,0.0006389141,0.0006389141,0.0006389141,0.001958144,0.01344484,0.03306083,0.02135631,0.01002678,0.04500774,0.0006389141,0.0006389141,0.02135631,0.0006389141,0.02135631,0.03306083,0.01344484,0.008805031,0.03306083,0.03306083,0.04617708,0.0006389141,
0.0006389141,0.02135631,0.0006389141,0.03306083,0.04500774,0.0006389141,0.0006389141,0.02135631,0.03306083,0.0006389141,0.03306083,0.008805031,0.0006389141,0.006774616,0.006774616,0.01002678,0.03306083,0.0006389141,0.03306083,0.02135631,0.0006389141,0.02135631,0.0006389141,0.01344484,0.0006389141,0.01344484,0.04617708,0.001958144,0.0006389141,0.006774616,
0.03306083,0.02135631,0.03306083,0.02135631,0.02135631,0.04617708,0.001958144,0.0006389141,0.0006389141,0.03306083,0.02135631,0.006774616,0.02135631,0.02135631,0.0006389141,0.0006389141,0.006774616,0.0006389141,0.0006389141,0.008805031,0.0006389141,0.0006389141,0.0006389141,0.02135631,0.0006389141,0.01002678,0.0006389141,0.01344484,0.0446544,0.04617708,
0.0006389141,0.0006389141,0.02135631,0.0006389141,0.02135631,0.03306083,0.01471233,0.0006389141,0.01344484,0.03306083,0.0446544,0.0006389141,0.0006389141,0.0446544,0.0006389141,0.0006389141,0.02135631,0.03306083,0.006774616,0.006774616,0.04617708,0.006774616,0.01344484,0.02135631,0.006774616,0.01344484,0.006774616,0.02135631,0.03306083,0.02135631,
0.02135631,0.03306083,0.04196346,0.04617708,0.04617708,0.0006389141,0.02135631,0.0006389141,0.0446544,0.01344484,0.003253806,0.03306083,0.006774616,0.0006389141,0.01344484,0.0006389141,0.01344484,0.0006389141,0.0006389141,0.006774616,0.03449452,0.0006389141,0.006774616,0.006774616,0.01344484,0.006774616,0.02135631,0.02135631,0.006774616,0.03306083,
0.0006389141,0.03306083,0.01344484,0.04617708,0.03306083,0.0006389141,0.0006389141,0.01344484,0.04196346,0.0006389141,0.0006389141,0.006774616,0.04410468,0.0006389141,0.006774616,0.0006389141,0.0006389141,0.02135631,0.01344484,0.03306083,0.006774616,0.0006389141,0.006774616,0.0446544,0.006774616,0.0006389141,0.006774616,0.006774616,0.0006389141,0.03306083,
0.0006389141,0.03306083,0.0006389141,0.04196346,0.006774616,0.006774616,0.006774616,0.02135631,0.006774616,0.03306083,0.0006389141,0.03306083,0.0006389141,0.0006389141,0.0368674,0.0006389141,0.006774616,0.02135631,0.003796375,0.03306083,0.006774616,0.0006389141,0.006774616,0.04196346,0.0006389141,0.01267298,0.0006389141,0.03306083,0.0006389141,0.006774616,
0.003796375,0.006774616,0.006774616,0.006774616,0.03306083,0.006774616,0.006774616,0.006774616,0.003796375,0.0006389141,0.02135631,0.01644767,0.03306083,0.006774616,0.01267298,0.0006389141,0.01267298,0.0006389141,0.006774616,0.02135631,0.0006389141,0.04196346,0.0006389141,0.006774616,0.006774616,0.006774616,0.006774616,0.0161855,0.006774616,0.0006389141,
0.006774616,0.0006389141,0.006774616,0.006774616,0.003796375,0.006774616,0.0006389141,0.02135631,0.04196346,0.0192567,0.0006389141,0.0006389141,0.01267298,0.02135631,0.04864925,0.006774616,0.02496193,0.006774616,0.006774616,0.02135631,0.006774616,0.006774616,0.006774616,0.03306083,0.0006389141,0.006774616,0.006774616,0.0006389141,0.02135631,0.006774616,
0.006774616,0.02135631,0.0006389141,0.006774616,0.02135631,0.006774616,0.006774616,0.006774616,0.006774616,0.02496193,0.02135631,0.006774616,0.006774616,0.02496193,0.0006389141,0.006774616,0.006774616,0.006774616,0.02496193,0.0006389141,0.006774616,0.006774616,0.0006389141,0.006774616,0.0192567,0.006774616,0.01267298,0.006774616,0.01267298,0.006774616,
0.006774616,0.02135631,0.006774616,0.006774616,0.02135631,0.0006389141,0.006774616,0.0006389141,0.0006389141,0.0192567,0.006774616,0.006774616,0.006774616,0.006774616,0.006774616,0.0006389141,0.006774616,0.006774616,0.006774616,0.02017748,0.0006389141,0.006774616,0.006774616,0.006774616,0.006774616,0.006774616,0.02106897,0.006774616,0.006774616,0.0006389141,
0.0006389141,0.02135631,0.0006389141,0.006774616,0.0006389141,0.006774616,0.0192567,0.006774616,0.006774616,0.006774616,0.006774616,0.006774616,0.0006389141,0.006774616,0.006774616,0.0192567,0.006774616,0.0006389141,0.006774616,0.006774616,0.006774616,0.006774616,0.006774616,0.04138459,0.006774616,0.006774616,0.006774616,0.0006389141,0.006774616,0.0006389141,
0.0006389141,0.006774616,0.0006389141,0.0192567,0.006774616,0.0006389141,0.006774616,0.006774616,0.0006389141,0.0288263,0.006774616,0.006774616,0.006774616,0.0006389141,0.006774616,0.006774616,0.0006389141,0.02135631,0.006774616,0.0192567,0.0006389141,0.006774616,0.0006389141,0.03352584,0.006774616,0.006774616,0.006774616,0.0006389141,0.04138459,0.006774616,
0.006774616,0.006774616,0.006774616,0.0006389141,0.0006389141,0.006774616,0.0006389141,0.006774616,0.04327494,0.0006389141,0.0006389141,0.006774616,0.0006389141,0.02135631,0.0006389141,0.006774616,0.03352584,0.0006389141,0.03352584,0.02135631,0.0192567,0.0192567,0.0288263,0.02135631,0.04138459,0.0192567,0.0006389141,0.0399043,0.006774616,0.006774616,
0.006774616,0.0399043,0.0288263,0.006774616,0.0006389141,0.006774616,0.0192567,0.0192567,0.006774616,0.0006389141,0.006774616,0.0006389141,0.0006389141,0.0192567,0.0006389141,0.0399043,0.0006389141,0.03352584,0.02135631,0.03352584,0.02135631,0.0192567,0.0006389141,0.006774616,0.04327494,0.006774616,0.006774616,0.02135631,0.02135631,0.006774616,
0.0006389141,0.0006389141,0.006774616,0.0006389141,0.0288263,0.006774616,0.0006389141,0.0006389141,0.006774616,0.0006389141,0.006774616,0.0399043,0.006774616,0.0192567,0.0006389141,0.0399043,0.0399043,0.006774616,0.03352584,0.006774616,0.006774616,0.0006389141,0.006774616,0.0399043,0.006774616,0.003202164,0.0006389141,0.0006389141,0.006774616,0.02135631,
0.0006389141,0.0006389141,0.0006389141,0.0399043,0.0006389141,0.0399043,0.03352584,0.0006389141,0.0399043,0.006774616,0.0399043,0.0006389141,0.03352584,0.0288263,0.0006389141,0.0006389141,0.0399043,0.006774616,0.03352584,0.02135631,0.006774616,0.0006389141,0.006774616,0.006774616,0.003202164,0.0399043,0.006774616,0.0006389141,0.006774616,0.006774616,
0.0006389141,0.0006389141,0.006774616,0.0006389141,0.03352584,0.006774616,0.0399043,0.006774616,0.0399043,0.006774616,0.0006389141,0.03352584,0.006774616,0.006774616,0.0006389141,0.006774616,0.006774616,0.0006389141,0.0006389141,0.006774616,0.0399043,0.02135631,0.0006389141,0.006774616,0.0006389141,0.0006389141,0.02298528,0.006774616,0.006774616,0.006774616,
0.0399043,0.006774616,0.006774616,0.0006389141,0.0006389141,0.0006389141,0.02298528,0.02298528,0.0006389141,0.0399043,0.03352584,0.0399043,0.006774616,0.03352584,0.0006389141,0.0006389141,0.006774616,0.006774616,0.006774616,0.006774616,0.006774616,0.006774616,0.006774616,0.03352584,0.0006389141,0.0006389141,0.006774616,0.0006389141,0.0399043,0.006774616,
0.006774616,0.006774616,0.0399043,0.0006389141,0.0399043,0.006774616,0.0006389141,0.03352584,0.006774616,0.006774616,0.006774616,0.0006389141,0.006774616,0.006774616,0.02298528,0.003589022,0.006774616,0.03352584,0.006774616,0.006774616,0.0006389141,0.0006389141,0.02298528,0.006774616,0.006774616,0.006774616,0.006774616,0.0399043,0.02298528,0.0006389141,
0.0006389141,0.02298528,0.006774616,0.0006389141,0.006774616,0.0006389141,0.0399043,0.006774616,0.03352584,0.02298528,0.006774616,0.02298528,0.006774616,0.03352584,0.0006389141,0.0006389141,0.006774616,0.006774616,0.003589022,0.01336728,0.006774616,0.03352584,0.0399043,0.03352584,0.04734831,0.006774616,0.006774616,0.02298528,0.006774616,0.006774616,
0.03352584,0.0006389141,0.02298528,0.0006389141,0.0006389141,0.006774616,0.006774616,0.0399043,0.006774616,0.006774616,0.006774616,0.02298528,0.006774616,0.0399043,0.02298528,0.006774616,0.0006389141,0.006774616,0.02298528,0.03352584,0.006774616,0.006774616,0.02298528,0.006774616,0.0006389141,0.0399043,0.0399043,0.03352584,0.03352584,0.003589022,
0.0006389141,0.03352584,0.0006389141,0.006774616,0.006774616,0.006774616,0.02298528,0.006774616,0.006774616,0.006774616,0.0399043,0.01595655,0.006774616,0.006774616,0.006774616,0.006774616,0.02298528,0.006774616,0.006774616,0.03286433,0.02298528,0.006774616,0.0399043,0.006774616,0.006774616,0.03352584,0.006774616,0.006774616,0.0006389141,0.02298528,
0.0399043,0.006774616,0.03601351,0.02298528,0.0006389141,0.006774616,0.01595655,0.0006389141,0.006774616,0.006774616,0.006774616,0.006774616,0.006774616,0.006774616,0.006774616,0.006774616,0.006774616,0.006774616,0.0006389141,0.006774616,0.0399043,0.0399043,0.0399043,0.02298528,0.006774616,0.006774616,0.006774616,0.0006389141,0.006774616,0.0006389141,
0.006774616,0.006774616,0.02298528,0.006774616,0.0006389141,0.0006389141,0.007590759,0.03601351,0.0399043,0.006774616,0.03601351,0.006774616,0.006774616,0.006774616,0.03601351,0.006774616,0.006774616,0.006774616,0.0006389141,0.006774616,0.01142382,0.006774616,0.006774616,0.0006389141,0.006774616,0.006774616,0.006774616,0.0399043,0.006774616,0.02298528,
0.03601351,0.006774616,0.0006389141,0.006774616,0.006774616,0.006774616,0.0399043,0.02298528,0.0006389141,0.006774616,0.006774616,0.006774616,0.0399043,0.006774616,0.006774616,0.006774616,0.006774616,0.0006389141,0.006774616,0.006774616,0.02298528,0.008650988,0.0399043,0.006774616,0.006774616,0.007590759,0.03601351,0.02408463,0.006774616,0.02298528,
0.0006389141,0.006774616,0.006774616,0.02298528,0.006774616,0.008650988,0.006774616,0.0399043,0.006774616,0.03601351,0.006774616,0.006774616,0.006774616,0.006774616,0.006774616,0.04858557,0.0242176,0.0006389141,0.02408463,0.006774616,0.006774616,0.03601351,0.006774616,0.03601351,0.006774616,0.006774616,0.006774616,0.006774616,0.006774616,0.006774616,
0.006774616,0.006774616,0.04858557,0.006774616,0.006774616,0.006774616,0.02408463,0.04858557,0.006774616,0.006774616,0.0399043,0.006774616,0.03601351,0.006774616,0.006774616,0.02408463,0.03601351,0.0006389141,0.04858557,0.006774616,0.0242176,0.006774616,0.006774616,0.006774616,0.006774616,0.03601351,0.006774616,0.006774616,0.006774616,0.006774616,
0.006774616,0.006774616,0.006774616,0.006774616,0.006774616,0.0006389141,0.03222787,0.006774616,0.006774616,0.006774616,0.03601351,0.006774616,0.006774616,0.006774616,0.006774616,0.006774616,0.006774616,0.006774616,0.04858557,0.0006389141,0.006774616,0.02408463,0.006774616,0.006774616,0.02408463,0.006774616,0.006774616,0.0399043,0.006774616,0.006774616,
0.03222787,0.0006389141,0.04580746,0.03601351,0.0399043,0.006774616,0.006774616,0.03222787,0.006774616,0.006774616,0.006774616,0.006774616,0.006774616,0.03222787,0.006774616,0.006774616,0.04858557,0.006774616,0.006774616,0.006774616,0.006774616,0.006774616,0.006774616,0.006774616,0.006774616,0.006774616,0.006774616,0.006774616,0.006774616,0.006774616,
0.006774616,0.006774616,0.006774616,0.006774616,0.03222787,0.04858557,0.006774616,0.0006389141,0.006774616,0.03222787,0.006774616,0.0006389141,0.003858048,0.006774616,0.03222787,0.006774616,0.006774616,0.006774616,0.006774616,0.006774616,0.006774616,0.006774616,0.03222787,0.01870353,0.006774616,0.03601351,0.006774616,0.006774616,0.006774616,0.006774616,
0.006774616,0.006774616,0.03601351,0.006774616,0.006774616,0.03222787,0.03222787,0.006774616,0.006774616,0.006774616,0.03222787,0.006774616,0.03222787,0.006774616,0.006774616,0.006774616,0.006774616,0.006774616,0.006774616,0.0006389141,0.006774616,0.006774616,0.008887785,0.006774616,0.006774616,0.03222787,0.006774616,0.006774616,0.03222787,0.006774616,
0.008887785,0.006774616,0.006774616,0.006774616,0.006774616,0.03222787,0.006774616,0.0006389141,0.03222787,0.008887785,0.006774616,0.006774616,0.03918279,0.008887785,0.006774616,0.006774616,0.006774616,0.006774616,0.006774616,0.006774616,0.006774616,0.03222787,0.0006389141,0.006774616,0.03222787,0.006774616,0.006774616,0.006774616,0.008887785,0.03222787,
0.006774616,0.006774616,0.006774616,0.006774616,0.03222787,0.006774616,0.03222787,0.008887785,0.006774616,0.03222787,0.006774616,0.03222787,0.03222787,0.006774616,0.006774616,0.03918279,0.03222787,0.008887785,0.006774616,0.006774616,0.008887785,0.03222787,0.006774616,0.006774616,0.008887785,0.03222787,0.006774616,0.008887785,0.006774616,0.03222787,
0.006774616,0.008887785,0.006774616,0.03222787,0.008887785,0.006774616,0.008887785,0.006774616,0.03222787,0.03222787,0.03222787,0.006774616,0.006774616,0.008887785,0.03222787,0.006774616,0.03222787,0.03040406,0.006774616,0.006774616,0.006774616,0.006774616,0.003935713,0.006774616,0.008887785,0.006774616,0.03222787,0.03222787,0.008887785,0.03918279,
0.03918279,0.008887785,0.006774616,0.006774616,0.006774616,0.003699893,0.006774616,0.006774616,0.006774616,0.006774616,0.008887785,0.006774616,0.03222787,0.006774616,0.03222787,0.003935713,0.006774616,0.03222787,0.006774616,0.03918279,0.006774616,0.008887785,0.006774616,0.006774616,0.03918279,0.03222787,0.008887785,0.003796065,0.03793669,0.04787985,
0.006774616,0.03918279,0.006774616,0.006774616,0.006774616,0.006774616,0.03104587,0.02781712,0.03918279,0.006774616,0.006774616,0.03222787,0.006774616,0.006774616,0.003796065,0.006774616,0.03918279,0.006774616,0.04787985,0.006774616,0.03222787,0.006774616,0.003796065,0.008887785,0.008887785,0.03222787,0.006774616,0.03222787,0.008887785,0.006774616,
0.006774616,0.03918279,0.006774616,0.006774616,0.0489633,0.03918279,0.006774616,0.006774616,0.03918279,0.008887785,0.03222787,0.006774616,0.006774616,0.006774616,0.006774616,0.01370473,0.03222787,0.006774616,0.006774616,0.006774616,0.006774616,0.008887785,0.006774616,0.006774616,0.006774616,0.006774616,0.03222787,0.04341068,0.006774616,0.008887785,
0.01370473,0.03222787,0.008887785,0.03222787,0.006774616,0.04341068,0.006774616,0.006774616,0.006774616,0.0489633,0.03918279,0.006774616,0.03918279,0.03222787,0.006774616,0.006774616,0.006774616,0.006774616,0.008887785,0.006774616,0.006774616,0.006774616,0.008887785,0.006774616,0.04341068,0.006774616,0.006774616,0.006774616,0.006774616,0.006774616,
0.01370473,0.03222787,0.006774616,0.006774616,0.006774616,0.03222787,0.006774616,0.03904156,0.008887785,0.008887785,0.01370473,0.04341068,0.008887785,0.006774616,0.006774616,0.03918279,0.006774616,0.006774616,0.006774616,0.03222787,0.006774616,0.006774616,0.006774616,0.006774616,0.006774616,0.006774616,0.006774616,0.006774616,0.03918279,0.006774616,
0.006774616,0.01370473,0.008887785,0.006774616,0.006774616,0.03904156,0.006774616,0.006774616,0.006774616,0.006774616,0.008887785,0.008887785,0.01370473,0.008887785,0.006774616,0.01370473,0.006774616,0.006774616,0.006774616,0.006774616,0.006774616,0.006774616,0.006774616,0.006774616,0.006774616,0.006774616,0.006774616,0.006774616,0.006774616,0.006774616,
0.006774616,0.006774616,0.008887785,0.008887785,0.006774616,0.006774616,0.006774616,0.006774616,0.03904156,0.03904156,0.006774616,0.006774616,0.006774616,0.006774616,0.006774616,0.006774616,0.006774616,0.006774616,0.008887785,0.006774616,0.006774616,0.01370473,0.01370473,0.006774616,0.006774616,0.03530365,0.006774616,0.01370473,0.006774616,0.006774616,
0.006774616,0.008887785,0.008887785,0.008887785,0.01370473,0.006774616,0.006774616,0.006774616,0.006774616,0.006774616,0.01370473,0.006774616,0.01370473,0.006774616,0.006774616,0.006774616,0.01370473,0.006774616,0.03904156,0.006774616,0.03904156,0.006774616,0.01370473,0.006774616,0.01370473,0.006774616,0.03904156,0.006774616,0.006774616,0.006774616,
0.006774616,0.006774616,0.006774616,0.03904156,0.01370473,0.0495499,0.006774616,0.006774616,0.006774616,0.008887785,0.006774616,0.006774616,0.006774616,0.006774616,0.006774616,0.03904156,0.01370473,0.008887785,0.006774616,0.008887785,0.01370473,0.006774616,0.006774616,0.006774616,0.006774616,0.01370473,0.01370473,0.006774616,0.01370473,0.01370473,
0.01370473,0.03904156,0.006774616,0.006774616,0.01370473,0.006774616,0.006774616,0.006774616,0.006774616,0.03904156,0.01370473,0.006774616,0.006774616,0.006774616,0.04210238,0.01370473,0.01370473,0.01370473,0.006774616,0.01370473,0.006774616,0.006774616,0.006774616,0.006774616,0.0495499,0.01370473,0.006774616,0.006774616,0.006774616,0.008887785,
0.006774616,0.01370473,0.006774616,0.006774616,0.03904156,0.006774616,0.006774616,0.01370473,0.006774616,0.006774616,0.01370473,0.03904156,0.01370473,0.006774616,0.006774616,0.006774616,0.04210238,0.006774616,0.0495499,0.006774616,0.006774616,0.006774616,0.006774616,0.006774616,0.006774616,0.006774616,0.006774616,0.006774616,0.006774616,0.006774616,
0.006774616,0.006774616,0.006774616,0.006774616,0.02842853,0.006774616,0.006774616,0.006774616,0.01370473,0.006774616,0.006774616,0.006774616,0.006774616,0.006774616,0.03904156,0.006774616,0.006774616,0.006774616,0.006774616,0.006774616,0.005884713,0.006774616,0.03904156,0.006774616,0.01370473,0.04210238,0.006774616,0.006774616,0.006774616,0.006774616,
0.03904156,0.006774616,0.006774616,0.006774616,0.006774616,0.02842853,0.006774616,0.006774616,0.006774616,0.006774616,0.01949451,0.006774616,0.006774616,0.006774616,0.006774616,0.006774616,0.006774616,0.02842853,0.006774616,0.006774616,0.006774616,0.006774616,0.006774616,0.01370473,0.006774616,0.006774616,0.04930767,0.006774616,0.01370473,0.04978427,
0.01370473,0.04978427,0.006774616,0.02842853,0.006774616,0.006774616,0.02842853,0.006774616,0.006774616,0.006774616,0.006774616,0.006774616,0.006774616,0.006774616,0.006774616,0.006774616,0.006774616,0.02842853,0.01370473,0.04978427,0.006774616,0.006774616,0.006774616,0.006774616,0.006774616,0.01949451,0.01370473,0.006774616,0.01949451,0.006774616,
0.006774616,0.02842853,0.04978427,0.006774616,0.006774616,0.006774616,0.01370473,0.006774616,0.006774616,0.006774616,0.006774616,0.02842853,0.01949451,0.006774616,0.02842853,0.01949451,0.006774616,0.006774616,0.006774616,0.006774616,0.02842853,0.006774616,0.01949451,0.01370473,0.006774616,0.006774616,0.006774616,0.006774616,0.006774616,0.006774616,
0.006774616,0.006774616,0.006774616,0.006774616,0.006774616,0.04978427,0.01370473,0.006774616,0.006774616,0.006774616,0.01949451,0.006774616,0.006774616,0.006774616,0.006774616,0.006774616,0.02842853,0.01949451,0.01949451,0.006774616,0.02842853,0.006774616,0.006774616,0.006774616,0.02842853,0.006774616,0.01949451,0.006774616,0.006774616,0.006774616,
